{
  "id": 62,
  "name": "1 John",
  "chapters": [
    {
      "id": 1,
      "verses": [
        {
          "id": 1,
          "number": 1,
          "text": "Was von Anfang war, was wir gehört, was wir mit unsren Augen gesehen haben, was wir beschaut und was unsre Hände betastet haben, vom Wort des Lebens",
          "words": []
        },
        {
          "id": 2,
          "number": 2,
          "text": "und das Leben ist erschienen, und wir haben gesehen und bezeugen und verkündigen euch das ewige Leben, welches bei dem Vater war und uns erschienen ist;",
          "words": []
        },
        {
          "id": 3,
          "number": 3,
          "text": "was wir gesehen und gehört haben, das verkündigen wir euch, damit auch ihr Gemeinschaft mit uns habet. Und unsere Gemeinschaft ist mit dem Vater und mit seinem Sohne Jesus Christus.",
          "words": []
        },
        {
          "id": 4,
          "number": 4,
          "text": "Und solches schreiben wir euch, damit eure Freude vollkommen sei.",
          "words": []
        },
        {
          "id": 5,
          "number": 5,
          "text": "Und das ist die Botschaft, die wir von ihm gehört haben und euch verkündigen, daß Gott Licht ist und in ihm gar keine Finsternis ist.",
          "words": []
        },
        {
          "id": 6,
          "number": 6,
          "text": "Wenn wir sagen, daß wir Gemeinschaft mit ihm haben, und doch in der Finsternis wandeln, so lügen wir und tun nicht die Wahrheit;",
          "words": []
        },
        {
          "id": 7,
          "number": 7,
          "text": "wenn wir aber im Lichte wandeln, wie er im Lichte ist, so haben wir Gemeinschaft miteinander, und das Blut Jesu Christi, seines Sohnes, reinigt uns von aller Sünde.",
          "words": []
        },
        {
          "id": 8,
          "number": 8,
          "text": "Wenn wir sagen, wir haben keine Sünde, so verführen wir uns selbst, und die Wahrheit ist nicht in uns;",
          "words": []
        },
        {
          "id": 9,
          "number": 9,
          "text": "wenn wir aber unsere Sünden bekennen, so ist er treu und gerecht, daß er uns die Sünden vergibt und uns reinigt von aller Ungerechtigeit.",
          "words": []
        },
        {
          "id": 10,
          "number": 10,
          "text": "Wenn wir sagen, wir haben nicht gesündigt, so machen wir ihn zum Lügner, und sein Wort ist nicht in uns.",
          "words": []
        }
      ]
    },
    {
      "id": 2,
      "verses": [
        {
          "id": 1,
          "number": 1,
          "text": "Meine Kindlein, solches schreibe ich euch, damit ihr nicht sündiget! Und wenn jemand sündigt, so haben wir einen Fürsprecher bei dem Vater, Jesus Christus, den Gerechten;",
          "words": []
        },
        {
          "id": 2,
          "number": 2,
          "text": "und er ist das Sühnopfer für unsre Sünden, aber nicht nur für die unsren, sondern auch für die der ganzen Welt.",
          "words": []
        },
        {
          "id": 3,
          "number": 3,
          "text": "Und daran erkennen wir, daß wir ihn erkannt haben, wenn wir seine Gebote halten.",
          "words": []
        },
        {
          "id": 4,
          "number": 4,
          "text": "Wer da sagt: Ich habe ihn erkannt, und hält doch seine Gebote nicht, der ist ein Lügner, und in einem solchen ist die Wahrheit nicht;",
          "words": []
        },
        {
          "id": 5,
          "number": 5,
          "text": "wer aber sein Wort hält, in dem ist wahrlich die Liebe zu Gott vollkommen geworden. Daran erkennen wir, daß wir in ihm sind.",
          "words": []
        },
        {
          "id": 6,
          "number": 6,
          "text": "Wer da sagt, er bleibe in ihm, der ist verpflichtet, auch selbst so zu wandeln, wie jener gewandelt ist.",
          "words": []
        },
        {
          "id": 7,
          "number": 7,
          "text": "Geliebte, ich schreibe euch nicht ein neues Gebot, sondern ein altes Gebot, das ihr von Anfang an hattet; das alte Gebot ist das Wort, das ihr von Anfang an gehört habt.",
          "words": []
        },
        {
          "id": 8,
          "number": 8,
          "text": "Und doch schreibe ich euch ein neues Gebot, was wahr ist in Ihm und in euch; denn die Finsternis vergeht, und das wahre Licht scheint schon.",
          "words": []
        },
        {
          "id": 9,
          "number": 9,
          "text": "Wer da sagt, daß er im Lichte sei, und doch seinen Bruder haßt, der ist noch immer in der Finsternis.",
          "words": []
        },
        {
          "id": 10,
          "number": 10,
          "text": "Wer seinen Bruder liebt, der bleibt im Licht, und nichts Anstößiges ist an ihm;",
          "words": []
        },
        {
          "id": 11,
          "number": 11,
          "text": "wer aber seinen Bruder haßt, der ist in der Finsternis und wandelt in der Finsternis und weiß nicht, wohin er geht, weil die Finsternis seine Augen geblendet hat.",
          "words": []
        },
        {
          "id": 12,
          "number": 12,
          "text": "Kindlein, ich schreibe euch, weil euch die Sünden vergeben sind um seines Namens willen;",
          "words": []
        },
        {
          "id": 13,
          "number": 13,
          "text": "ich schreibe euch Vätern, weil ihr den erkannt habt, der von Anfang an ist; ich schreibe euch Jünglingen, weil ihr den Bösen überwunden habt.",
          "words": []
        },
        {
          "id": 14,
          "number": 14,
          "text": "Euch Kindern habe ich geschrieben, weil ihr den Vater erkannt habt; euch Vätern habe ich geschrieben, weil ihr den erkannt habt, der von Anfang an ist; euch Jünglingen habe ich geschrieben, weil ihr stark seid und das Wort Gottes in euch bleibt und ihr den Bösen überwunden habt.",
          "words": []
        },
        {
          "id": 15,
          "number": 15,
          "text": "Habt nicht lieb die Welt, noch was in der Welt ist! Wenn jemand die Welt lieb hat, so ist die Liebe zum Vater nicht in ihm.",
          "words": []
        },
        {
          "id": 16,
          "number": 16,
          "text": "Denn alles, was in der Welt ist, die Fleischeslust, die Augenlust und das hoffärtige Leben, kommt nicht vom Vater her, sondern von der Welt,",
          "words": []
        },
        {
          "id": 17,
          "number": 17,
          "text": "und die Welt vergeht mit ihrer Lust; wer aber den Willen Gottes tut, der bleibt in Ewigkeit.",
          "words": []
        },
        {
          "id": 18,
          "number": 18,
          "text": "Kinder, es ist die letzte Stunde! Und wie ihr gehört habt, daß der Antichrist kommt, so sind nun viele Antichristen geworden; daran erkennen wir, daß es die letzte Stunde ist.",
          "words": []
        },
        {
          "id": 19,
          "number": 19,
          "text": "Sie sind von uns ausgegangen, aber sie waren nicht von uns; denn wenn sie von uns gewesen wären, so wären sie bei uns geblieben. Aber es sollte offenbar werden, daß nicht alle von uns sind.",
          "words": []
        },
        {
          "id": 20,
          "number": 20,
          "text": "Und ihr habt die Salbung von dem Heiligen und wisset alles.",
          "words": []
        },
        {
          "id": 21,
          "number": 21,
          "text": "Ich habe euch nicht geschrieben, als kenntet ihr die Wahrheit nicht, sondern weil ihr sie kennet und weil keine Lüge aus der Wahrheit kommt.",
          "words": []
        },
        {
          "id": 22,
          "number": 22,
          "text": "Wer ist der Lügner, wenn nicht der, welcher leugnet, daß Jesus der Christus sei? Das ist der Antichrist, der den Vater und den Sohn leugnet!",
          "words": []
        },
        {
          "id": 23,
          "number": 23,
          "text": "Wer den Sohn leugnet, der hat auch den Vater nicht; wer den Sohn bekennt, der hat auch den Vater.",
          "words": []
        },
        {
          "id": 24,
          "number": 24,
          "text": "Was ihr von Anfang an gehört habt, das bleibe in euch! Wenn in euch bleibt, was ihr von Anfang an gehört habt, so werdet auch ihr in dem Sohne und in dem Vater bleiben.",
          "words": []
        },
        {
          "id": 25,
          "number": 25,
          "text": "Und das ist die Verheißung, die er uns verheißen hat: das ewige Leben.",
          "words": []
        },
        {
          "id": 26,
          "number": 26,
          "text": "Solches habe ich euch geschrieben betreffs derer, die euch verführen.",
          "words": []
        },
        {
          "id": 27,
          "number": 27,
          "text": "Und die Salbung, die ihr von ihm empfangen habt, bleibt in euch, und ihr bedürfet nicht, daß euch jemand lehre; sondern so, wie euch die Salbung selbst über alles belehrt, ist es wahr und keine Lüge, und wie sie euch belehrt hat, so bleibet darin!",
          "words": []
        },
        {
          "id": 28,
          "number": 28,
          "text": "Und nun, Kindlein, bleibet in ihm, damit, wenn er erscheint, wir Freudigkeit haben und uns nicht schämen müssen vor ihm bei seiner Wiederkunft.",
          "words": []
        },
        {
          "id": 29,
          "number": 29,
          "text": "Wenn ihr wisset, daß er gerecht ist, so erkennet auch, daß jeder, der die Gerechtigkeit übt, von Ihm geboren ist.",
          "words": []
        }
      ]
    },
    {
      "id": 3,
      "verses": [
        {
          "id": 1,
          "number": 1,
          "text": "Sehet, welch eine Liebe hat uns der Vater erzeigt, daß wir Gottes Kinder heißen sollen! Darum erkennt uns die Welt nicht, weil sie Ihn nicht erkannt hat.",
          "words": []
        },
        {
          "id": 2,
          "number": 2,
          "text": "Geliebte, wir sind nun Gottes Kinder, und noch ist nicht offenbar geworden, was wir sein werden; wir wissen aber, daß, wenn Er offenbar werden wird, wir Ihm ähnlich sein werden; denn wir werden Ihn sehen, wie er ist.",
          "words": []
        },
        {
          "id": 3,
          "number": 3,
          "text": "Und ein jeglicher, der diese Hoffnung auf ihn hat, reinigt sich, gleichwie auch Er rein ist.",
          "words": []
        },
        {
          "id": 4,
          "number": 4,
          "text": "Ein jeder, der Sünde tut, übertritt das Gesetz, und die Sünde ist die Gesetzesübertretung.",
          "words": []
        },
        {
          "id": 5,
          "number": 5,
          "text": "Und ihr wisset, daß Er erschienen ist, um die Sünden wegzunehmen; und in ihm ist keine Sünde.",
          "words": []
        },
        {
          "id": 6,
          "number": 6,
          "text": "Wer in Ihm bleibt, sündigt nicht; wer sündigt, hat Ihn nicht gesehen und nicht erkannt.",
          "words": []
        },
        {
          "id": 7,
          "number": 7,
          "text": "Kindlein, niemand verführe euch! Wer die Gerechtigkeit übt, der ist gerecht, gleichwie Er gerecht ist. Wer die Sünde tut, der ist vom Teufel; denn der Teufel sündigt von Anfang an.",
          "words": []
        },
        {
          "id": 8,
          "number": 8,
          "text": "Dazu ist der Sohn Gottes erschienen, daß er die Werke des Teufels zerstöre.",
          "words": []
        },
        {
          "id": 9,
          "number": 9,
          "text": "Keiner, der aus Gott geboren ist, tut Sünde; denn Sein Same bleibt in ihm, und er kann nicht sündigen, weil er aus Gott geboren ist.",
          "words": []
        },
        {
          "id": 10,
          "number": 10,
          "text": "Daran sind die Kinder Gottes und die Kinder des Teufels offenbar: Wer nicht Gerechtigkeit übt, der ist nicht von Gott, ebenso wer seinen Bruder nicht liebt.",
          "words": []
        },
        {
          "id": 11,
          "number": 11,
          "text": "Denn das ist die Botschaft, die ihr von Anfang an gehört habt, daß wir einander lieben sollen;",
          "words": []
        },
        {
          "id": 12,
          "number": 12,
          "text": "nicht wie Kain, der von dem Argen war und seinen Bruder erschlug! Und warum erschlug er ihn? Weil seine Werke böse waren, die seines Bruders aber gerecht.",
          "words": []
        },
        {
          "id": 13,
          "number": 13,
          "text": "Verwundert euch nicht, Brüder, wenn euch die Welt haßt!",
          "words": []
        },
        {
          "id": 14,
          "number": 14,
          "text": "Wir wissen, daß wir aus dem Tode zum Leben gelangt sind; denn wir lieben die Brüder. Wer nicht liebt, bleibt im Tode.",
          "words": []
        },
        {
          "id": 15,
          "number": 15,
          "text": "Jeder, der seinen Bruder haßt, ist ein Totschläger; und ihr wisset, daß kein Totschläger ewiges Leben bleibend in sich hat.",
          "words": []
        },
        {
          "id": 16,
          "number": 16,
          "text": "Daran haben wir die Liebe erkannt, daß er sein Leben für uns eingesetzt hat; auch wir sind schuldig, für die Brüder das Leben einzusetzen.",
          "words": []
        },
        {
          "id": 17,
          "number": 17,
          "text": "Wer aber den zeitlichen Lebensunterhalt hat und seinen Bruder darben sieht und sein Herz vor ihm zuschließt, wie bleibt die Liebe Gottes in ihm?",
          "words": []
        },
        {
          "id": 18,
          "number": 18,
          "text": "Kindlein, lasset uns nicht mit Worten lieben, noch mit der Zunge, sondern in der Tat und Wahrheit!",
          "words": []
        },
        {
          "id": 19,
          "number": 19,
          "text": "Daran erkennen wir, daß wir aus der Wahrheit sind, und damit werden wir unsre Herzen vor Ihm stillen,",
          "words": []
        },
        {
          "id": 20,
          "number": 20,
          "text": "daß, wenn unser Herz uns verdammt, Gott größer ist als unser Herz und alles weiß.",
          "words": []
        },
        {
          "id": 21,
          "number": 21,
          "text": "Geliebte, wenn unser Herz uns nicht verdammt, so haben wir Freimütigkeit zu Gott;",
          "words": []
        },
        {
          "id": 22,
          "number": 22,
          "text": "und was wir bitten, empfangen wir von ihm, weil wir seine Gebote halten und tun, was vor ihm wohlgefällig ist.",
          "words": []
        },
        {
          "id": 23,
          "number": 23,
          "text": "Und das ist sein Gebot, daß wir glauben an den Namen seines Sohnes Jesus Christus und einander lieben, nach dem Gebot, das er uns gegeben hat.",
          "words": []
        },
        {
          "id": 24,
          "number": 24,
          "text": "Und wer seine Gebote hält, der bleibt in Ihm und Er in ihm; und daran erkennen wir, daß Er in uns bleibt: an dem Geiste, den er uns gegeben hat.",
          "words": []
        }
      ]
    },
    {
      "id": 4,
      "verses": [
        {
          "id": 1,
          "number": 1,
          "text": "Geliebte, glaubet nicht jedem Geist, sondern prüfet die Geister, ob sie von Gott sind! Denn es sind viele falsche Propheten hinausgegangen in die Welt.",
          "words": []
        },
        {
          "id": 2,
          "number": 2,
          "text": "Daran erkennet ihr den Geist Gottes: Jeder Geist, der bekennt: «Jesus ist der im Fleisch gekommene Christus», der ist von Gott;",
          "words": []
        },
        {
          "id": 3,
          "number": 3,
          "text": "und jeder Geist, der Jesus nicht bekennt, der ist nicht von Gott. Und das ist der Geist des Antichrists, von welchem ihr gehört habt, daß er kommt; und jetzt schon ist er in der Welt.",
          "words": []
        },
        {
          "id": 4,
          "number": 4,
          "text": "Kindlein, ihr seid aus Gott und habt jene überwunden, weil der in euch größer ist als der in der Welt.",
          "words": []
        },
        {
          "id": 5,
          "number": 5,
          "text": "Sie sind von der Welt; darum reden sie von der Welt, und die Welt hört auf sie.",
          "words": []
        },
        {
          "id": 6,
          "number": 6,
          "text": "Wir sind aus Gott. Wer Gott kennt, hört auf uns; wer nicht aus Gott ist, hört nicht auf uns. Daran erkennen wir den Geist der Wahrheit und den Geist des Irrtums.",
          "words": []
        },
        {
          "id": 7,
          "number": 7,
          "text": "Geliebte, lasset uns einander lieben! Denn die Liebe ist aus Gott, und wer liebt, der ist aus Gott geboren und kennt Gott.",
          "words": []
        },
        {
          "id": 8,
          "number": 8,
          "text": "Wer nicht liebt, kennt Gott nicht; denn Gott ist Liebe.",
          "words": []
        },
        {
          "id": 9,
          "number": 9,
          "text": "Darin ist die Liebe Gottes zu uns geoffenbart worden, daß Gott seinen eingeborenen Sohn in die Welt gesandt hat, damit wir durch ihn leben möchten.",
          "words": []
        },
        {
          "id": 10,
          "number": 10,
          "text": "Darin besteht die Liebe, nicht daß wir Gott geliebt haben, sondern daß Er uns geliebt und seinen Sohn gesandt hat als Sühnopfer für unsre Sünden.",
          "words": []
        },
        {
          "id": 11,
          "number": 11,
          "text": "Geliebte, wenn Gott uns so geliebt hat, so sind auch wir schuldig, einander zu lieben.",
          "words": []
        },
        {
          "id": 12,
          "number": 12,
          "text": "Niemand hat Gott je gesehen; wenn wir einander lieben, so bleibt Gott in uns, und seine Liebe ist in uns vollkommen geworden.",
          "words": []
        },
        {
          "id": 13,
          "number": 13,
          "text": "Daran erkennen wir, daß wir in Ihm bleiben und Er in uns, daß er uns von seinem Geiste gegeben hat.",
          "words": []
        },
        {
          "id": 14,
          "number": 14,
          "text": "Und wir haben gesehen und bezeugen, daß der Vater den Sohn gesandt hat als Retter der Welt.",
          "words": []
        },
        {
          "id": 15,
          "number": 15,
          "text": "Wer nun bekennt, daß Jesus der Sohn Gottes ist, in dem bleibt Gott und er in Gott.",
          "words": []
        },
        {
          "id": 16,
          "number": 16,
          "text": "Und wir haben erkannt und geglaubt die Liebe, die Gott zu uns hat; Gott ist Liebe, und wer in der Liebe bleibt, der bleibt in Gott und Gott in ihm.",
          "words": []
        },
        {
          "id": 17,
          "number": 17,
          "text": "Darin ist die Liebe bei uns vollkommen geworden, daß wir Freimütigkeit haben am Tage des Gerichts, denn gleichwie Er ist, so sind auch wir in dieser Welt.",
          "words": []
        },
        {
          "id": 18,
          "number": 18,
          "text": "Furcht ist nicht in der Liebe, sondern die völlige Liebe treibt die Furcht aus, denn die Furcht macht Pein; wer sich aber fürchtet, ist nicht vollkommen geworden in der Liebe.",
          "words": []
        },
        {
          "id": 19,
          "number": 19,
          "text": "Wir lieben, weil er uns zuerst geliebt hat.",
          "words": []
        },
        {
          "id": 20,
          "number": 20,
          "text": "Wenn jemand sagt: Ich liebe Gott, und seinen Bruder doch haßt, so ist er ein Lügner; denn wer seinen Bruder nicht liebt, den er sieht, der kann Gott nicht lieben, den er nicht sieht!",
          "words": []
        },
        {
          "id": 21,
          "number": 21,
          "text": "Und dieses Gebot haben wir von ihm, daß, wer Gott liebt, auch seinen Bruder lieben soll.",
          "words": []
        }
      ]
    },
    {
      "id": 5,
      "verses": [
        {
          "id": 1,
          "number": 1,
          "text": "Jeder, der glaubt, daß Jesus der Christus ist, ist aus Gott geboren; und wer Den liebt, der ihn geboren hat, der liebt auch den, der aus Ihm geboren ist.",
          "words": []
        },
        {
          "id": 2,
          "number": 2,
          "text": "Daran erkennen wir, daß wir Gottes Kinder lieben, wenn wir Gott lieben und seine Gebote befolgen.",
          "words": []
        },
        {
          "id": 3,
          "number": 3,
          "text": "Denn das ist die Liebe zu Gott, daß wir seine Gebote halten, und seine Gebote sind nicht schwer.",
          "words": []
        },
        {
          "id": 4,
          "number": 4,
          "text": "Denn alles, was aus Gott geboren ist, überwindet die Welt; und unser Glaube ist der Sieg, der die Welt überwunden hat.",
          "words": []
        },
        {
          "id": 5,
          "number": 5,
          "text": "Wer ist es, der die Welt überwindet, wenn nicht der, welcher glaubt, daß Jesus der Sohn Gottes ist?",
          "words": []
        },
        {
          "id": 6,
          "number": 6,
          "text": "Er ist es, der mit Wasser und Blut gekommen ist, Jesus Christus; nicht mit Wasser allein, sondern mit Wasser und Blut.",
          "words": []
        },
        {
          "id": 7,
          "number": 7,
          "text": "Und der Geist ist es, der bezeugt, weil der Geist die Wahrheit ist.",
          "words": []
        },
        {
          "id": 8,
          "number": 8,
          "text": "Denn drei sind es, die bezeugen: der Geist und das Wasser und das Blut, und die drei sind einig.",
          "words": []
        },
        {
          "id": 9,
          "number": 9,
          "text": "Wenn wir das Zeugnis der Menschen annehmen, so ist das Zeugnis Gottes größer; denn das ist das Zeugnis Gottes, daß er von seinem Sohne Zeugnis abgelegt hat.",
          "words": []
        },
        {
          "id": 10,
          "number": 10,
          "text": "Wer an den Sohn Gottes glaubt, der hat das Zeugnis in sich; wer Gott nicht glaubt, hat ihn zum Lügner gemacht, weil er nicht an das Zeugnis geglaubt hat, welches Gott von seinem Sohne abgelegt hat.",
          "words": []
        },
        {
          "id": 11,
          "number": 11,
          "text": "Und darin besteht das Zeugnis, daß uns Gott ewiges Leben gegeben hat, und dieses Leben ist in seinem Sohne.",
          "words": []
        },
        {
          "id": 12,
          "number": 12,
          "text": "Wer den Sohn hat, der hat das Leben; wer den Sohn Gottes nicht hat, der hat das Leben nicht.",
          "words": []
        },
        {
          "id": 13,
          "number": 13,
          "text": "Solches habe ich euch geschrieben, damit ihr wisset, daß ihr ewiges Leben habt, die ihr an den Namen des Sohnes Gottes glaubt.",
          "words": []
        },
        {
          "id": 14,
          "number": 14,
          "text": "Und das ist die Freimütigkeit, die wir ihm gegenüber haben, daß, wenn wir seinem Willen gemäß um etwas bitten, er uns hört.",
          "words": []
        },
        {
          "id": 15,
          "number": 15,
          "text": "Und wenn wir wissen, daß er uns hört, um was wir auch bitten, so wissen wir, daß wir das Erbetene haben, das wir von ihm erbeten haben.",
          "words": []
        },
        {
          "id": 16,
          "number": 16,
          "text": "Wenn jemand seinen Bruder sündigen sieht, eine Sünde nicht zum Tode, so soll er bitten, und Er wird ihm Leben geben, solchen, die nicht zum Tode sündigen. Es gibt eine Sünde zum Tode; daß man für eine solche bitten soll, sage ich nicht!",
          "words": []
        },
        {
          "id": 17,
          "number": 17,
          "text": "Jede Ungerechtigkeit ist Sünde; aber es gibt Sünde; nicht zum Tode.",
          "words": []
        },
        {
          "id": 18,
          "number": 18,
          "text": "Wir wissen, daß jeder, der aus Gott geboren ist, nicht sündigt; sondern wer aus Gott geboren ist, hütet sich, und der Arge tastet ihn nicht an.",
          "words": []
        },
        {
          "id": 19,
          "number": 19,
          "text": "Wir wissen, daß wir aus Gott sind und die ganze Welt im argen liegt;",
          "words": []
        },
        {
          "id": 20,
          "number": 20,
          "text": "wir wissen aber, daß der Sohn Gottes gekommen ist und uns einen Sinn gegeben hat, daß wir den Wahrhaftigen erkennen. Und wir sind in dem Wahrhaftigen, in seinem Sohne Jesus Christus. Dieser ist der wahrhaftige Gott und das ewige Leben.",
          "words": []
        },
        {
          "id": 21,
          "number": 21,
          "text": "Kindlein, hütet euch vor den Abgöttern!",
          "words": []
        }
      ]
    }
  ]
}