{
  "id": 60,
  "name": "1 Peter",
  "chapters": [
    {
      "id": 1,
      "verses": [
        {
          "id": 1,
          "number": 1,
          "text": "Petrus, Apostel Jesu Christi, an die auserwählten Fremdlinge in der Zerstreuung, in Pontus, Galatien, Kappadozien, Asien und Bithynien,",
          "words": []
        },
        {
          "id": 2,
          "number": 2,
          "text": "nach der Vorsehung Gottes des Vaters, in der Heiligung des Geistes, zum Gehorsam und zur Besprengung mit dem Blute Jesu Christi; Gnade und Friede widerfahre euch mehr und mehr!",
          "words": []
        },
        {
          "id": 3,
          "number": 3,
          "text": "Gelobt sei der Gott und Vater unsres Herrn Jesus Christus, der uns nach seiner großen Barmherzigkeit wiedergeboren hat zu einer lebendigen Hoffnung durch die Auferstehung Jesu Christi von den Toten,",
          "words": []
        },
        {
          "id": 4,
          "number": 4,
          "text": "zu einem unvergänglichen und unbefleckten und unverwelklichen Erbe, das im Himmel aufbehalten wird für euch,",
          "words": []
        },
        {
          "id": 5,
          "number": 5,
          "text": "die ihr in Gottes Macht durch den Glauben bewahrt werdet zu dem Heil, das bereit ist, geoffenbart zu werden in der letzten Zeit;",
          "words": []
        },
        {
          "id": 6,
          "number": 6,
          "text": "in welcher ihr frohlocken werdet, die ihr jetzt ein wenig, wo es sein muß, traurig seid in mancherlei Anfechtungen,",
          "words": []
        },
        {
          "id": 7,
          "number": 7,
          "text": "damit die Bewährung eures Glaubens, die viel kostbarer ist als die des vergänglichen Goldes (das durchs Feuer erprobt wird), Lob, Preis und Ehre zur Folge habe bei der Offenbarung Jesu Christi;",
          "words": []
        },
        {
          "id": 8,
          "number": 8,
          "text": "welchen ihr nicht gesehen und doch lieb habt, an welchen ihr jetzt glaubet, ohne ihn zu sehen, und über den ihr euch freuen werdet mit unaussprechlicher und herrlicher Freude,",
          "words": []
        },
        {
          "id": 9,
          "number": 9,
          "text": "wenn ihr das Endziel eures Glaubens davontraget, der Seelen Seligkeit!",
          "words": []
        },
        {
          "id": 10,
          "number": 10,
          "text": "Nach dieser Seligkeit suchten und forschten die Propheten, die von der euch widerfahrenen Gnade geweissagt haben.",
          "words": []
        },
        {
          "id": 11,
          "number": 11,
          "text": "Sie forschten, auf welche und welcherlei Zeit der Geist Christi in ihnen hindeute, der die für Christus bestimmten Leiden und die darauf folgende Herrlichkeit zuvor bezeugte.",
          "words": []
        },
        {
          "id": 12,
          "number": 12,
          "text": "Ihnen wurde geoffenbart, daß sie nicht sich selbst, sondern euch dienten mit dem, was euch nunmehr durch die verkündigt worden ist, welche euch das Evangelium durch den vom Himmel gesandten heiligen Geist gepredigt haben, Dinge, in welche auch die Engel hineinzuschauen gelüstet.",
          "words": []
        },
        {
          "id": 13,
          "number": 13,
          "text": "Darum umgürtet die Lenden eures Gemütes, seid nüchtern und setzet eure Hoffnung ganz auf die Gnade, die euch dargeboten wird in der Offenbarung Jesu Christi.",
          "words": []
        },
        {
          "id": 14,
          "number": 14,
          "text": "Als gehorsame Kinder gewöhnet euch nicht wieder die Begierden an, denen ihr früher in eurer Unwissenheit fröntet;",
          "words": []
        },
        {
          "id": 15,
          "number": 15,
          "text": "sondern wie der, welcher euch berufen hat, heilig ist, werdet auch ihr heilig in eurem ganzen Wandel.",
          "words": []
        },
        {
          "id": 16,
          "number": 16,
          "text": "Denn es steht geschrieben: «Ihr sollt heilig sein! Denn ich bin heilig.»",
          "words": []
        },
        {
          "id": 17,
          "number": 17,
          "text": "Und wenn ihr den als Vater anrufet, der ohne Ansehen der Person richtet nach eines jeglichen Werk, so führet euren Wandel, solange ihr hier wallet, mit Furcht,",
          "words": []
        },
        {
          "id": 18,
          "number": 18,
          "text": "da ihr ja wisset, daß ihr nicht mit vergänglichen Dingen, mit Silber oder Gold, losgekauft worden seid von eurem eitlen, von den Vätern überlieferten Wandel,",
          "words": []
        },
        {
          "id": 19,
          "number": 19,
          "text": "sondern mit dem kostbaren Blute Christi, als eines unschuldigen und unbefleckten Lammes,",
          "words": []
        },
        {
          "id": 20,
          "number": 20,
          "text": "der zwar zuvor ersehen war vor Grundlegung der Welt, aber geoffenbart wurde am Ende der Zeiten um euretwillen,",
          "words": []
        },
        {
          "id": 21,
          "number": 21,
          "text": "die ihr durch ihn gläubig seid an Gott, der ihn von den Toten auferweckt und ihm Herrlichkeit gegeben hat, so daß euer Glaube auch Hoffnung ist auf Gott.",
          "words": []
        },
        {
          "id": 22,
          "number": 22,
          "text": "Nachdem ihr eure Seelen durch Gehorsam gegen die Wahrheit gereinigt habt zu ungeheuchelter Bruderliebe, so liebet einander nachhaltig und von Herzen,",
          "words": []
        },
        {
          "id": 23,
          "number": 23,
          "text": "als die da wiedergeboren sind nicht aus vergänglichem, sondern aus unvergänglichem Samen, durch das lebendige und bleibende Gotteswort!",
          "words": []
        },
        {
          "id": 24,
          "number": 24,
          "text": "Denn «alles Fleisch ist wie Gras und alle seine Herrlichkeit wie des Grases Blume. Das Gras ist verdorrt und die Blume abgefallen; aber des Herrn Wort bleibt in Ewigkeit.»",
          "words": []
        },
        {
          "id": 25,
          "number": 25,
          "text": "Das ist aber das Wort, welches euch als frohe Botschaft verkündigt worden ist.",
          "words": []
        }
      ]
    },
    {
      "id": 2,
      "verses": [
        {
          "id": 1,
          "number": 1,
          "text": "So leget nun ab alle Bosheit und allen Betrug und Heuchelei und Neid und alle Verleumdungen,",
          "words": []
        },
        {
          "id": 2,
          "number": 2,
          "text": "und seid als neugeborene Kindlein begierig nach der vernünftigen, unverfälschten Milch, damit ihr durch sie zunehmet zum Heil,",
          "words": []
        },
        {
          "id": 3,
          "number": 3,
          "text": "wenn ihr anders geschmeckt habt, daß der Herr freundlich ist.",
          "words": []
        },
        {
          "id": 4,
          "number": 4,
          "text": "Da ihr zu ihm gekommen seid, als zu dem lebendigen Stein, der von den Menschen zwar verworfen, bei Gott aber auserwählt und köstlich ist,",
          "words": []
        },
        {
          "id": 5,
          "number": 5,
          "text": "so lasset auch ihr euch nun aufbauen als lebendige Steine zum geistlichen Hause, zum heiligen Priestertum, um geistliche Opfer zu opfern, die Gott angenehm sind durch Jesus Christus.",
          "words": []
        },
        {
          "id": 6,
          "number": 6,
          "text": "Darum steht in der Schrift: «Siehe, ich lege in Zion einen auserwählten, wertvollen Eckstein; und wer an ihn glaubt, soll nicht zuschanden werden.»",
          "words": []
        },
        {
          "id": 7,
          "number": 7,
          "text": "Für euch nun, die ihr glaubet, hat er Wert; für die Ungläubigen aber ist der Stein, den die Bauleute verworfen haben und der zum Eckstein geworden ist, ein Stein des Anstoßens und ein Fels des Ärgernisses.",
          "words": []
        },
        {
          "id": 8,
          "number": 8,
          "text": "Sie stoßen sich, weil sie dem Wort nicht glauben, wozu sie auch gesetzt sind.",
          "words": []
        },
        {
          "id": 9,
          "number": 9,
          "text": "Ihr aber seid ein auserwähltes Geschlecht, ein königliches Priestertum, ein heiliges Volk, ein Volk des Eigentums, damit ihr die Tugenden dessen verkündiget, der euch aus der Finsternis zu seinem wunderbaren Licht berufen hat,",
          "words": []
        },
        {
          "id": 10,
          "number": 10,
          "text": "die ihr einst nicht ein Volk waret, nun aber Gottes Volk seid, und einst nicht begnadigt waret, nun aber begnadigt seid.",
          "words": []
        },
        {
          "id": 11,
          "number": 11,
          "text": "Geliebte, ich ermahne euch als Fremdlinge und Pilgrime: Enthaltet euch von den fleischlichen Lüsten, welche wider die Seele streiten;",
          "words": []
        },
        {
          "id": 12,
          "number": 12,
          "text": "und führet einen guten Wandel unter den Heiden, damit sie da, wo sie euch als Übeltäter verleumden, doch auf Grund der guten Werke, die sie sehen, Gott preisen am Tage der Untersuchung.",
          "words": []
        },
        {
          "id": 13,
          "number": 13,
          "text": "Seid untertan aller menschlichen Ordnung,",
          "words": []
        },
        {
          "id": 14,
          "number": 14,
          "text": "um des Herrn willen, es sei dem König als dem Oberhaupt, oder den Statthaltern als seinen Gesandten zur Bestrafung der Übeltäter und zum Lobe derer, die Gutes tun.",
          "words": []
        },
        {
          "id": 15,
          "number": 15,
          "text": "Denn das ist der Wille Gottes, daß ihr durch Gutestun den unverständigen und unwissenden Menschen den Mund stopfet;",
          "words": []
        },
        {
          "id": 16,
          "number": 16,
          "text": "als Freie, und nicht als hättet ihr die Freiheit zum Deckmantel der Bosheit, sondern als Knechte Gottes.",
          "words": []
        },
        {
          "id": 17,
          "number": 17,
          "text": "Ehret jedermann, liebet die Bruderschaft, fürchtet Gott, ehret den König!",
          "words": []
        },
        {
          "id": 18,
          "number": 18,
          "text": "Die Hausknechte seien mit aller Furcht den Herren untertan, nicht nur den guten und milden, sondern auch den wunderlichen!",
          "words": []
        },
        {
          "id": 19,
          "number": 19,
          "text": "Denn das ist Gnade, wenn jemand aus Gewissenhaftigkeit gegen Gott Kränkungen erträgt, indem er Unrecht leidet.",
          "words": []
        },
        {
          "id": 20,
          "number": 20,
          "text": "Denn was ist das für ein Ruhm, wenn ihr Streiche erduldet, weil ihr gefehlt habt? Wenn ihr aber für Gutestun leidet und es erduldet, das ist Gnade bei Gott.",
          "words": []
        },
        {
          "id": 21,
          "number": 21,
          "text": "Denn dazu seid ihr berufen, weil auch Christus für euch gelitten und euch ein Vorbild hinterlassen hat, daß ihr seinen Fußstapfen nachfolget.",
          "words": []
        },
        {
          "id": 22,
          "number": 22,
          "text": "«Er hat keine Sünde getan, es ist auch kein Betrug in seinem Munde erfunden worden»;",
          "words": []
        },
        {
          "id": 23,
          "number": 23,
          "text": "er schalt nicht, da er gescholten ward, er drohte nicht, da er litt, sondern übergab es dem, der gerecht richtet;",
          "words": []
        },
        {
          "id": 24,
          "number": 24,
          "text": "er hat unsere Sünden selbst hinaufgetragen an seinem Leibe auf das Holz, damit wir, der Sünde gestorben, der Gerechtigkeit leben möchten; «durch seine Wunden seid ihr heil geworden.»",
          "words": []
        },
        {
          "id": 25,
          "number": 25,
          "text": "Denn ihr waret «wie irrende Schafe», nun aber seid ihr bekehrt zu dem Hirten und Hüter eurer Seelen.",
          "words": []
        }
      ]
    },
    {
      "id": 3,
      "verses": [
        {
          "id": 1,
          "number": 1,
          "text": "Gleicherweise sollen auch die Frauen ihren eigenen Männern untertan sein, damit, wenn auch etliche dem Worte nicht glauben, sie durch der Frauen Wandel ohne Wort gewonnen werden,",
          "words": []
        },
        {
          "id": 2,
          "number": 2,
          "text": "wenn sie euren in Furcht keuschen Wandel ansehen.",
          "words": []
        },
        {
          "id": 3,
          "number": 3,
          "text": "Euer Schmuck soll nicht der äußerliche sein, mit Haarflechten und Goldumhängen und Kleideranlegen,",
          "words": []
        },
        {
          "id": 4,
          "number": 4,
          "text": "sondern der verborgene Mensch des Herzens mit dem unvergänglichen Schmuck des sanften und stillen Geistes, welcher vor Gott wertvoll ist.",
          "words": []
        },
        {
          "id": 5,
          "number": 5,
          "text": "Denn so haben sich einst auch die heiligen Frauen geschmückt, welche ihre Hoffnung auf Gott setzten und ihren Männern untertan waren,",
          "words": []
        },
        {
          "id": 6,
          "number": 6,
          "text": "wie Sara dem Abraham gehorchte und ihn «Herr» nannte; deren Töchter ihr geworden seid, wenn ihr Gutes tut und euch durch keine Drohung abschrecken lasset.",
          "words": []
        },
        {
          "id": 7,
          "number": 7,
          "text": "Und ihr Männer, wohnet mit Vernunft bei dem weiblichen Teil als dem schwächeren und erweiset ihnen Ehre als solchen, die auch Miterben der Gnade des Lebens sind, und damit eure Gebete nicht gehindert werden.",
          "words": []
        },
        {
          "id": 8,
          "number": 8,
          "text": "Endlich aber seid alle gleichgesinnt, mitleidig, brüderlich, barmherzig, demütig!",
          "words": []
        },
        {
          "id": 9,
          "number": 9,
          "text": "Vergeltet nicht Böses mit Bösem, oder Scheltwort mit Scheltwort, sondern im Gegenteil segnet, weil ihr dazu berufen seid, daß ihr Segen ererbet.",
          "words": []
        },
        {
          "id": 10,
          "number": 10,
          "text": "Denn «wem das Leben lieb ist und wer gute Tage sehen will, der bewahre seine Zunge vor Bösem und seine Lippen, daß sie nicht trügen;",
          "words": []
        },
        {
          "id": 11,
          "number": 11,
          "text": "er wende sich vom Bösen und tue Gutes, er suche den Frieden und jage ihm nach!",
          "words": []
        },
        {
          "id": 12,
          "number": 12,
          "text": "Denn die Augen des Herrn sehen auf die Gerechten, und seine Ohren merken auf ihr Flehen; das Angesicht des Herrn aber ist gegen die gerichtet, welche Böses tun.»",
          "words": []
        },
        {
          "id": 13,
          "number": 13,
          "text": "Und wer will euch schaden, wenn ihr euch des Guten befleißiget?",
          "words": []
        },
        {
          "id": 14,
          "number": 14,
          "text": "Aber wenn ihr auch um Gerechtigkeit willen zu leiden habt, seid ihr selig. Ihr Drohen aber fürchtet nicht und erschrecket nicht; sondern heiliget den Herrn Christus in euren Herzen!",
          "words": []
        },
        {
          "id": 15,
          "number": 15,
          "text": "und seid allezeit bereit zur Verantwortung gegen jedermann, der Rechenschaft fordert über die Hoffnung, die in euch ist,",
          "words": []
        },
        {
          "id": 16,
          "number": 16,
          "text": "aber mit Sanftmut und Furcht; und habet ein gutes Gewissen, damit die, welche euren guten Wandel in Christus verlästern, zuschanden werden mit ihren Verleumdungen.",
          "words": []
        },
        {
          "id": 17,
          "number": 17,
          "text": "Denn es ist besser, wenn der Wille Gottes es so haben will, ihr leidet für Gutestun, als für Bösestun.",
          "words": []
        },
        {
          "id": 18,
          "number": 18,
          "text": "Denn auch Christus hat einmal für Sünden gelitten, ein Gerechter für Ungerechte, auf daß er uns zu Gott führte, und er wurde getötet nach dem Fleisch, aber lebendig gemacht nach dem Geist,",
          "words": []
        },
        {
          "id": 19,
          "number": 19,
          "text": "in welchem er auch hinging und den Geistern im Gefängnis predigte,",
          "words": []
        },
        {
          "id": 20,
          "number": 20,
          "text": "die einst nicht gehorchten, als Gottes Langmut zuwartete in den Tagen Noahs, während die Arche zugerichtet wurde, in welcher wenige, nämlich acht Seelen, hindurchgerettet wurden durchs Wasser.",
          "words": []
        },
        {
          "id": 21,
          "number": 21,
          "text": "Als Abbild davon rettet nun auch uns die Taufe, welche nicht ein Abtun fleischlichen Schmutzes ist, sondern die an Gott gerichtete Bitte um ein gutes Gewissen, durch die Auferstehung Jesu Christi,",
          "words": []
        },
        {
          "id": 22,
          "number": 22,
          "text": "welcher seit seiner Himmelfahrt zur Rechten Gottes ist, wo ihm Engel und Gewalten und Kräfte untertan sind.",
          "words": []
        }
      ]
    },
    {
      "id": 4,
      "verses": [
        {
          "id": 1,
          "number": 1,
          "text": "Da nun Christus am Fleische gelitten hat, so wappnet auch ihr euch mit derselben Gesinnung; denn wer am Fleische gelitten hat, der hat mit den Sünden abgeschlossen,",
          "words": []
        },
        {
          "id": 2,
          "number": 2,
          "text": "um die noch verbleibende Zeit im Fleische nicht mehr den Lüsten der Menschen, sondern dem Willen Gottes zu leben.",
          "words": []
        },
        {
          "id": 3,
          "number": 3,
          "text": "Denn es ist genug, daß ihr die vergangene Zeit des Lebens nach heidnischem Willen zugebracht habt, indem ihr euch gehen ließet in Ausschweifungen, Lüsten, Trunksucht, Schmausereien, Zechgelagen und unerlaubtem Götzendienst.",
          "words": []
        },
        {
          "id": 4,
          "number": 4,
          "text": "Das befremdet sie, daß ihr nicht mitlaufet in denselben heillosen Schlamm, und darum lästern sie;",
          "words": []
        },
        {
          "id": 5,
          "number": 5,
          "text": "sie werden aber dem Rechenschaft geben müssen, der bereit ist zu richten die Lebendigen und die Toten.",
          "words": []
        },
        {
          "id": 6,
          "number": 6,
          "text": "Denn dazu ist auch Toten das Evangelium verkündigt worden, daß sie gerichtet werden als Menschen am Fleisch, aber Gott gemäß leben im Geist.",
          "words": []
        },
        {
          "id": 7,
          "number": 7,
          "text": "Es ist aber nahe gekommen das Ende aller Dinge. So seid nun verständig und nüchtern zum Gebet.",
          "words": []
        },
        {
          "id": 8,
          "number": 8,
          "text": "Vor allem aber habet gegeneinander nachhaltige Liebe; denn die Liebe deckt eine Menge von Sünden.",
          "words": []
        },
        {
          "id": 9,
          "number": 9,
          "text": "Seid gastfrei gegeneinander ohne Murren!",
          "words": []
        },
        {
          "id": 10,
          "number": 10,
          "text": "Dienet einander, ein jeder mit der Gabe, die er empfangen hat, als gute Haushalter der mannigfachen Gnade Gottes:",
          "words": []
        },
        {
          "id": 11,
          "number": 11,
          "text": "Wenn jemand redet, so rede er es als Gottes Wort; wenn jemand dient, so tue er es als aus dem Vermögen, das Gott darreicht, auf daß in allem Gott verherrlicht werde durch Jesus Christus, welchem die Herrlichkeit und die Gewalt gehört von Ewigkeit zu Ewigkeit! Amen.",
          "words": []
        },
        {
          "id": 12,
          "number": 12,
          "text": "Geliebte, lasset euch die unter euch entstandene Feuerprobe nicht befremden, als widerführe euch etwas Fremdartiges;",
          "words": []
        },
        {
          "id": 13,
          "number": 13,
          "text": "sondern je mehr ihr der Leiden Christi teilhaftig seid, freuet euch, damit ihr auch bei der Offenbarung seiner Herrlichkeit frohlocken könnt.",
          "words": []
        },
        {
          "id": 14,
          "number": 14,
          "text": "Selig seid ihr, wenn ihr um des Namens Christi willen geschmäht werdet! Denn der Geist der Herrlichkeit und Gottes ruht auf euch; bei ihnen ist er verlästert, bei euch aber gepriesen.",
          "words": []
        },
        {
          "id": 15,
          "number": 15,
          "text": "Niemand aber unter euch leide als Mörder oder Dieb oder Übeltäter, oder weil er sich in fremde Dinge mischt;",
          "words": []
        },
        {
          "id": 16,
          "number": 16,
          "text": "leidet er aber als Christ, so schäme er sich nicht, verherrliche aber Gott mit diesem Namen!",
          "words": []
        },
        {
          "id": 17,
          "number": 17,
          "text": "Denn es ist Zeit, daß das Gericht anfange am Hause Gottes; wenn aber zuerst bei uns, wie wird das Ende derer sein, die sich von dem Evangelium Gottes nicht überzeugen lassen?",
          "words": []
        },
        {
          "id": 18,
          "number": 18,
          "text": "Und wenn der Gerechte kaum gerettet wird, wo will der Gottlose und Sünder erscheinen?",
          "words": []
        },
        {
          "id": 19,
          "number": 19,
          "text": "So mögen denn die, welche nach Gottes Willen leiden, dem treuen Schöpfer ihre Seelen anbefehlen und dabei tun, was recht ist.",
          "words": []
        }
      ]
    },
    {
      "id": 5,
      "verses": [
        {
          "id": 1,
          "number": 1,
          "text": "Die Ältesten unter euch ermahne ich nun als Mitältester und Zeuge der Leiden Christi, aber auch als Mitgenosse der Herrlichkeit, die geoffenbart werden soll:",
          "words": []
        },
        {
          "id": 2,
          "number": 2,
          "text": "Weidet die Herde Gottes bei euch, nicht gezwungen, sondern freiwillig, nicht aus schnöder Gewinnsucht, sondern aus Zuneigung,",
          "words": []
        },
        {
          "id": 3,
          "number": 3,
          "text": "nicht als Herrscher über die euch zugewiesenen Seelen , sondern als Vorbilder der Herde!",
          "words": []
        },
        {
          "id": 4,
          "number": 4,
          "text": "So werdet ihr, wenn der Oberhirt erscheint, den unverwelklichen Ehrenkranz davontragen!",
          "words": []
        },
        {
          "id": 5,
          "number": 5,
          "text": "Gleicherweise ihr Jüngeren, seid untertan den Ältesten; umschürzet euch aber alle gegenseitig mit der Demut! Denn «Gott widersteht den Hoffärtigen, aber den Demütigen gibt er Gnade».",
          "words": []
        },
        {
          "id": 6,
          "number": 6,
          "text": "So demütiget euch nun unter die gewaltige Hand Gottes, damit er euch erhöhe zu seiner Zeit!",
          "words": []
        },
        {
          "id": 7,
          "number": 7,
          "text": "Alle eure Sorge werfet auf ihn; denn er sorgt für euch!",
          "words": []
        },
        {
          "id": 8,
          "number": 8,
          "text": "Seid nüchtern und wachet! Euer Widersacher, der Teufel, geht umher wie ein brüllender Löwe und sucht, wen er verschlingen könne;",
          "words": []
        },
        {
          "id": 9,
          "number": 9,
          "text": "dem widerstehet, fest im Glauben, da ihr wisset, daß eure Brüder in der Welt die gleichen Leiden erdulden.",
          "words": []
        },
        {
          "id": 10,
          "number": 10,
          "text": "Der Gott aller Gnade aber, der euch zu seiner ewigen Herrlichkeit in Christus berufen hat, wird euch selbst nach kurzem Leiden zubereiten, festigen, stärken, gründen.",
          "words": []
        },
        {
          "id": 11,
          "number": 11,
          "text": "Sein ist die Kraft von Ewigkeit zu Ewigkeit! Amen.",
          "words": []
        },
        {
          "id": 12,
          "number": 12,
          "text": "Durch Silvanus, der, wie ich glaube, euch ein treuer Bruder ist, habe ich euch in Kürze geschrieben, um euch zu ermahnen und zu bezeugen, daß dies die wahre Gnade Gottes ist, in welcher ihr stehet.",
          "words": []
        },
        {
          "id": 13,
          "number": 13,
          "text": "Es grüßt euch die Mitauserwählte in Babylon und Markus, mein Sohn. Grüßet einander mit dem Kuß der Liebe!",
          "words": []
        },
        {
          "id": 14,
          "number": 14,
          "text": "Friede sei mit euch allen, die in Christus Jesus sind!",
          "words": []
        }
      ]
    }
  ]
}