{
  "id": 52,
  "name": "1 Thessalonians",
  "chapters": [
    {
      "id": 1,
      "verses": [
        {
          "id": 1,
          "number": 1,
          "text": "Paulus und Silvanus und Timotheus an die Gemeinde der Thessalonicher in Gott, dem Vater und dem Herrn Jesus Christus: Gnade sei mit euch und Friede von Gott, unsrem Vater und dem Herrn Jesus Christus!",
          "words": []
        },
        {
          "id": 2,
          "number": 2,
          "text": "Wir danken Gott allezeit für euch alle, wenn wir euch erwähnen in unsren Gebeten,",
          "words": []
        },
        {
          "id": 3,
          "number": 3,
          "text": "da wir uns unablässig erinnern an euer Glaubenswerk und eure Liebesarbeit und euer Beharren in der Hoffnung auf unsren Herrn Jesus Christus, vor unsrem Gott und Vater.",
          "words": []
        },
        {
          "id": 4,
          "number": 4,
          "text": "Denn wir wissen, von Gott geliebte Brüder, um eure Erwählung:",
          "words": []
        },
        {
          "id": 5,
          "number": 5,
          "text": "daß unser Evangelium nicht nur im Wort zu euch kam, sondern auch in Kraft und im heiligen Geist und in großer Gewißheit, wie ihr ja wisset, wie wir unter euch gewesen sind um euretwillen.",
          "words": []
        },
        {
          "id": 6,
          "number": 6,
          "text": "Und ihr seid unsere und des Herrn Nachfolger geworden, indem ihr das Wort unter viel Trübsal aufnahmet mit Freude des heiligen Geistes,",
          "words": []
        },
        {
          "id": 7,
          "number": 7,
          "text": "so daß ihr Vorbilder geworden seid für alle Gläubigen in Mazedonien und Achaja.",
          "words": []
        },
        {
          "id": 8,
          "number": 8,
          "text": "Denn von euch aus ist das Wort des Herrn erschollen, nicht nur in Mazedonien und Achaja; sondern allerorten ist es kund geworden, wie ihr an Gott glaubet, so daß wir nicht nötig haben, davon zu reden;",
          "words": []
        },
        {
          "id": 9,
          "number": 9,
          "text": "denn sie selbst erzählen von uns, wie wir bei euch Eingang gefunden und wie ihr euch von den Abgöttern zu Gott bekehrt habt, um dem lebendigen und wahren Gott zu dienen",
          "words": []
        },
        {
          "id": 10,
          "number": 10,
          "text": "und seinen Sohn vom Himmel zu erwarten, welchen er von den Toten auferweckt hat, Jesus, der uns vor dem zukünftigen Zorn errettet.",
          "words": []
        }
      ]
    },
    {
      "id": 2,
      "verses": [
        {
          "id": 1,
          "number": 1,
          "text": "Denn ihr wisset selbst, Brüder, daß unser Eingang bei euch nicht vergeblich war;",
          "words": []
        },
        {
          "id": 2,
          "number": 2,
          "text": "sondern, wiewohl wir zuvor gelitten hatten und mißhandelt worden waren zu Philippi, wie ihr wisset, gewannen wir dennoch Freudigkeit in unsrem Gott, bei euch das Evangelium Gottes zu verkünden unter viel Kampf.",
          "words": []
        },
        {
          "id": 3,
          "number": 3,
          "text": "Denn unsre Predigt entspringt nicht dem Irrtum, noch unreinen Absichten, auch keinem Betrug;",
          "words": []
        },
        {
          "id": 4,
          "number": 4,
          "text": "sondern gleichwie wir von Gott geprüft und mit dem Evangelium betraut worden sind, so reden wir, nicht als solche, die den Menschen gefallen wollen, sondern Gott, der unsre Herzen prüft.",
          "words": []
        },
        {
          "id": 5,
          "number": 5,
          "text": "Denn wir sind nie mit Schmeichelworten gekommen, wie ihr wisset, noch mit verblümter Habsucht (Gott ist Zeuge);",
          "words": []
        },
        {
          "id": 6,
          "number": 6,
          "text": "wir haben auch nicht Ehre von Menschen gesucht, weder von euch noch von andern,",
          "words": []
        },
        {
          "id": 7,
          "number": 7,
          "text": "da wir doch als Apostel Christi würdevoll hätten auftreten können, sondern wir benahmen uns liebevoll in eurer Mitte, wie eine stillende Mutter ihre Kinder pflegt.",
          "words": []
        },
        {
          "id": 8,
          "number": 8,
          "text": "Und wir sehnten uns so sehr nach euch, daß wir willig waren, euch nicht nur das Evangelium Gottes mitzuteilen, sondern auch unsre Seelen, weil ihr uns lieb geworden waret.",
          "words": []
        },
        {
          "id": 9,
          "number": 9,
          "text": "Denn ihr erinnert euch, ihr Brüder, unsrer Arbeit und Mühe; wir arbeiteten Tag und Nacht, um niemand von euch beschwerlich zu fallen, und predigten euch dabei das Evangelium Gottes.",
          "words": []
        },
        {
          "id": 10,
          "number": 10,
          "text": "Ihr selbst seid Zeugen, und Gott, wie heilig, gerecht und untadelig wir bei euch, den Gläubigen, gewesen sind,",
          "words": []
        },
        {
          "id": 11,
          "number": 11,
          "text": "wie ihr ja wisset, daß wir jeden einzelnen von euch, wie ein Vater seine Kinder, ermahnt und ermutigt und beschworen haben,",
          "words": []
        },
        {
          "id": 12,
          "number": 12,
          "text": "würdig zu wandeln des Gottes, der euch zu seinem Reich und seiner Herrlichkeit beruft.",
          "words": []
        },
        {
          "id": 13,
          "number": 13,
          "text": "Darum danken wir auch Gott unablässig, daß ihr das von uns empfangene Wort der Predigt Gottes aufnahmet, nicht als Menschenwort, sondern als das, was es in Wahrheit ist, als Gottes Wort, welches auch in euch, den Gläubigen, wirkt.",
          "words": []
        },
        {
          "id": 14,
          "number": 14,
          "text": "Denn ihr, Brüder, seid Nachahmer der Gemeinden Gottes geworden, die in Judäa in Christus Jesus sind, weil ihr von euren eigenen Volksgenossen dasselbe erlitten habt, wie sie von den Juden,",
          "words": []
        },
        {
          "id": 15,
          "number": 15,
          "text": "welche auch den Herrn Jesus getötet und die Propheten und uns verfolgt haben und Gott nicht gefallen und allen Menschen zuwider sind;",
          "words": []
        },
        {
          "id": 16,
          "number": 16,
          "text": "sie wehren uns, zu den Heiden zu reden, damit diese gerettet werden, womit sie das Maß ihrer Sünden allezeit voll machen; das Zorngericht setzte ihnen nun aber schnell ein Ziel!",
          "words": []
        },
        {
          "id": 17,
          "number": 17,
          "text": "Wir aber, Brüder, nachdem wir euer für eine kleine Weile beraubt waren, dem Angesicht, nicht dem Herzen nach, haben uns vor großem Verlangen um so mehr bemüht, euer Angesicht zu sehen.",
          "words": []
        },
        {
          "id": 18,
          "number": 18,
          "text": "Darum wollten wir auch zu euch kommen, ich Paulus einmal, sogar zweimal, und Satan hat uns verhindert.",
          "words": []
        },
        {
          "id": 19,
          "number": 19,
          "text": "Denn wer ist unsre Hoffnung oder Freude oder Krone des Ruhms? Seid nicht auch ihr es vor unsrem Herrn Jesus Christus bei seiner Wiederkunft?",
          "words": []
        },
        {
          "id": 20,
          "number": 20,
          "text": "Ja, ihr seid unsre Ehre und Freude!",
          "words": []
        }
      ]
    },
    {
      "id": 3,
      "verses": [
        {
          "id": 1,
          "number": 1,
          "text": "Darum, weil wir es nicht länger aushielten, zogen wir vor, allein in Athen zu bleiben;",
          "words": []
        },
        {
          "id": 2,
          "number": 2,
          "text": "und sandten Timotheus, unsren Bruder, der Gottes Diener und unser Mitarbeiter am Evangelium ist, daß er euch stärke und ermahne in betreff eures Glaubens,",
          "words": []
        },
        {
          "id": 3,
          "number": 3,
          "text": "damit niemand wankend werde in diesen Trübsalen; denn ihr wisset selbst, daß wir dazu bestimmt sind.",
          "words": []
        },
        {
          "id": 4,
          "number": 4,
          "text": "Denn als wir bei euch waren, sagten wir euch voraus, daß wir Trübsale würden leiden müssen, wie es auch gekommen ist und ihr wisset.",
          "words": []
        },
        {
          "id": 5,
          "number": 5,
          "text": "Darum hielt ich es auch nicht mehr länger aus, sondern ließ mich nach eurem Glauben erkundigen, ob nicht etwa der Versucher euch versucht habe und unsre Arbeit umsonst gewesen sei.",
          "words": []
        },
        {
          "id": 6,
          "number": 6,
          "text": "Nun aber, da Timotheus von euch zu uns zurückgekehrt ist und uns gute Nachricht gebracht hat von eurem Glauben und eurer Liebe, und daß ihr uns allezeit in gutem Andenken habet und darnach verlanget, uns zu sehen, gleichwie wir euch,",
          "words": []
        },
        {
          "id": 7,
          "number": 7,
          "text": "da sind wir deshalb, ihr Brüder, eurethalben bei all unserer Not und Trübsal getröstet worden, durch euren Glauben!",
          "words": []
        },
        {
          "id": 8,
          "number": 8,
          "text": "Denn nun leben wir, wenn ihr feststehet im Herrn.",
          "words": []
        },
        {
          "id": 9,
          "number": 9,
          "text": "Denn was können wir Gott für einen Dank abstatten für euch ob all der Freude, die wir euretwegen genießen vor unserm Gott?",
          "words": []
        },
        {
          "id": 10,
          "number": 10,
          "text": "Tag und Nacht flehen wir aufs allerdringendste, euer Angesicht sehen und die Mängel eures Glaubens ergänzen zu dürfen.",
          "words": []
        },
        {
          "id": 11,
          "number": 11,
          "text": "Er selbst aber, Gott unser Vater und unser Herr Jesus, lenke unsren Weg zu euch!",
          "words": []
        },
        {
          "id": 12,
          "number": 12,
          "text": "Euch aber möge der Herr voll und überströmend machen in der Liebe zueinander und zu allen, gleichwie auch wir sie haben zu euch,",
          "words": []
        },
        {
          "id": 13,
          "number": 13,
          "text": "auf daß eure Herzen gestärkt und untadelig erfunden werden in Heiligkeit vor unsrem Gott und Vater bei der Wiederkunft unsres Herrn Jesus mit allen seinen Heiligen.",
          "words": []
        }
      ]
    },
    {
      "id": 4,
      "verses": [
        {
          "id": 1,
          "number": 1,
          "text": "Weiter nun, ihr Brüder, bitten und ermahnen wir euch in dem Herrn Jesus, daß ihr in dem, was ihr von uns gelernt habt, nämlich wie ihr wandeln und Gott gefallen sollt, noch mehr zunehmet.",
          "words": []
        },
        {
          "id": 2,
          "number": 2,
          "text": "Denn ihr wisset, welche Gebote wir euch gegeben haben durch den Herrn Jesus.",
          "words": []
        },
        {
          "id": 3,
          "number": 3,
          "text": "Denn das ist der Wille Gottes, eure Heiligung, daß ihr euch der Unzucht enthaltet;",
          "words": []
        },
        {
          "id": 4,
          "number": 4,
          "text": "daß jeder von euch wisse, sein eigenes Gefäß in Heiligung und Ehre zu besitzen,",
          "words": []
        },
        {
          "id": 5,
          "number": 5,
          "text": "nicht mit leidenschaftlicher Gier wie die Heiden, die Gott nicht kennen;",
          "words": []
        },
        {
          "id": 6,
          "number": 6,
          "text": "daß niemand zuweit greife und seinen Bruder im Handel übervorteile; denn der Herr ist ein Rächer für das alles, wie wir euch zuvor gesagt und bezeugt haben.",
          "words": []
        },
        {
          "id": 7,
          "number": 7,
          "text": "Denn Gott hat uns nicht zur Unreinigkeit berufen, sondern zur Heiligung.",
          "words": []
        },
        {
          "id": 8,
          "number": 8,
          "text": "Darum also, wer sich darüber hinwegsetzt, der verachtet nicht Menschen, sondern Gott, der auch seinen heiligen Geist in uns gegeben hat.",
          "words": []
        },
        {
          "id": 9,
          "number": 9,
          "text": "ber die Bruderliebe aber habt ihr nicht nötig, daß man euch schreibe; denn ihr seid selbst von Gott gelehrt, einander zu lieben,",
          "words": []
        },
        {
          "id": 10,
          "number": 10,
          "text": "und das tut ihr auch an allen Brüdern, die in ganz Mazedonien sind. Wir ermahnen euch aber, ihr Brüder, darin noch mehr zuzunehmen",
          "words": []
        },
        {
          "id": 11,
          "number": 11,
          "text": "und eure Ehre darein zu setzen, ein ruhiges Leben zu führen, eure eigenen Angelegenheiten zu besorgen und mit euren eigenen Händen zu arbeiten, ganz wie wir euch befohlen haben,",
          "words": []
        },
        {
          "id": 12,
          "number": 12,
          "text": "damit ihr ehrbar wandelt vor denen draußen und niemandes Hilfe bedürfet.",
          "words": []
        },
        {
          "id": 13,
          "number": 13,
          "text": "Wir wollen euch aber, ihr Brüder, nicht in Unwissenheit lassen in betreff der Entschlafenen, damit ihr nicht traurig seid wie die andern, die keine Hoffnung haben.",
          "words": []
        },
        {
          "id": 14,
          "number": 14,
          "text": "Denn wenn wir glauben, daß Jesus gestorben und auferstanden ist, so wird Gott auch die Entschlafenen durch Jesus mit ihm führen.",
          "words": []
        },
        {
          "id": 15,
          "number": 15,
          "text": "Denn das sagen wir euch in einem Worte des Herrn, daß wir, die wir leben und bis zur Wiederkunft des Herrn übrigbleiben, den Entschlafenen nicht zuvorkommen werden;",
          "words": []
        },
        {
          "id": 16,
          "number": 16,
          "text": "denn er selbst, der Herr, wird, wenn der Befehl ergeht und die Stimme des Erzengels und die Posaune Gottes erschallt, vom Himmel herniederfahren, und die Toten in Christus werden auferstehen zuerst.",
          "words": []
        },
        {
          "id": 17,
          "number": 17,
          "text": "Darnach werden wir, die wir leben und übrigbleiben, zugleich mit ihnen entrückt werden in Wolken, zur Begegnung mit dem Herrn, in die Luft, und also werden wir bei dem Herrn sein allezeit.",
          "words": []
        },
        {
          "id": 18,
          "number": 18,
          "text": "So tröstet nun einander mit diesen Worten!",
          "words": []
        }
      ]
    },
    {
      "id": 5,
      "verses": [
        {
          "id": 1,
          "number": 1,
          "text": "Von den Zeiten und Stunden aber braucht man euch Brüdern nicht zu schreiben.",
          "words": []
        },
        {
          "id": 2,
          "number": 2,
          "text": "Denn ihr wisset ja genau, daß der Tag des Herrn kommen wird wie ein Dieb in der Nacht.",
          "words": []
        },
        {
          "id": 3,
          "number": 3,
          "text": "Wenn sie sagen werden: «Friede und Sicherheit», dann wird sie das Verderben plötzlich überfallen wie die Wehen eine schwangere Frau, und sie werden nicht entfliehen.",
          "words": []
        },
        {
          "id": 4,
          "number": 4,
          "text": "Ihr aber, Brüder, seid nicht in der Finsternis, daß euch der Tag wie ein Dieb überfallen könnte;",
          "words": []
        },
        {
          "id": 5,
          "number": 5,
          "text": "ihr seid allzumal Kinder des Lichts und Kinder des Tages. Wir sind nicht von der Nacht, noch von der Finsternis.",
          "words": []
        },
        {
          "id": 6,
          "number": 6,
          "text": "So lasset uns auch nicht schlafen wie die andern, sondern lasset uns wachen und nüchtern sein!",
          "words": []
        },
        {
          "id": 7,
          "number": 7,
          "text": "Denn die da schlafen, die schlafen des Nachts, und die Betrunkenen sind des Nachts betrunken;",
          "words": []
        },
        {
          "id": 8,
          "number": 8,
          "text": "wir aber, die wir dem Tage angehören, wollen nüchtern sein, angetan mit dem Panzer des Glaubens und der Liebe und mit dem Helm der Hoffnung des Heils.",
          "words": []
        },
        {
          "id": 9,
          "number": 9,
          "text": "Denn Gott hat uns nicht zum Zorn gericht bestimmt, sondern zum Besitze des Heils durch unsren Herrn Jesus Christus,",
          "words": []
        },
        {
          "id": 10,
          "number": 10,
          "text": "der für uns gestorben ist, damit wir, ob wir wachen oder schlafen, zugleich mit ihm leben sollen.",
          "words": []
        },
        {
          "id": 11,
          "number": 11,
          "text": "Darum ermahnet einander und erbauet einer den andern, wie ihr auch tut.",
          "words": []
        },
        {
          "id": 12,
          "number": 12,
          "text": "Wir bitten euch aber, ihr Brüder, anerkennet diejenigen, welche an euch arbeiten und euch im Herrn vorstehen und euch ermahnen;",
          "words": []
        },
        {
          "id": 13,
          "number": 13,
          "text": "haltet sie um ihres Werkes willen desto größerer Liebe wert; lebet im Frieden mit ihnen!",
          "words": []
        },
        {
          "id": 14,
          "number": 14,
          "text": "Wir ermahnen euch aber, Brüder: Verwarnet die Unordentlichen, tröstet die Kleinmütigen, nehmet euch der Schwachen an, seid geduldig gegen jedermann!",
          "words": []
        },
        {
          "id": 15,
          "number": 15,
          "text": "Sehet zu, daß niemand Böses mit Bösem vergelte, sondern trachtet allezeit darnach, Gutes zu tun, aneinander und an jedermann!",
          "words": []
        },
        {
          "id": 16,
          "number": 16,
          "text": "Seid allezeit fröhlich!",
          "words": []
        },
        {
          "id": 17,
          "number": 17,
          "text": "Betet ohne Unterlaß!",
          "words": []
        },
        {
          "id": 18,
          "number": 18,
          "text": "Seid in allem dankbar; denn das ist der Wille Gottes in Christus Jesus für euch.",
          "words": []
        },
        {
          "id": 19,
          "number": 19,
          "text": "Den Geist dämpfet nicht,",
          "words": []
        },
        {
          "id": 20,
          "number": 20,
          "text": "die Weissagung verachtet nicht;",
          "words": []
        },
        {
          "id": 21,
          "number": 21,
          "text": "prüfet aber alles. Das Gute behaltet,",
          "words": []
        },
        {
          "id": 22,
          "number": 22,
          "text": "enthaltet euch des Bösen in jeglicher Gestalt!",
          "words": []
        },
        {
          "id": 23,
          "number": 23,
          "text": "Er selbst aber, der Gott des Friedens, heilige euch durch und durch, und euer ganzes Wesen, der Geist, die Seele und der Leib, werde unsträflich bewahrt bei der Wiederkunft unsres Herrn Jesus Christus!",
          "words": []
        },
        {
          "id": 24,
          "number": 24,
          "text": "Treu ist er, der euch beruft; er wird es auch tun.",
          "words": []
        },
        {
          "id": 25,
          "number": 25,
          "text": "Brüder, betet für uns!",
          "words": []
        },
        {
          "id": 26,
          "number": 26,
          "text": "Grüßet die Brüder alle mit dem heiligen Kuß!",
          "words": []
        },
        {
          "id": 27,
          "number": 27,
          "text": "Ich beschwöre euch bei dem Herrn, daß dieser Brief allen heiligen Brüdern gelesen werde.",
          "words": []
        },
        {
          "id": 28,
          "number": 28,
          "text": "Die Gnade unsres Herrn Jesus Christus sei mit euch!",
          "words": []
        }
      ]
    }
  ]
}