{
  "id": 54,
  "name": "1 Timothy",
  "chapters": [
    {
      "id": 1,
      "verses": [
        {
          "id": 1,
          "number": 1,
          "text": "Paulus, Apostel Jesu Christi auf Befehl Gottes, unsres Retters, und Christi Jesu, unsrer Hoffnung,",
          "words": []
        },
        {
          "id": 2,
          "number": 2,
          "text": "an Timotheus, seinen echten Sohn im Glauben: Gnade, Barmherzigkeit, Friede von Gott, unsrem Vater und Christus Jesus, unsrem Herrn!",
          "words": []
        },
        {
          "id": 3,
          "number": 3,
          "text": "Wie ich dich bei meiner Abreise nach Mazedonien ermahnte, in Ephesus zu bleiben, damit du etlichen Leuten gebietest, nichts anderes zu lehren,",
          "words": []
        },
        {
          "id": 4,
          "number": 4,
          "text": "auch nicht auf Legenden und endlose Geschlechtsregister zu achten, welche mehr Streitfragen hervorbringen als göttliche Erbauung im Glauben;",
          "words": []
        },
        {
          "id": 5,
          "number": 5,
          "text": "und doch ist der Endzweck des Gebotes Liebe aus reinem Herzen und gutem Gewissen und ungeheucheltem Glauben.",
          "words": []
        },
        {
          "id": 6,
          "number": 6,
          "text": "Dieses Ziel haben etliche verfehlt und sich unnützem Geschwätz zugewandt,",
          "words": []
        },
        {
          "id": 7,
          "number": 7,
          "text": "wollen Gesetzeslehrer sein und bedenken nicht, was sie sagen oder was sie behaupten.",
          "words": []
        },
        {
          "id": 8,
          "number": 8,
          "text": "Wir wissen aber, daß das Gesetz gut ist, wenn man es gesetzmäßig braucht und berücksichtigt,",
          "words": []
        },
        {
          "id": 9,
          "number": 9,
          "text": "daß einem Gerechten kein Gesetz auferlegt ist, sondern Gesetzlosen und Unbotmäßigen, Gottlosen und Sündern, Unheiligen und Gemeinen, solchen, die Vater und Mutter mißhandeln, Menschen töten,",
          "words": []
        },
        {
          "id": 10,
          "number": 10,
          "text": "Unzüchtigen, Knabenschändern, Menschenräubern, Lügnern, Meineidigen und was sonst der gesunden Lehre zuwider ist,",
          "words": []
        },
        {
          "id": 11,
          "number": 11,
          "text": "nach dem Evangelium der Herrlichkeit des seligen Gottes, mit welchem ich betraut worden bin.",
          "words": []
        },
        {
          "id": 12,
          "number": 12,
          "text": "Und darum danke ich dem, der mir Kraft verliehen hat, Christus Jesus, unsrem Herrn, daß er mich treu erachtet und in den Dienst eingesetzt hat,",
          "words": []
        },
        {
          "id": 13,
          "number": 13,
          "text": "der ich zuvor ein Lästerer und Verfolger und Frevler war. Aber mir ist Erbarmung widerfahren, weil ich es unwissend, im Unglauben getan habe.",
          "words": []
        },
        {
          "id": 14,
          "number": 14,
          "text": "ber alle Maßen groß aber wurde die Gnade unsres Herrn samt dem Glauben und der Liebe, die in Christus Jesus ist.",
          "words": []
        },
        {
          "id": 15,
          "number": 15,
          "text": "Glaubwürdig ist das Wort und aller Annahme wert, daß Christus Jesus in die Welt gekommen ist, um Sünder zu retten, von denen ich der Erste bin.",
          "words": []
        },
        {
          "id": 16,
          "number": 16,
          "text": "Aber darum ist mir Erbarmung widerfahren, damit an mir zuerst Jesus Christus alle Geduld erzeige, zum Beispiel denen, die an ihn glauben würden zum ewigen Leben.",
          "words": []
        },
        {
          "id": 17,
          "number": 17,
          "text": "Dem König der Ewigkeit aber, dem unvergänglichen, unsichtbaren, allein weisen Gott, sei Ehre und Ruhm von Ewigkeit zu Ewigkeit! Amen.",
          "words": []
        },
        {
          "id": 18,
          "number": 18,
          "text": "Dieses Gebot vertraue ich dir an, mein Sohn Timotheus, gemäß den früher über dich ergangenen Weissagungen, damit du in denselben den guten Kampf kämpfest, den Glauben und ein gutes Gewissen bewahrest.",
          "words": []
        },
        {
          "id": 19,
          "number": 19,
          "text": "Dieses haben etliche von sich gestoßen und darum am Glauben Schiffbruch gelitten.",
          "words": []
        },
        {
          "id": 20,
          "number": 20,
          "text": "Unter ihnen sind Hymenäus und Alexander, welche ich dem Satan übergeben habe, damit sie gezüchtigt werden, nicht mehr zu lästern.",
          "words": []
        }
      ]
    },
    {
      "id": 2,
      "verses": [
        {
          "id": 1,
          "number": 1,
          "text": "So ermahne ich nun, daß man vor allen Dingen Bitten, Gebete, Fürbitten und Danksagungen für alle Menschen darbringe,",
          "words": []
        },
        {
          "id": 2,
          "number": 2,
          "text": "für Könige und alle, die in hervorragender Stellung sind, damit wir ein ruhiges und stilles Leben führen können in aller Gottseligkeit und Ehrbarkeit;",
          "words": []
        },
        {
          "id": 3,
          "number": 3,
          "text": "denn solches ist gut und angenehm vor Gott unsrem Retter,",
          "words": []
        },
        {
          "id": 4,
          "number": 4,
          "text": "welcher will, daß alle Menschen gerettet werden und zur Erkenntnis der Wahrheit kommen.",
          "words": []
        },
        {
          "id": 5,
          "number": 5,
          "text": "Denn es ist ein Gott und ein Mittler zwischen Gott und den Menschen, der Mensch Christus Jesus,",
          "words": []
        },
        {
          "id": 6,
          "number": 6,
          "text": "der sich selbst als Lösegeld für alle gegeben hat. Das ist das Zeugnis zur rechten Zeit,",
          "words": []
        },
        {
          "id": 7,
          "number": 7,
          "text": "für welches ich eingesetzt wurde als Prediger und Apostel (ich sage die Wahrheit und lüge nicht), als Lehrer der Heiden im Glauben und in der Wahrheit.",
          "words": []
        },
        {
          "id": 8,
          "number": 8,
          "text": "So will ich nun, daß die Männer an jedem Ort beten, indem sie heilige Hände aufheben ohne Zorn und Zweifel;",
          "words": []
        },
        {
          "id": 9,
          "number": 9,
          "text": "ebenso, daß die Frauen in sittsamem Gewande mit Schamhaftigkeit und Zucht sich schmücken, nicht mit Haarflechten oder Gold oder Perlen oder kostbarer Kleidung,",
          "words": []
        },
        {
          "id": 10,
          "number": 10,
          "text": "sondern, wie es sich für Frauen geziemt, welche sich zur Gottesfurcht bekennen, durch gute Werke.",
          "words": []
        },
        {
          "id": 11,
          "number": 11,
          "text": "Eine Frau lerne in der Stille, in aller Unterordnung.",
          "words": []
        },
        {
          "id": 12,
          "number": 12,
          "text": "Einer Frau aber gestatte ich das Lehren nicht, auch nicht daß sie über den Mann herrsche, sondern sie soll sich still verhalten.",
          "words": []
        },
        {
          "id": 13,
          "number": 13,
          "text": "Denn Adam wurde zuerst gebildet, darnach Eva.",
          "words": []
        },
        {
          "id": 14,
          "number": 14,
          "text": "Und Adam wurde nicht verführt, das Weib aber wurde verführt und geriet in Übertretung;",
          "words": []
        },
        {
          "id": 15,
          "number": 15,
          "text": "sie soll aber gerettet werden durch Kindergebären, wenn sie bleiben im Glauben und in der Liebe und in der Heiligung samt der Zucht.",
          "words": []
        }
      ]
    },
    {
      "id": 3,
      "verses": [
        {
          "id": 1,
          "number": 1,
          "text": "Glaubwürdig ist das Wort: Wer nach einem Aufseheramt trachtet, der begehrt eine schöne Wirksamkeit.",
          "words": []
        },
        {
          "id": 2,
          "number": 2,
          "text": "Nun soll aber ein Aufseher untadelig sein, eines Weibes Mann, nüchtern, besonnen, ehrbar, gastfrei, lehrtüchtig;",
          "words": []
        },
        {
          "id": 3,
          "number": 3,
          "text": "kein Trinker, kein Raufbold, sondern gelinde, nicht händelsüchtig, nicht habsüchtig;",
          "words": []
        },
        {
          "id": 4,
          "number": 4,
          "text": "einer, der seinem eigenen Hause wohl vorsteht und die Kinder mit aller Würde in Schranken hält",
          "words": []
        },
        {
          "id": 5,
          "number": 5,
          "text": "wenn aber jemand seinem eigenen Hause nicht vorzustehen weiß, wie wird er für die Gemeinde Gottes sorgen?",
          "words": []
        },
        {
          "id": 6,
          "number": 6,
          "text": "kein Neuling, damit er nicht aufgeblasen werde und dem Gericht des Teufels verfalle.",
          "words": []
        },
        {
          "id": 7,
          "number": 7,
          "text": "Er muß aber auch ein gutes Zeugnis haben von denen außerhalb der Gemeinde , damit er nicht der Lästerung und der Schlinge des Teufels verfalle.",
          "words": []
        },
        {
          "id": 8,
          "number": 8,
          "text": "Gleicherweise sollen auch die Diakonen ehrbar sein, nicht doppelzüngig, nicht vielem Weingenuß ergeben, nicht gewinnsüchtig;",
          "words": []
        },
        {
          "id": 9,
          "number": 9,
          "text": "sie sollen das Geheimnis des Glaubens in reinem Gewissen bewahren.",
          "words": []
        },
        {
          "id": 10,
          "number": 10,
          "text": "Und diese soll man zuerst prüfen; dann mögen sie dienen, wenn sie untadelig sind.",
          "words": []
        },
        {
          "id": 11,
          "number": 11,
          "text": "Ihre Frauen sollen ebenfalls ehrbar sein, nicht verleumderisch, sondern nüchtern, treu in allem.",
          "words": []
        },
        {
          "id": 12,
          "number": 12,
          "text": "Die Diakonen sollen jeder nur eine Frau haben, ihren Kindern und ihrem Hause wohl vorstehen;",
          "words": []
        },
        {
          "id": 13,
          "number": 13,
          "text": "denn wenn sie ihren Dienst wohl versehen, erwerben sie sich selbst eine schöne Stufe und viel Freimütigkeit im Glauben in Christus Jesus.",
          "words": []
        },
        {
          "id": 14,
          "number": 14,
          "text": "Solches schreibe ich dir in der Hoffnung, bald zu dir zu kommen,",
          "words": []
        },
        {
          "id": 15,
          "number": 15,
          "text": "falls ich aber verzöge, damit du wissest, wie man wandeln soll im Hause Gottes, welches die Gemeinde des lebendigen Gottes ist, Pfeiler und Grundfeste der Wahrheit.",
          "words": []
        },
        {
          "id": 16,
          "number": 16,
          "text": "Und anerkannt groß ist das Geheimnis der Gottseligkeit: Gott ist geoffenbart im Fleisch, gerechtfertigt im Geist, erschienen den Engeln, gepredigt unter den Heiden, geglaubt in der Welt, aufgenommen in Herrlichkeit.",
          "words": []
        }
      ]
    },
    {
      "id": 4,
      "verses": [
        {
          "id": 1,
          "number": 1,
          "text": "Der Geist aber sagt deutlich, daß in spätern Zeiten etliche vom Glauben abfallen und verführerischen Geistern und Lehren der Dämonen anhangen werden,",
          "words": []
        },
        {
          "id": 2,
          "number": 2,
          "text": "durch die Heuchelei von Lügenrednern, die in ihrem eigenen Gewissen gebrandmarkt sind,",
          "words": []
        },
        {
          "id": 3,
          "number": 3,
          "text": "die verbieten, zu heiraten und Speisen zu genießen, welche doch Gott geschaffen hat, damit sie von den Gläubigen und denen, welche die Wahrheit erkennen, mit Danksagung gebraucht werden.",
          "words": []
        },
        {
          "id": 4,
          "number": 4,
          "text": "Denn alles, was Gott geschaffen hat, ist gut, und nichts ist verwerflich, wenn es mit Danksagung genossen wird;",
          "words": []
        },
        {
          "id": 5,
          "number": 5,
          "text": "denn es wird geheiligt durch Gottes Wort und Gebet.",
          "words": []
        },
        {
          "id": 6,
          "number": 6,
          "text": "Wenn du den Brüdern solches vorhältst, wirst du ein guter Diener Jesu Christi sein, genährt mit den Worten des Glaubens und der guten Lehre, welcher du nachgefolgt bist.",
          "words": []
        },
        {
          "id": 7,
          "number": 7,
          "text": "Der unheiligen Altweiberfabeln aber entschlage dich; dagegen übe dich in der Gottseligkeit!",
          "words": []
        },
        {
          "id": 8,
          "number": 8,
          "text": "Denn die leibliche Übung ist zu wenigem nütze, die Gottseligkeit aber ist zu allen Dingen nütze, da sie die Verheißung dieses und des zukünftigen Lebens hat.",
          "words": []
        },
        {
          "id": 9,
          "number": 9,
          "text": "Glaubwürdig ist das Wort und aller Annahme wert;",
          "words": []
        },
        {
          "id": 10,
          "number": 10,
          "text": "denn dafür arbeiten wir auch und werden geschmäht, daß wir unsre Hoffnung auf den lebendigen Gott gesetzt haben, welcher aller Menschen Retter ist, allermeist der Gläubigen.",
          "words": []
        },
        {
          "id": 11,
          "number": 11,
          "text": "Solches gebiete und lehre!",
          "words": []
        },
        {
          "id": 12,
          "number": 12,
          "text": "Niemand verachte deine Jugend, sondern werde ein Vorbild den Gläubigen im Wort, im Wandel, in der Liebe, im Geist, im Glauben, in der Keuschheit!",
          "words": []
        },
        {
          "id": 13,
          "number": 13,
          "text": "Bis ich komme, halte an mit Vorlesen, mit Ermahnen, mit Lehren.",
          "words": []
        },
        {
          "id": 14,
          "number": 14,
          "text": "Vernachlässige die Gabe nicht, die du hast, die dir durch Weissagung unter Handauflegung der Ältesten verliehen wurde!",
          "words": []
        },
        {
          "id": 15,
          "number": 15,
          "text": "Dies laß dein Anliegen sein, damit gib dich ab, auf daß dein Fortschreiten in allen Dingen offenbar sei!",
          "words": []
        },
        {
          "id": 16,
          "number": 16,
          "text": "Habe acht auf dich selbst und auf die Lehre; bleibe dabei! Denn wenn du solches tust, wirst du sowohl dich selbst retten als auch die, welche dich hören.",
          "words": []
        }
      ]
    },
    {
      "id": 5,
      "verses": [
        {
          "id": 1,
          "number": 1,
          "text": "ber einen älteren ziehe nicht los, sondern ermahne ihn wie einen Vater, jüngere wie Brüder,",
          "words": []
        },
        {
          "id": 2,
          "number": 2,
          "text": "ltere Frauen wie Mütter, jüngere wie Schwestern, in aller Keuschheit.",
          "words": []
        },
        {
          "id": 3,
          "number": 3,
          "text": "Ehre die Witwen, welche wirklich Witwen sind.",
          "words": []
        },
        {
          "id": 4,
          "number": 4,
          "text": "Hat aber eine Witwe Kinder oder Enkel, so sollen diese zuerst lernen, am eigenen Haus ihre Pflicht zu erfüllen und den Eltern Empfangenes zu vergelten; denn das ist angenehm vor Gott.",
          "words": []
        },
        {
          "id": 5,
          "number": 5,
          "text": "Eine wirkliche und vereinsamte Witwe aber hat ihre Hoffnung auf Gott gesetzt und verharrt im Flehen und Gebet Tag und Nacht;",
          "words": []
        },
        {
          "id": 6,
          "number": 6,
          "text": "eine genußsüchtige aber ist lebendig tot.",
          "words": []
        },
        {
          "id": 7,
          "number": 7,
          "text": "Sprich das offen aus, damit sie untadelig seien!",
          "words": []
        },
        {
          "id": 8,
          "number": 8,
          "text": "Wenn aber jemand die Seinen, allermeist seine Hausgenossen, nicht versorgt, der hat den Glauben verleugnet und ist ärger als ein Ungläubiger.",
          "words": []
        },
        {
          "id": 9,
          "number": 9,
          "text": "Als Witwe werde nur eine solche in die Liste eingetragen, welche nicht weniger als sechzig Jahre alt ist, eines Mannes Frau war",
          "words": []
        },
        {
          "id": 10,
          "number": 10,
          "text": "und ein Zeugnis guter Werke hat; wenn sie Kinder auferzogen, Gastfreundschaft geübt, der Heiligen Füße gewaschen, Bedrängten ausgeholfen hat, jedem guten Werk nachgekommen ist.",
          "words": []
        },
        {
          "id": 11,
          "number": 11,
          "text": "Jüngere Witwen aber weise ab; denn wenn sie gegen Christi Willen begehrlich geworden sind, wollen sie heiraten.",
          "words": []
        },
        {
          "id": 12,
          "number": 12,
          "text": "Sie verdienen das Urteil, daß sie die erste Treue gebrochen haben.",
          "words": []
        },
        {
          "id": 13,
          "number": 13,
          "text": "Zugleich sind sie auch müßig und lernen in den Häusern herumlaufen; und nicht nur müßig, sondern auch geschwätzig und vorwitzig und reden, was sich nicht gehört.",
          "words": []
        },
        {
          "id": 14,
          "number": 14,
          "text": "So will ich nun, daß jüngere Witwen heiraten, Kinder gebären, dem Haushalt vorstehen, dem Widersacher keinen Anlaß zur Lästerung geben;",
          "words": []
        },
        {
          "id": 15,
          "number": 15,
          "text": "denn schon sind etliche abgewichen, dem Satan nach.",
          "words": []
        },
        {
          "id": 16,
          "number": 16,
          "text": "Hat ein Gläubiger oder eine Gläubige Witwen, so versorge er sie und lasse sie nicht der Gemeinde zur Last fallen, damit diese für die wirklichen Witwen sorgen kann.",
          "words": []
        },
        {
          "id": 17,
          "number": 17,
          "text": "Die Ältesten, welche wohl vorstehen, halte man doppelter Ehre wert, allermeist die, welche sich in Predigt und Unterricht abmühen.",
          "words": []
        },
        {
          "id": 18,
          "number": 18,
          "text": "Denn die Schrift sagt: «Einem dreschenden Ochsen sollst du das Maul nicht verbinden!» und «der Arbeiter ist seines Lohnes wert».",
          "words": []
        },
        {
          "id": 19,
          "number": 19,
          "text": "Gegen einen Ältesten nimm keine Klage an, außer auf Aussage von zwei oder drei Zeugen.",
          "words": []
        },
        {
          "id": 20,
          "number": 20,
          "text": "Die, welche sündigen, weise vor allen zurecht, damit sich auch die andern fürchten.",
          "words": []
        },
        {
          "id": 21,
          "number": 21,
          "text": "Ich beschwöre dich vor Gott und Christus Jesus und den auserwählten Engeln, daß du dies ohne Vorurteil beobachtest und nichts tuest aus Zuneigung!",
          "words": []
        },
        {
          "id": 22,
          "number": 22,
          "text": "Die Hände lege niemandem schnell auf, mache dich auch nicht fremder Sünden teilhaftig; bewahre dich selbst rein!",
          "words": []
        },
        {
          "id": 23,
          "number": 23,
          "text": "Trinke nicht mehr bloß Wasser, sondern gebrauche ein wenig Wein um deines Magens willen und wegen deiner häufigen Krankheiten.",
          "words": []
        },
        {
          "id": 24,
          "number": 24,
          "text": "Etlicher Menschen Sünden sind zuvor offenbar und kommen vorher ins Gericht; etlichen aber werden sie auch nachfolgen.",
          "words": []
        },
        {
          "id": 25,
          "number": 25,
          "text": "Gleicherweise sind auch die guten Werke zuvor offenbar, und die, mit welchen es sich anders verhält, können auch nicht verborgen bleiben.",
          "words": []
        }
      ]
    },
    {
      "id": 6,
      "verses": [
        {
          "id": 1,
          "number": 1,
          "text": "Was Knechte sind, im Sklavenstand, die sollen ihre eigenen Herren aller Ehre wert halten, damit nicht der Name Gottes und die Lehre verlästert werden.",
          "words": []
        },
        {
          "id": 2,
          "number": 2,
          "text": "Die aber, welche gläubige Herren haben, sollen diese darum nicht verachten, weil sie Brüder sind, sondern ihnen um so lieber dienen, weil sie Gläubige und Geliebte sind und von ihnen auch bessere Behandlung erfahren. So sollst du lehren und ermahnen!",
          "words": []
        },
        {
          "id": 3,
          "number": 3,
          "text": "Wenn jemand anders lehrt und sich nicht an die gesunden Worte unsres Herrn Jesus Christus hält und an die der Gottseligkeit entsprechende Lehre,",
          "words": []
        },
        {
          "id": 4,
          "number": 4,
          "text": "so ist er aufgeblasen und versteht doch nichts, sondern krankt an Streitfragen und Wortgezänk, woraus Neid, Hader, Lästerung, böser Argwohn entstehen.",
          "words": []
        },
        {
          "id": 5,
          "number": 5,
          "text": "Zänkereien von Menschen, welche verdorbenen Sinnes und der Wahrheit beraubt sind und die Gottseligkeit für eine Erwerbsquelle halten, von solchen halte dich ferne!",
          "words": []
        },
        {
          "id": 6,
          "number": 6,
          "text": "Es ist allerdings die Gottseligkeit eine bedeutende Erwerbsquelle, wenn sie mit Genügsamkeit verbunden wird.",
          "words": []
        },
        {
          "id": 7,
          "number": 7,
          "text": "Denn wir haben nichts in die Welt gebracht; so ist es klar, daß wir auch nichts hinausnehmen können.",
          "words": []
        },
        {
          "id": 8,
          "number": 8,
          "text": "Wenn wir aber Nahrung und Kleidung haben, soll uns das genügen!",
          "words": []
        },
        {
          "id": 9,
          "number": 9,
          "text": "Denn die, welche reich werden wollen, fallen in Versuchung und Schlingen und viele törichte und schädliche Lüste, welche die Menschen in Verderben und Untergang stürzen.",
          "words": []
        },
        {
          "id": 10,
          "number": 10,
          "text": "Denn die Geldgier ist eine Wurzel aller Übel; etliche, die sich ihr hingaben, sind vom Glauben abgeirrt und haben sich selbst viel Schmerzen verursacht.",
          "words": []
        },
        {
          "id": 11,
          "number": 11,
          "text": "Du aber, Gottesmensch, fliehe solches, jage aber nach Gerechtigkeit, Gottseligkeit, Glauben, Liebe, Geduld, Sanftmut!",
          "words": []
        },
        {
          "id": 12,
          "number": 12,
          "text": "Kämpfe den guten Kampf des Glaubens, ergreife das ewige Leben, zu welchem du berufen bist und worüber du das gute Bekenntnis vor vielen Zeugen abgelegt hast.",
          "words": []
        },
        {
          "id": 13,
          "number": 13,
          "text": "Ich gebiete dir vor Gott, der alles lebendig macht, und vor Christus Jesus, der vor Pontius Pilatus das gute Bekenntnis bezeugt hat,",
          "words": []
        },
        {
          "id": 14,
          "number": 14,
          "text": "daß du das Gebot unbefleckt und untadelig bewahrest bis zur Erscheinung unsres Herrn Jesus Christus,",
          "words": []
        },
        {
          "id": 15,
          "number": 15,
          "text": "welche zu seiner Zeit zeigen wird der selige und allein Gewaltige, der König der Könige und der Herr der Herrschenden,",
          "words": []
        },
        {
          "id": 16,
          "number": 16,
          "text": "der allein Unsterblichkeit hat, der in einem unzugänglichen Lichte wohnt, welchen kein Mensch gesehen hat noch sehen kann; Ihm sei Ehre und ewige Macht! Amen.",
          "words": []
        },
        {
          "id": 17,
          "number": 17,
          "text": "Den Reichen im jetzigen Zeitalter gebiete, daß sie nicht stolz seien, auch nicht ihre Hoffnung auf die Unbeständigkeit des Reichtums setzen, sondern auf den lebendigen Gott, der uns alles reichlich zum Genuß darreicht,",
          "words": []
        },
        {
          "id": 18,
          "number": 18,
          "text": "daß sie Gutes tun, reich werden an guten Werken, freigebig seien, mitteilsam,",
          "words": []
        },
        {
          "id": 19,
          "number": 19,
          "text": "und so für sich selbst ein schönes Kapital für die Zukunft sammeln, damit sie das wahre Leben erlangen.",
          "words": []
        },
        {
          "id": 20,
          "number": 20,
          "text": "O Timotheus, bewahre das anvertraute Gut, meide das unheilige Geschwätz und die Einwürfe der fälschlich sogenannten «Erkenntnis»,",
          "words": []
        },
        {
          "id": 21,
          "number": 21,
          "text": "zu welcher sich etliche bekannten und darüber das Glaubensziel aus den Augen verloren. Die Gnade sei mit dir!",
          "words": []
        }
      ]
    }
  ]
}