{
  "id": 63,
  "name": "2 John",
  "chapters": [
    {
      "id": 1,
      "verses": [
        {
          "id": 1,
          "number": 1,
          "text": "Der Älteste an die auserwählte Frau und ihre Kinder, welche ich in Wahrheit liebe, und nicht ich allein, sondern auch alle, welche die Wahrheit erkannt haben,",
          "words": []
        },
        {
          "id": 2,
          "number": 2,
          "text": "um der Wahrheit willen, die in uns bleibt und mit uns sein wird in Ewigkeit.",
          "words": []
        },
        {
          "id": 3,
          "number": 3,
          "text": "Gnade sei mit uns, Barmherzigkeit und Friede von Gott, dem Vater, und von Jesus Christus, dem Sohne des Vaters, in Wahrheit und Liebe!",
          "words": []
        },
        {
          "id": 4,
          "number": 4,
          "text": "Es freut mich sehr, daß ich unter deinen Kindern solche gefunden habe, die in der Wahrheit wandeln, wie wir ein Gebot empfangen haben vom Vater.",
          "words": []
        },
        {
          "id": 5,
          "number": 5,
          "text": "Und nun bitte ich dich, Frau (nicht als schriebe ich dir ein neues Gebot, sondern dasjenige, welches wir von Anfang an gehabt haben), daß wir einander lieben.",
          "words": []
        },
        {
          "id": 6,
          "number": 6,
          "text": "Und darin besteht die Liebe, daß wir nach seinen Geboten wandeln; dies ist das Gebot, wie ihr es von Anfang an gehört habt, daß ihr darin wandeln sollt.",
          "words": []
        },
        {
          "id": 7,
          "number": 7,
          "text": "Denn viele Irrlehrer sind hinausgegangen in die Welt, die nicht bekennen, daß Jesus der im Fleisch gekommene Christus ist; das ist der Irrlehrer und der Widerchrist.",
          "words": []
        },
        {
          "id": 8,
          "number": 8,
          "text": "Sehet euch vor, daß ihr nicht verlieret, was ihr erarbeitet habt, sondern vollen Lohn empfanget!",
          "words": []
        },
        {
          "id": 9,
          "number": 9,
          "text": "Wer darüber hinausgeht und nicht in der Lehre Christi bleibt, der hat Gott nicht; wer in der Lehre bleibt, der hat den Vater und den Sohn.",
          "words": []
        },
        {
          "id": 10,
          "number": 10,
          "text": "Wenn jemand zu euch kommt und diese Lehre nicht bringt, den nehmet nicht auf in euer Haus und grüßet ihn nicht!",
          "words": []
        },
        {
          "id": 11,
          "number": 11,
          "text": "Denn wer ihn grüßt, macht sich teilhaftig seiner bösen Werke.",
          "words": []
        },
        {
          "id": 12,
          "number": 12,
          "text": "Ich hätte euch viel zu schreiben, will es aber nicht mit Papier und Tinte tun, sondern ich hoffe, zu euch zu kommen und mündlich mit euch zu reden, damit eure Freude vollkommen sei.",
          "words": []
        },
        {
          "id": 13,
          "number": 13,
          "text": "Es grüßen dich die Kinder deiner Schwester, der Auserwählten.",
          "words": []
        }
      ]
    }
  ]
}