{
  "id": 61,
  "name": "2 Peter",
  "chapters": [
    {
      "id": 1,
      "verses": [
        {
          "id": 1,
          "number": 1,
          "text": "Symeon Petrus, Knecht und Apostel Jesu Christi, an die, welche einen gleich wertvollen Glauben erlangt haben wie wir an die Gerechtigkeit unsres Gottes und Retters Jesus Christus:",
          "words": []
        },
        {
          "id": 2,
          "number": 2,
          "text": "Gnade und Friede widerfahre euch mehr und mehr in der Erkenntnis Gottes und unsres Herrn Jesus!",
          "words": []
        },
        {
          "id": 3,
          "number": 3,
          "text": "Nachdem seine göttliche Kraft uns alles, was zum Leben und zur Gottseligkeit dient, geschenkt hat, durch die Erkenntnis dessen, der uns kraft seiner Herrlichkeit und Tugend berufen hat,",
          "words": []
        },
        {
          "id": 4,
          "number": 4,
          "text": "durch welche uns die teuersten und größten Verheißungen geschenkt sind, damit ihr durch dieselben göttlicher Natur teilhaftig werdet, nachdem ihr dem in der Welt durch die Lust herrschenden Verderben entflohen seid,",
          "words": []
        },
        {
          "id": 5,
          "number": 5,
          "text": "so setzet nun all euren Fleiß zu dem hinzu und reichet dar in eurem Glauben die Tugend, in der Tugend aber die Erkenntnis,",
          "words": []
        },
        {
          "id": 6,
          "number": 6,
          "text": "in der Erkenntnis aber die Enthaltsamkeit, in der Enthaltsamkeit aber die Ausdauer, in der Ausdauer aber die Gottseligkeit,",
          "words": []
        },
        {
          "id": 7,
          "number": 7,
          "text": "in der Gottseligkeit aber die Bruderliebe, in der Bruderliebe aber die Liebe zu allen Menschen.",
          "words": []
        },
        {
          "id": 8,
          "number": 8,
          "text": "Denn wo solches reichlich bei euch vorhanden ist, wird es euch nicht müßig noch unfruchtbar machen für die Erkenntnis unsres Herrn Jesus Christus.",
          "words": []
        },
        {
          "id": 9,
          "number": 9,
          "text": "Wer aber solches nicht hat, der ist blind, kurzsichtig und hat die Reinigung seiner ehemaligen Sünden vergessen.",
          "words": []
        },
        {
          "id": 10,
          "number": 10,
          "text": "Darum, meine Brüder, befleißiget euch desto mehr, eure Berufung und Erwählung fest zu machen. Denn wo ihr solches tut, werdet ihr niemals straucheln;",
          "words": []
        },
        {
          "id": 11,
          "number": 11,
          "text": "denn so wird euch der Eingang in das ewige Reich unsres Herrn und Retters Jesus Christus reichlich gewährt werden.",
          "words": []
        },
        {
          "id": 12,
          "number": 12,
          "text": "Darum will ich euch stets daran erinnern, wiewohl ihr es wisset und in der gegenwärtigen Wahrheit befestigt seid.",
          "words": []
        },
        {
          "id": 13,
          "number": 13,
          "text": "Ich halte es aber für billig, solange ich in dieser Hütte bin, euch durch solche Erinnerung aufzuwecken,",
          "words": []
        },
        {
          "id": 14,
          "number": 14,
          "text": "da ich weiß, daß ich meine Hütte bald ablegen muß, wie mir auch unser Herr Jesus Christus eröffnet hat.",
          "words": []
        },
        {
          "id": 15,
          "number": 15,
          "text": "Ich will mich aber befleißigen, daß ihr auch nach meinem Abschied allezeit etwas habet, wodurch ihr euer Gedächtnis auffrischen könnet.",
          "words": []
        },
        {
          "id": 16,
          "number": 16,
          "text": "Denn wir sind nicht klug ersonnenen Fabeln gefolgt, als wir euch die Kraft und Wiederkunft unsres Herrn Jesus Christus kundtaten, sondern wir sind Augenzeugen seiner Herrlichkeit gewesen.",
          "words": []
        },
        {
          "id": 17,
          "number": 17,
          "text": "Denn er empfing von Gott dem Vater Ehre und Herrlichkeit, als eine Stimme von der hocherhabenen Herrlichkeit daherkam, des Inhalts: «Dies ist mein lieber Sohn, an welchem ich Wohlgefallen habe!»",
          "words": []
        },
        {
          "id": 18,
          "number": 18,
          "text": "Und diese Stimme hörten wir vom Himmel her kommen, als wir mit ihm auf dem heiligen Berge waren.",
          "words": []
        },
        {
          "id": 19,
          "number": 19,
          "text": "Und wir halten nun desto fester an dem prophetischen Wort, und ihr tut wohl, darauf zu achten als auf ein Licht, das an einem dunklen Orte scheint, bis der Tag anbricht und der Morgenstern aufgeht in euren Herzen;",
          "words": []
        },
        {
          "id": 20,
          "number": 20,
          "text": "wobei ihr das zuerst wissen müßt, daß keine Weissagung der Schrift ein Werk eigener Deutung ist.",
          "words": []
        },
        {
          "id": 21,
          "number": 21,
          "text": "Denn niemals wurde durch menschlichen Willen eine Weissagung hervorgebracht, sondern vom heiligen Geist getrieben redeten heilige Menschen, von Gott gesandt .",
          "words": []
        }
      ]
    },
    {
      "id": 2,
      "verses": [
        {
          "id": 1,
          "number": 1,
          "text": "Es gab aber auch falsche Propheten unter dem Volk, wie auch unter euch falsche Lehrer sein werden, welche verderbliche Sekten nebeneinführen und durch Verleugnung des Herrn, der sie erkauft hat, ein schnelles Verderben über sich selbst bringen werden.",
          "words": []
        },
        {
          "id": 2,
          "number": 2,
          "text": "Und viele werden ihren Ausschweifungen nachfolgen, und um ihretwillen wird der Weg der Wahrheit verlästert werden.",
          "words": []
        },
        {
          "id": 3,
          "number": 3,
          "text": "Und aus Habsucht werden sie euch mit betrügerischen Worten ausbeuten; aber das Urteil über sie ist von alters her nicht müßig, und ihr Verderben schlummert nicht.",
          "words": []
        },
        {
          "id": 4,
          "number": 4,
          "text": "Denn wenn Gott die Engel, die gesündigt hatten, nicht verschonte, sondern sie in Banden der Finsternis der Hölle übergab, um sie zum Gericht aufzubehalten,",
          "words": []
        },
        {
          "id": 5,
          "number": 5,
          "text": "und wenn er die alte Welt nicht verschonte, sondern Noah, den Prediger der Gerechtigkeit, als achten beschützte, als er die Sündflut über die Welt der Gottlosen brachte,",
          "words": []
        },
        {
          "id": 6,
          "number": 6,
          "text": "auch die Städte Sodom und Gomorra einäscherte und so zum Untergang verurteilte, womit er sie zukünftigen Gottlosen zum Beispiel setzte,",
          "words": []
        },
        {
          "id": 7,
          "number": 7,
          "text": "während er den gerechten Lot herausrettete, der durch den ausschweifenden Lebenswandel der Zuchtlosen geplagt worden war",
          "words": []
        },
        {
          "id": 8,
          "number": 8,
          "text": "denn dadurch, daß er es mitansehen und mitanhören mußte, quälte der Gerechte, der unter ihnen wohnte, Tag für Tag seine gerechte Seele mit ihren gottlosen Werken;",
          "words": []
        },
        {
          "id": 9,
          "number": 9,
          "text": "so weiß der Herr die Gottseligen aus der Prüfung zu erretten, die Ungerechten aber für den Tag des Gerichts zur Bestrafung aufzubehalten,",
          "words": []
        },
        {
          "id": 10,
          "number": 10,
          "text": "allermeist die, welche aus Begierde nach Befleckung dem Fleische nachlaufen und die Herrschaft verachten. Verwegen, frech, wie sie sind, fürchten sie sich nicht, die Majestäten zu lästern,",
          "words": []
        },
        {
          "id": 11,
          "number": 11,
          "text": "wo doch Engel, die an Stärke und Macht größer sind, kein lästerndes Urteil wider sie bei dem Herrn vorbringen.",
          "words": []
        },
        {
          "id": 12,
          "number": 12,
          "text": "Diese aber, wie unvernünftige Tiere von Natur zum Fang und Verderben geboren, lästern über das, was sie nicht verstehen, und werden in ihrer Verdorbenheit umkommen,",
          "words": []
        },
        {
          "id": 13,
          "number": 13,
          "text": "indem sie so den Lohn der Ungerechtigkeit davontragen. Sie halten die zeitliche Wollust für Vergnügen, sind Schmutz und Schandflecken und schwelgen bei ihren Liebesmahlen und wenn sie mit euch zusammen schmausen;",
          "words": []
        },
        {
          "id": 14,
          "number": 14,
          "text": "dabei haben sie Augen voll Ehebruch, hören nie auf zu sündigen, locken an sich die unbefestigten Seelen, haben ein Herz, geübt in der Habsucht, sind Kinder des Fluchs.",
          "words": []
        },
        {
          "id": 15,
          "number": 15,
          "text": "Weil sie den richtigen Weg verlassen haben, irren sie jetzt herum und folgen dem Wege Bileams, des Sohnes Beors, welcher den Lohn der Ungerechtigkeit liebte;",
          "words": []
        },
        {
          "id": 16,
          "number": 16,
          "text": "aber er bekam die Strafe für seine Übertretung: das stumme Lasttier redete mit Menschenstimme und wehrte der Torheit des Propheten.",
          "words": []
        },
        {
          "id": 17,
          "number": 17,
          "text": "Solche Menschen sind Brunnen ohne Wasser, und Wolken, vom Sturmwind getrieben, welchen das Dunkel der Finsternis aufbehalten ist.",
          "words": []
        },
        {
          "id": 18,
          "number": 18,
          "text": "Denn mit hochfahrenden, nichtigen Reden locken sie durch ausschweifende Fleischeslust diejenigen an sich, welche denen, die in der Irre gehen, kaum entflohen waren,",
          "words": []
        },
        {
          "id": 19,
          "number": 19,
          "text": "dabei verheißen sie ihnen Freiheit, wo sie doch selbst Knechte des Verderbens sind; denn wovon jemand überwunden ist, dessen Sklave ist er geworden.",
          "words": []
        },
        {
          "id": 20,
          "number": 20,
          "text": "Denn wenn sie durch die Erkenntnis des Herrn und Retters Jesus Christus den Befleckungen der Welt entflohen sind, aber wieder darin verstrickt werden und unterliegen, so wird es mit ihnen zuletzt ärger als zuerst.",
          "words": []
        },
        {
          "id": 21,
          "number": 21,
          "text": "Denn es wäre für sie besser, daß sie den Weg der Gerechtigkeit nie erkannt hätten, als daß sie nach erlangter Erkenntnis sich wieder abwenden von dem ihnen überlieferten heiligen Gebot.",
          "words": []
        },
        {
          "id": 22,
          "number": 22,
          "text": "Es ist ihnen ergangen nach dem wahren Sprichwort: «Der Hund frißt wieder, was er gespien hat, und die Sau wälzt sich nach der Schwemme wieder im Kot!»",
          "words": []
        }
      ]
    },
    {
      "id": 3,
      "verses": [
        {
          "id": 1,
          "number": 1,
          "text": "Geliebte, dies ist schon der zweite Brief, den ich euch schreibe, um durch Erinnerung euren lauteren Sinn aufzuwecken,",
          "words": []
        },
        {
          "id": 2,
          "number": 2,
          "text": "damit ihr der Worte gedenket, die von den heiligen Propheten vorausgesagt worden sind, und dessen, was der Herr und Retter euch durch die Apostel aufgetragen hat,",
          "words": []
        },
        {
          "id": 3,
          "number": 3,
          "text": "wobei ihr vor allem das wissen müßt, daß in den letzten Tagen Spötter kommen werden, die in ihrer Spötterei nach ihren eigenen Lüsten wandeln und sagen:",
          "words": []
        },
        {
          "id": 4,
          "number": 4,
          "text": "«Wo ist die Verheißung seiner Wiederkunft? denn seitdem die Väter entschlafen sind, bleibt alles so, wie es am Anfang der Schöpfung war!»",
          "words": []
        },
        {
          "id": 5,
          "number": 5,
          "text": "Dabei vergessen sie aber absichtlich, daß schon vorlängst Himmel waren und eine Erde aus Wasser und durch Wasser entstanden ist durch Gottes Wort;",
          "words": []
        },
        {
          "id": 6,
          "number": 6,
          "text": "und daß durch diese die damalige Welt infolge einer Wasserflut zugrunde ging.",
          "words": []
        },
        {
          "id": 7,
          "number": 7,
          "text": "Die jetzigen Himmel aber und die Erde werden durch dasselbe Wort fürs Feuer aufgespart und bewahrt für den Tag des Gerichts und des Verderbens der gottlosen Menschen.",
          "words": []
        },
        {
          "id": 8,
          "number": 8,
          "text": "Dieses eine aber sei euch nicht verborgen, Geliebte, daß ein Tag vor dem Herrn ist wie tausend Jahre, und tausend Jahre wie ein Tag!",
          "words": []
        },
        {
          "id": 9,
          "number": 9,
          "text": "Der Herr säumt nicht mit der Verheißung, wie etliche es für ein Säumen halten, sondern er ist langmütig gegen uns, da er nicht will, daß jemand verloren gehe, sondern daß jedermann Raum zur Buße habe.",
          "words": []
        },
        {
          "id": 10,
          "number": 10,
          "text": "Es wird aber der Tag des Herrn kommen wie ein Dieb; da werden die Himmel mit Krachen vergehen, die Elemente aber vor Hitze sich auflösen und die Erde und die Werke darauf verbrennen.",
          "words": []
        },
        {
          "id": 11,
          "number": 11,
          "text": "Da nun dies alles derart aufgelöst wird, wie sehr solltet ihr euch auszeichnen durch heiligen Wandel und Gottseligkeit,",
          "words": []
        },
        {
          "id": 12,
          "number": 12,
          "text": "dadurch, daß ihr erwartet und beschleuniget die Ankunft des Tages Gottes, an welchem die Himmel in Glut sich auflösen und die Elemente vor Hitze zerschmelzen werden!",
          "words": []
        },
        {
          "id": 13,
          "number": 13,
          "text": "Wir erwarten aber einen neuen Himmel und eine neue Erde, nach seiner Verheißung, in welchen Gerechtigkeit wohnt.",
          "words": []
        },
        {
          "id": 14,
          "number": 14,
          "text": "Darum, Geliebte, weil ihr solches erwartet, so befleißiget euch, daß ihr unbefleckt und tadellos vor ihm in Frieden erfunden werdet!",
          "words": []
        },
        {
          "id": 15,
          "number": 15,
          "text": "Und die Geduld unsres Herrn achtet für euer Heil, wie auch unser lieber Bruder Paulus nach der ihm verliehenen Weisheit euch geschrieben hat,",
          "words": []
        },
        {
          "id": 16,
          "number": 16,
          "text": "wie auch in allen Briefen, wo er davon spricht, in welchen etliches schwer zu verstehen ist, was die Ungelehrten und Unbefestigten verdrehen, wie auch die übrigen Schriften, zu ihrem eigenen Verderben.",
          "words": []
        },
        {
          "id": 17,
          "number": 17,
          "text": "Ihr aber, Geliebte, da ihr solches zum voraus wisset, hütet euch, daß ihr nicht durch die Verführung gewissenloser Menschen mitfortgerissen werdet und euren eigenen festen Stand verlieret!",
          "words": []
        },
        {
          "id": 18,
          "number": 18,
          "text": "Wachset dagegen in der Gnade und Erkenntnis unsres Herrn und Retters Jesus Christus! Sein ist die Herrlichkeit, sowohl jetzt, als für den Tag der Ewigkeit!",
          "words": []
        }
      ]
    }
  ]
}