{
  "id": 53,
  "name": "2 Thessalonians",
  "chapters": [
    {
      "id": 1,
      "verses": [
        {
          "id": 1,
          "number": 1,
          "text": "Paulus und Silvanus und Timotheus an die Gemeinde der Thessalonicher in Gott, unsrem Vater und dem Herrn Jesus Christus.",
          "words": []
        },
        {
          "id": 2,
          "number": 2,
          "text": "Gnade sei mit euch und Friede von Gott, dem Vater und dem Herrn Jesus Christus!",
          "words": []
        },
        {
          "id": 3,
          "number": 3,
          "text": "Wir sind Gott allezeit zu danken schuldig für euch, Brüder, wie es sich geziemt, weil euer Glaube über die Maßen wächst und die Liebe eines jeden einzelnen von euch zunimmt allen gegenüber,",
          "words": []
        },
        {
          "id": 4,
          "number": 4,
          "text": "so daß wir selbst uns euer rühmen in den Gemeinden Gottes wegen eurer Standhaftigkeit und Glaubenstreue in allen euren Verfolgungen und Drangsalen, die ihr zu ertragen habt:",
          "words": []
        },
        {
          "id": 5,
          "number": 5,
          "text": "ein Beweis des gerechten Gerichtes Gottes, daß ihr gewürdigt werdet des Königreiches Gottes, für das ihr leidet,",
          "words": []
        },
        {
          "id": 6,
          "number": 6,
          "text": "wie es denn gerecht ist vor Gott, denen, die euch bedrücken, mit Bedrückung zu vergelten,",
          "words": []
        },
        {
          "id": 7,
          "number": 7,
          "text": "euch aber, die ihr bedrückt werdet, mit Erquickung samt uns, bei der Offenbarung unsres Herrn Jesus Christus vom Himmel her, samt den Engeln seiner Kraft,",
          "words": []
        },
        {
          "id": 8,
          "number": 8,
          "text": "wenn er mit Feuerflammen Rache nehmen wird an denen, die Gott nicht anerkennen und die dem Evangelium unsres Herrn Jesus nicht gehorsam sind,",
          "words": []
        },
        {
          "id": 9,
          "number": 9,
          "text": "welche Strafe erleiden werden, ewiges Verderben, von dem Angesicht des Herrn und von der Herrlichkeit seiner Kraft,",
          "words": []
        },
        {
          "id": 10,
          "number": 10,
          "text": "wenn er kommen wird, um an jenem Tage verherrlicht zu werden in seinen Heiligen und bewundert in denen, die gläubig geworden sind, denn unser Zeugnis hat bei euch Glauben gefunden.",
          "words": []
        },
        {
          "id": 11,
          "number": 11,
          "text": "Zu diesem Zweck flehen wir auch allezeit für euch, daß unser Gott euch der Berufung würdig mache und alles Wohlgefallen der Güte und das Werk des Glaubens in Kraft erfülle,",
          "words": []
        },
        {
          "id": 12,
          "number": 12,
          "text": "auf daß der Name unsres Herrn Jesus Christus in euch verherrlicht werde und ihr in ihm, nach der Gnade unsres Gottes und des Herrn Jesus Christus.",
          "words": []
        }
      ]
    },
    {
      "id": 2,
      "verses": [
        {
          "id": 1,
          "number": 1,
          "text": "Wir bitten euch aber, Brüder, betreffs der Wiederkunft unsres Herrn Jesus Christus und unsrer Vereinigung mit ihm:",
          "words": []
        },
        {
          "id": 2,
          "number": 2,
          "text": "Lasset euch nicht so schnell aus der Fassung bringen oder gar in Schrecken jagen, weder durch einen Geist, noch durch eine Rede, noch durch einen angeblich von uns stammenden Brief, als wäre der Tag des Herrn schon da.",
          "words": []
        },
        {
          "id": 3,
          "number": 3,
          "text": "Niemand soll euch irreführen in irgendeiner Weise, denn es muß unbedingt zuerst der Abfall kommen und der Mensch der Sünde, der Sohn des Verderbens,",
          "words": []
        },
        {
          "id": 4,
          "number": 4,
          "text": "geoffenbart werden, der Widersacher, der sich über alles erhebt, was Gott oder Gegenstand der Verehrung heißt, so daß er sich in den Tempel Gottes setzt und sich selbst als Gott erklärt.",
          "words": []
        },
        {
          "id": 5,
          "number": 5,
          "text": "Denket ihr nicht mehr daran, daß ich euch solches sagte, als ich noch bei euch war?",
          "words": []
        },
        {
          "id": 6,
          "number": 6,
          "text": "Und nun wisset ihr ja, was noch aufhält, daß er geoffenbart werde zu seiner Zeit.",
          "words": []
        },
        {
          "id": 7,
          "number": 7,
          "text": "Denn das Geheimnis der Gesetzlosigkeit ist schon an der Arbeit, nur muß der, welcher jetzt aufhält, erst aus dem Wege geschafft werden;",
          "words": []
        },
        {
          "id": 8,
          "number": 8,
          "text": "und dann wird der Gesetzlose geoffenbart werden, welchen der Herr Jesus durch den Geist seines Mundes aufreiben, und den er durch die Erscheinung seiner Wiederkunft vernichten wird,",
          "words": []
        },
        {
          "id": 9,
          "number": 9,
          "text": "ihn, dessen Auftreten nach der Wirkung des Satans erfolgt, unter Entfaltung aller betrügerischen Kräfte, Zeichen und Wunder",
          "words": []
        },
        {
          "id": 10,
          "number": 10,
          "text": "und aller Verführung der Ungerechtigkeit unter denen, die verlorengehen, weil sie die Liebe zur Wahrheit nicht angenommen haben, durch die sie hätten gerettet werden können.",
          "words": []
        },
        {
          "id": 11,
          "number": 11,
          "text": "Darum sendet ihnen Gott kräftigen Irrtum, daß sie der Lüge glauben,",
          "words": []
        },
        {
          "id": 12,
          "number": 12,
          "text": "damit alle gerichtet werden, die der Wahrheit nicht geglaubt, sondern Wohlgefallen an der Ungerechtigkeit gehabt haben.",
          "words": []
        },
        {
          "id": 13,
          "number": 13,
          "text": "Wir aber sind Gott allezeit zu danken schuldig für euch, vom Herrn geliebte Brüder, daß Gott euch von Anfang an zum Heil erwählt hat, in der Heiligung des Geistes und im Glauben an die Wahrheit,",
          "words": []
        },
        {
          "id": 14,
          "number": 14,
          "text": "wozu er euch auch berufen hat durch unser Evangelium, zur Erlangung der Herrlichkeit unsres Herrn Jesus Christus.",
          "words": []
        },
        {
          "id": 15,
          "number": 15,
          "text": "So stehet denn nun fest, ihr Brüder, und haltet fest an den Überlieferungen, die ihr gelehrt worden seid, sei es durch ein Wort oder durch einen Brief von uns.",
          "words": []
        },
        {
          "id": 16,
          "number": 16,
          "text": "Er selbst aber, unser Herr Jesus Christus, und Gott, unser Vater, der uns geliebt und einen ewigen Trost und eine gute Hoffnung durch Gnade gegeben hat,",
          "words": []
        },
        {
          "id": 17,
          "number": 17,
          "text": "tröste eure Herzen und stärke euch in jedem guten Wort und Werk!",
          "words": []
        }
      ]
    },
    {
      "id": 3,
      "verses": [
        {
          "id": 1,
          "number": 1,
          "text": "Im übrigen betet für uns, ihr Brüder, daß das Wort des Herrn laufe und verherrlicht werde, wie bei euch,",
          "words": []
        },
        {
          "id": 2,
          "number": 2,
          "text": "und daß wir errettet werden von den widrigen und bösen Menschen; denn nicht alle haben den Glauben.",
          "words": []
        },
        {
          "id": 3,
          "number": 3,
          "text": "Aber der Herr ist treu, der wird euch stärken und bewahren vor dem Argen.",
          "words": []
        },
        {
          "id": 4,
          "number": 4,
          "text": "Wir trauen euch aber zu im Herrn, daß ihr tut und tun werdet, was wir euch gebieten.",
          "words": []
        },
        {
          "id": 5,
          "number": 5,
          "text": "Der Herr aber lenke eure Herzen zu der Liebe Gottes und zu der Geduld Christi!",
          "words": []
        },
        {
          "id": 6,
          "number": 6,
          "text": "Wir gebieten euch aber, ihr Brüder, im Namen unsres Herrn Jesus Christus, daß ihr euch von jedem Bruder zurückziehet, der unordentlich wandelt und nicht nach der Überlieferung, die ihr von uns empfangen habt.",
          "words": []
        },
        {
          "id": 7,
          "number": 7,
          "text": "Denn ihr wisset selbst, wie ihr uns nachahmen sollt; denn wir lebten nicht unordentlich unter euch,",
          "words": []
        },
        {
          "id": 8,
          "number": 8,
          "text": "wir haben auch nicht umsonst bei jemand Brot gegessen, sondern mit Mühe und Anstrengung Tag und Nacht gearbeitet, um niemand von euch zur Last zu fallen.",
          "words": []
        },
        {
          "id": 9,
          "number": 9,
          "text": "Nicht daß wir kein Recht dazu hätten, sondern um euch an uns ein Beispiel zu geben, damit ihr uns nachahmen möchtet.",
          "words": []
        },
        {
          "id": 10,
          "number": 10,
          "text": "Denn als wir bei euch waren, geboten wir euch dies: wenn jemand nicht arbeiten will, soll er auch nicht essen.",
          "words": []
        },
        {
          "id": 11,
          "number": 11,
          "text": "Wir hören nämlich, daß etliche von euch unordentlich wandeln und nicht arbeiten, sondern unnütze Dinge treiben.",
          "words": []
        },
        {
          "id": 12,
          "number": 12,
          "text": "Solchen gebieten wir und ermahnen sie durch unsren Herrn Jesus Christus, daß sie mit stiller Arbeit ihr eigenes Brot verdienen.",
          "words": []
        },
        {
          "id": 13,
          "number": 13,
          "text": "Ihr aber, Brüder, werdet nicht müde, Gutes zu tun!",
          "words": []
        },
        {
          "id": 14,
          "number": 14,
          "text": "Wenn aber jemand unsrem brieflichen Wort nicht gehorcht, den kennzeichnet dadurch, daß ihr nicht mit ihm umgehet, damit er sich schämen muß;",
          "words": []
        },
        {
          "id": 15,
          "number": 15,
          "text": "doch haltet ihn nicht für einen Feind, sondern weiset ihn zurecht als einen Bruder.",
          "words": []
        },
        {
          "id": 16,
          "number": 16,
          "text": "Er aber, der Herr des Friedens, gebe euch den Frieden immerdar und auf alle Weise! Der Herr sei mit euch allen!",
          "words": []
        },
        {
          "id": 17,
          "number": 17,
          "text": "Der Gruß mit meiner, des Paulus, Hand; dies ist das Zeichen in jedem Briefe, so schreibe ich.",
          "words": []
        },
        {
          "id": 18,
          "number": 18,
          "text": "Die Gnade unsres Herrn Jesus Christus sei mit euch allen! Amen.",
          "words": []
        }
      ]
    }
  ]
}