{
  "id": 64,
  "name": "3 John",
  "chapters": [
    {
      "id": 1,
      "verses": [
        {
          "id": 1,
          "number": 1,
          "text": "Der Älteste an Gajus, den geliebten, welchen ich in Wahrheit liebe.",
          "words": []
        },
        {
          "id": 2,
          "number": 2,
          "text": "Mein Lieber, ich wünsche dir in allen Stücken Wohlergehen und Gesundheit, wie es deiner Seele wohlgeht!",
          "words": []
        },
        {
          "id": 3,
          "number": 3,
          "text": "Denn ich freute mich sehr, als Brüder kamen und von deiner Wahrhaftigkeit Zeugnis ablegten, wie du in der Wahrheit wandelst.",
          "words": []
        },
        {
          "id": 4,
          "number": 4,
          "text": "Ich habe keine größere Freude als die, zu hören, daß meine Kinder in der Wahrheit wandeln.",
          "words": []
        },
        {
          "id": 5,
          "number": 5,
          "text": "Mein Lieber, du handelst getreulich in dem, was du an den Brüdern tust, und noch dazu an fremden.",
          "words": []
        },
        {
          "id": 6,
          "number": 6,
          "text": "Sie haben von deiner Liebe Zeugnis abgelegt vor der Gemeinde. Du wirst wohltun, wenn du ihnen ein Geleite gibst, wie es Gottes würdig ist;",
          "words": []
        },
        {
          "id": 7,
          "number": 7,
          "text": "denn um seines Namens willen sind sie ausgezogen, ohne von den Heidnischen etwas anzunehmen.",
          "words": []
        },
        {
          "id": 8,
          "number": 8,
          "text": "So sind wir nun verpflichtet, solche aufzunehmen, damit wir Mitarbeiter der Wahrheit werden.",
          "words": []
        },
        {
          "id": 9,
          "number": 9,
          "text": "Ich habe der Gemeinde etwas geschrieben; aber Diotrephes, der bei ihnen der erste sein möchte, nimmt uns nicht an.",
          "words": []
        },
        {
          "id": 10,
          "number": 10,
          "text": "Darum will ich, wenn ich komme, ihm seine Werke vorhalten, die er tut, indem er uns mit bösen Worten verleumdet; und daran nicht genug, nimmt er selbst die Brüder nicht auf und wehrt es noch denen, die es tun wollen, und stößt sie aus der Gemeinde.",
          "words": []
        },
        {
          "id": 11,
          "number": 11,
          "text": "Mein Lieber, ahme nicht das Böse nach, sondern das Gute! Wer Gutes tut, der ist von Gott; wer Böses tut, hat Gott nicht gesehen.",
          "words": []
        },
        {
          "id": 12,
          "number": 12,
          "text": "Dem Demetrius wird von allen und von der Wahrheit selbst ein gutes Zeugnis ausgestellt; auch wir geben Zeugnis dafür, und du weißt, daß unser Zeugnis wahr ist.",
          "words": []
        },
        {
          "id": 13,
          "number": 13,
          "text": "Ich hätte dir vieles zu schreiben; aber ich will dir nicht mit Tinte und Feder schreiben.",
          "words": []
        },
        {
          "id": 14,
          "number": 14,
          "text": "Ich hoffe aber, dich bald zu sehen, und dann wollen wir mündlich miteinander reden. (G1-15) Friede sei mit dir! Es grüßen dich die Freunde. Grüße die Freunde mit Namen!",
          "words": []
        }
      ]
    }
  ]
}