{
  "id": 30,
  "name": "Amos",
  "chapters": [
    {
      "id": 1,
      "verses": [
        {
          "id": 1,
          "number": 1,
          "text": "Dies sind die Worte, welche Amos, der unter den Hirten von Tekoa war, über Israel geschaut hat in den Tagen Ussias, des Königs von Juda, und in den Tagen Jerobeams, des Sohnes des Joas, des Königs von Israel, zwei Jahre vor dem Erdbeben.",
          "words": []
        },
        {
          "id": 2,
          "number": 2,
          "text": "Er sprach: Der HERR wird aus Zion brüllen und seine Stimme von Jerusalem her hören lassen; da werden die Auen der Hirten verdorren, und der Gipfel des Karmel wird verwelken.",
          "words": []
        },
        {
          "id": 3,
          "number": 3,
          "text": "So spricht der HERR: Wegen drei und wegen vier Übertretungen von Damaskus wende ich solches nicht ab, nämlich weil sie Gilead mit eisernen Schlitten zerdroschen haben;",
          "words": []
        },
        {
          "id": 4,
          "number": 4,
          "text": "darum will ich ein Feuer in das Haus Hasaels senden, das die Paläste Benhadads verzehren soll;",
          "words": []
        },
        {
          "id": 5,
          "number": 5,
          "text": "und ich will den Riegel von Damaskus zerbrechen und die Bewohner des Freveltals ausrotten samt dem, der das Zepter im Lusthause hält; und das Syrervolk soll nach Kir in die Verbannung wandern, spricht der HERR.",
          "words": []
        },
        {
          "id": 6,
          "number": 6,
          "text": "So spricht der HERR: Wegen drei und wegen vier Übertretungen von Gaza wende ich solches nicht ab, weil sie Gefangene in voller Zahl abgeführt und an Edom ausgeliefert haben;",
          "words": []
        },
        {
          "id": 7,
          "number": 7,
          "text": "darum will ich ein Feuer in die Mauern von Gaza senden, das seine Paläste verzehren soll;",
          "words": []
        },
        {
          "id": 8,
          "number": 8,
          "text": "und ich will die Bewohner von Asdod ausrotten und den, der in Askalon das Zepter hält, und will meine Hand wider Ekron wenden, daß umkommen soll, wer von den Philistern noch übrig ist, spricht Gott, der HERR.",
          "words": []
        },
        {
          "id": 9,
          "number": 9,
          "text": "So spricht der HERR: Wegen drei und wegen vier Übertretungen der Stadt Tyrus wende ich solches nicht ab, weil sie Gefangene in voller Zahl an Edom ausgeliefert und des Bruderbundes nicht gedacht haben.",
          "words": []
        },
        {
          "id": 10,
          "number": 10,
          "text": "Darum will ich ein Feuer in die Mauern von Tyrus senden, das ihre Paläste verzehren soll.",
          "words": []
        },
        {
          "id": 11,
          "number": 11,
          "text": "So spricht der HERR: Wegen drei und wegen vier Übertretungen Edoms wende ich solches nicht ab, weil er seinen Bruder mit dem Schwerte verfolgt und sein Erbarmen erstickt und seinem Zorn stets den Lauf gelassen und seinen Grimm allezeit behalten hat;",
          "words": []
        },
        {
          "id": 12,
          "number": 12,
          "text": "darum will ich ein Feuer nach Teman senden, welches die Paläste von Bozra verzehren soll.",
          "words": []
        },
        {
          "id": 13,
          "number": 13,
          "text": "So spricht der HERR: Wegen drei und wegen vier Übertretungen der Kinder Ammon wende ich solches nicht ab, weil sie die Schwangern in Gilead aufgeschlitzt haben, um ihr eigenes Gebiet zu erweitern;",
          "words": []
        },
        {
          "id": 14,
          "number": 14,
          "text": "darum will ich ein Feuer in den Mauern von Rabba anzünden, das ihre Paläste verzehren soll, unter Kriegsgeschrei am Tage der Schlacht und im Wetter am Tage des Sturms.",
          "words": []
        },
        {
          "id": 15,
          "number": 15,
          "text": "Und ihr König muß in die Gefangenschaft wandern und seine Fürsten samt ihm, spricht der HERR.",
          "words": []
        }
      ]
    },
    {
      "id": 2,
      "verses": [
        {
          "id": 1,
          "number": 1,
          "text": "So spricht der HERR: Wegen drei und wegen vier Übertretungen Moabs wende ich solches nicht ab, weil sie die Gebeine des Königs von Edom zu Kalk verbrannt haben;",
          "words": []
        },
        {
          "id": 2,
          "number": 2,
          "text": "darum will ich ein Feuer nach Moab senden, das die Paläste von Kerijot verzehren soll; und Moab soll sterben im Getümmel, im Kriegslärm und beim Posaunenschall;",
          "words": []
        },
        {
          "id": 3,
          "number": 3,
          "text": "und ich will den Richter aus seiner Mitte vertilgen und alle seine Fürsten mit ihm umbringen, spricht der HERR.",
          "words": []
        },
        {
          "id": 4,
          "number": 4,
          "text": "So spricht der HERR: Wegen drei und wegen vier Übertretungen Judas wende ich solches nicht ab, weil sie das Gesetz des HERRN verachtet und seine Satzungen nicht beobachtet haben, sondern sich durch ihre Lügen verführen ließen, welchen schon ihre Väter nachgefolgt sind;",
          "words": []
        },
        {
          "id": 5,
          "number": 5,
          "text": "darum will ich ein Feuer nach Juda senden, welches die Paläste Jerusalems verzehren soll.",
          "words": []
        },
        {
          "id": 6,
          "number": 6,
          "text": "So spricht der HERR: Wegen drei und wegen vier Übertretungen Israels wende ich solches nicht ab, weil sie den Gerechten um Geld und den Armen für ein Paar Schuhe verkaufen;",
          "words": []
        },
        {
          "id": 7,
          "number": 7,
          "text": "weil sie nach dem Erdenstaub auf den Köpfen der Geringen gierig sind und die Wehrlosen vom Wege stoßen; weil Vater und Sohn zur Dirne gehen, um meinen heiligen Namen zu entheiligen;",
          "words": []
        },
        {
          "id": 8,
          "number": 8,
          "text": "und auf Kleidern, die sie zum Pfand genommen, strecken sie sich aus neben jedem Altar und vertrinken Bußengelder im Hause ihrer Götter!",
          "words": []
        },
        {
          "id": 9,
          "number": 9,
          "text": "Und doch habe ich den Amoriter vor ihnen her ausgerottet, der so hoch war wie die Zedern und so stark wie die Eichen; ich habe oben seine Frucht und unten seine Wurzel vertilgt;",
          "words": []
        },
        {
          "id": 10,
          "number": 10,
          "text": "und ich war es, der euch aus dem Lande Ägypten heraufgebracht und euch vierzig Jahre lang in der Wüste geleitet hat bis zur Einnahme des Landes der Amoriter;",
          "words": []
        },
        {
          "id": 11,
          "number": 11,
          "text": "und ich habe aus euren Söhnen Propheten erweckt und aus euren Jünglingen Nasiräer; oder ist es etwa nicht so, ihr Kinder Israel? spricht der HERR.",
          "words": []
        },
        {
          "id": 12,
          "number": 12,
          "text": "Ihr aber gabt den Nasiräern Wein zu trinken und befahlt den Propheten: Ihr sollt nicht weissagen!",
          "words": []
        },
        {
          "id": 13,
          "number": 13,
          "text": "Seht, ich will eine Last auf euch legen, wie die eines Wagens, der voller Garben ist.",
          "words": []
        },
        {
          "id": 14,
          "number": 14,
          "text": "Da wird dem Schnellen das Fliehen vergehen und dem Starken seine Kraft versagen, und der Held wird seine Seele nicht retten können,",
          "words": []
        },
        {
          "id": 15,
          "number": 15,
          "text": "und der Bogenschütze wird nicht standhalten und der Leichtfüßige nicht entrinnen und der Richter seine Seele nicht erretten;",
          "words": []
        },
        {
          "id": 16,
          "number": 16,
          "text": "auch wer unter den Helden ein tapferes Herz hat, der wird nackt entfliehen, spricht der HERR.",
          "words": []
        }
      ]
    },
    {
      "id": 3,
      "verses": [
        {
          "id": 1,
          "number": 1,
          "text": "Hört dieses Wort, welches der HERR wider euch gesprochen hat, ihr Kinder Israel, wider alle Geschlechter, die ich aus Ägyptenland heraufgeführt habe!",
          "words": []
        },
        {
          "id": 2,
          "number": 2,
          "text": "Es lautet also: Nur euch habe ich ersehen von allen Geschlechtern der Erde, darum will ich auch an euch heimsuchen alle eure Missetaten.",
          "words": []
        },
        {
          "id": 3,
          "number": 3,
          "text": "Gehen auch zwei miteinander, ohne daß sie sich vereinigt haben?",
          "words": []
        },
        {
          "id": 4,
          "number": 4,
          "text": "Brüllt der Löwe im Wald, wenn er keinen Raub hat? Läßt der junge Leu aus seiner Höhle die Stimme erschallen, wenn er nichts erwischt hat?",
          "words": []
        },
        {
          "id": 5,
          "number": 5,
          "text": "Gerät auch ein Vogel in die Falle am Boden, wenn ihm keine Schlinge gelegt worden ist? Schnellt wohl die Falle vom Erdboden empor, ohne daß sie etwas gefangen hat?",
          "words": []
        },
        {
          "id": 6,
          "number": 6,
          "text": "Kann man in die Posaune stoßen in der Stadt, ohne daß das Volk erschrickt? Geschieht auch ein Unglück in der Stadt, das der HERR nicht tue?",
          "words": []
        },
        {
          "id": 7,
          "number": 7,
          "text": "Nein, Gott, der HERR tut nichts, er offenbare denn sein Geheimnis seinen Knechten, den Propheten.",
          "words": []
        },
        {
          "id": 8,
          "number": 8,
          "text": "Der Löwe brüllt; wer sollte sich nicht fürchten? Gott, der HERR, redet; wer sollte nicht weissagen?",
          "words": []
        },
        {
          "id": 9,
          "number": 9,
          "text": "Laßt es hören auf den Palästen von Asdod und auf den Palästen im Lande Ägypten und sprechet: Versammelt euch auf den Bergen von Samarien und seht, welch große Verwirrung darinnen herrscht und was für Bedrückungen daselbst vorkommen!",
          "words": []
        },
        {
          "id": 10,
          "number": 10,
          "text": "Sie sind keiner ehrlichen Handlung fähig, spricht der HERR, sondern häufen durch Unrecht und Gewalt in ihren Palästen Schätze an.",
          "words": []
        },
        {
          "id": 11,
          "number": 11,
          "text": "Darum spricht Gott, der HERR: Der Feind wird kommen und dein Land umzingeln, er wird dein Bollwerk zerstören und deine Paläste plündern!",
          "words": []
        },
        {
          "id": 12,
          "number": 12,
          "text": "So spricht der HERR: Wie ein Hirt aus dem Rachen des Löwen zwei Schenkel oder ein Ohrläpplein rettet, so sollen die Kinder Israel errettet werden, welche zu Samaria in der Sophaecke sitzen und auf dem Ruhebette von Damast!",
          "words": []
        },
        {
          "id": 13,
          "number": 13,
          "text": "Höret und bezeuget gegen das Haus Jakob den Spruch Gottes, des HERRN, des Gottes der Heerscharen:",
          "words": []
        },
        {
          "id": 14,
          "number": 14,
          "text": "An dem Tage, da ich die Übertretungen des Hauses Israel an ihnen heimsuche, werde ich sie auch an den Altären zu Bethel strafen, so daß die Hörner des Altars abgehauen werden und zu Boden fallen.",
          "words": []
        },
        {
          "id": 15,
          "number": 15,
          "text": "Und ich will den Winterpalast schlagen samt dem Sommerpalast, und die Elfenbeinhäuser sollen untergehen und die großen Häuser verschwinden, spricht der HERR.",
          "words": []
        }
      ]
    },
    {
      "id": 4,
      "verses": [
        {
          "id": 1,
          "number": 1,
          "text": "Hört dieses Wort, ihr Kühe von Basan auf dem Berge von Samaria, die ihr die Geringen bedrückt und die Armen mißhandelt und zu euren Herren sagt: Gib her, daß wir zechen!",
          "words": []
        },
        {
          "id": 2,
          "number": 2,
          "text": "Gott, der HERR, hat bei seiner Heiligkeit geschworen: Siehe, es kommen Tage über euch, da man euch an Haken und eure Nachkommen an Fischangeln wegschleppen wird;",
          "words": []
        },
        {
          "id": 3,
          "number": 3,
          "text": "und ihr werdet durch die Mauerbreschen ausziehen, eine jegliche stracks vor sich hin, und nach Harmon geworfen werden, spricht der HERR.",
          "words": []
        },
        {
          "id": 4,
          "number": 4,
          "text": "Geht nur nach Bethel und sündiget und in Gilgal sündiget noch mehr! Bringt nur jeden Morgen eure Opfer und am dritten Tag eure Zehnten!",
          "words": []
        },
        {
          "id": 5,
          "number": 5,
          "text": "Verbrennet nur gesäuerte Dankopfer und ruft freiwillige Gaben aus, daß man es höre; denn so habt ihr's gern, ihr Kinder Israel, spricht Gott, der HERR.",
          "words": []
        },
        {
          "id": 6,
          "number": 6,
          "text": "Dafür habe ich euch auch müßige Zähne gegeben in allen euren Städten und Mangel an Brot an allen euren Orten; dennoch seid ihr nicht zu mir umgekehrt, spricht der HERR.",
          "words": []
        },
        {
          "id": 7,
          "number": 7,
          "text": "So habe ich euch auch den Regen zurückbehalten bis drei Monate vor der Ernte, und ich ließ regnen auf die eine Stadt, aber auf die andere nicht; ein Feld wurde beregnet, und ein anderes, das nicht beregnet wurde, verdorrte;",
          "words": []
        },
        {
          "id": 8,
          "number": 8,
          "text": "und es wankten zwei, drei Städte zu einer Stadt, um Wasser zu trinken, und bekamen doch nicht genug. Dennoch seid ihr nicht zu mir umgekehrt, spricht der HERR.",
          "words": []
        },
        {
          "id": 9,
          "number": 9,
          "text": "Ich schlug euch mit Getreidebrand und mit Vergilben; eure Gärten und Weinberge verdorrten, eure Feigenbäume und Oliven fraß gar oft die Heuschrecke ab. Dennoch seid ihr nicht zu mir umgekehrt, spricht der HERR.",
          "words": []
        },
        {
          "id": 10,
          "number": 10,
          "text": "Ich sandte die Pest unter euch wie einst gegen Ägypten; ich tötete eure junge Mannschaft mit dem Schwert und führte eure Pferde gefangen weg, und ich ließ den Gestank eurer Heerlager in eure Nase steigen. Dennoch seid ihr nicht zu mir umgekehrt, spricht der HERR.",
          "words": []
        },
        {
          "id": 11,
          "number": 11,
          "text": "Ich kehrte etliche unter euch um, wie Gott Sodom und Gomorra umgekehrt hat, daß ihr waret wie ein aus dem Brand gerettetes Holzscheit. Dennoch seid ihr nicht zu mir umgekehrt, spricht der HERR.",
          "words": []
        },
        {
          "id": 12,
          "number": 12,
          "text": "Darum will ich also mit dir verfahren, Israel! Weil ich denn also mit dir verfahren will, so schicke dich an, Israel, deinem Gott zu begegnen!",
          "words": []
        },
        {
          "id": 13,
          "number": 13,
          "text": "Denn siehe, er bildet die Berge und schafft den Wind und zeigt dem Menschen an, was seine Gedanken sind; er macht das Morgenrot und das Dunkel und schreitet über die Höhen der Erde dahin, HERR, Gott der Heerscharen, heißt er.",
          "words": []
        }
      ]
    },
    {
      "id": 5,
      "verses": [
        {
          "id": 1,
          "number": 1,
          "text": "Hört dieses Wort, dieses Klagelied, das ich über euch anstimme, ihr vom Hause Israel!",
          "words": []
        },
        {
          "id": 2,
          "number": 2,
          "text": "Sie ist gefallen und kann nicht wieder aufstehen, die Jungfrau Israel; sie ist zu Boden gestürzt, und niemand richtet sie auf.",
          "words": []
        },
        {
          "id": 3,
          "number": 3,
          "text": "Denn also spricht Gott, der HERR: Die Stadt, welche tausend Mann stellt, wird nur hundert übrig behalten, und die, welche hundert stellt, wird nur zehn übrig behalten vom Hause Israel.",
          "words": []
        },
        {
          "id": 4,
          "number": 4,
          "text": "Denn also spricht der HERR zum Hause Israel: Suchet mich, so werdet ihr leben!",
          "words": []
        },
        {
          "id": 5,
          "number": 5,
          "text": "Und suchet nicht Bethel auf und gehet nicht nach Gilgal und ziehet nicht hinüber nach Beerseba; denn Gilgal wird in die Gefangenschaft wandern und Bethel zum Unheilshaus werden!",
          "words": []
        },
        {
          "id": 6,
          "number": 6,
          "text": "Suchet den HERRN, so werdet ihr leben! Sonst wird er das Haus Joseph wie ein Feuer überfallen und es also verzehren, daß niemand Bethel löschen kann.",
          "words": []
        },
        {
          "id": 7,
          "number": 7,
          "text": "Ihr verwandelt das Recht in Wermut und stoßet die Gerechtigkeit zu Boden.",
          "words": []
        },
        {
          "id": 8,
          "number": 8,
          "text": "Er aber macht das Siebengestirn und den Orion und verwandelt den Todesschatten in den Morgen, den Tag aber in finstere Nacht; er ruft den Meereswassern und gießt sie auf den Erdboden: HERR ist sein Name.",
          "words": []
        },
        {
          "id": 9,
          "number": 9,
          "text": "Er läßt blitzschnell Zerstörung über den Starken kommen, und es bricht Zerstörung über die Festung herein.",
          "words": []
        },
        {
          "id": 10,
          "number": 10,
          "text": "Sie hassen den, der im Tore Recht spricht, und verabscheuen den, der aufrichtig redet.",
          "words": []
        },
        {
          "id": 11,
          "number": 11,
          "text": "Darum, weil ihr den Geringen niedertretet und Getreideabgaben von ihm erhebet, sollt ihr die Häuser, die ihr aus Quadersteinen gebaut habt, nicht bewohnen und den Wein der Weinberge, die ihr gepflanzt habt, nicht trinken.",
          "words": []
        },
        {
          "id": 12,
          "number": 12,
          "text": "Denn ich weiß, daß eurer Übertretungen viele und daß eure Sünden zahlreich sind, daß ihr den Gerechten dränget, Bestechung annehmet und die Armen im Tor unterdrücket!",
          "words": []
        },
        {
          "id": 13,
          "number": 13,
          "text": "Darum muß der Kluge zu dieser Zeit schweigen; denn es ist böse Zeit.",
          "words": []
        },
        {
          "id": 14,
          "number": 14,
          "text": "Suchet das Gute und nicht das Böse, auf daß ihr lebet; dann wird der HERR mit euch sein, wie ihr sagt!",
          "words": []
        },
        {
          "id": 15,
          "number": 15,
          "text": "Hasset das Böse und liebet das Gute und gebet dem Recht seinen Platz im Tor; vielleicht wird der HERR, der Gott der Heerscharen, dem Überrest Josephs gnädig sein.",
          "words": []
        },
        {
          "id": 16,
          "number": 16,
          "text": "Darum spricht der HERR, der Gott der Heerscharen, der Herr, also: Auf allen Plätzen wird man klagen und auf allen Straßen «wehe, wehe!» rufen. Man wird den Bauer zur Trauer rufen und denen Klagelieder vorsagen, die sie singen können.",
          "words": []
        },
        {
          "id": 17,
          "number": 17,
          "text": "Und in allen Weinbergen wird Wehklage erschallen; denn ich will mitten durch euch dahinschreiten, spricht der HERR.",
          "words": []
        },
        {
          "id": 18,
          "number": 18,
          "text": "Wehe denen, die den Tag des HERRN herbeiwünschen! Was soll euch der Tag des HERRN? Er wird finster sein und nicht Licht,",
          "words": []
        },
        {
          "id": 19,
          "number": 19,
          "text": "gleich als wenn jemand vor dem Löwen flöhe und ihm ein Bär begegnete, und wenn er heimkäme und sich mit der Hand an die Wand lehnte, ihn eine Schlange bisse!",
          "words": []
        },
        {
          "id": 20,
          "number": 20,
          "text": "Wird nicht der Tag des HERRN finster sein, und nicht Licht, dunkel und ohne Glanz?",
          "words": []
        },
        {
          "id": 21,
          "number": 21,
          "text": "Ich hasse, ich verachte eure Feste und mag eure Festversammlungen nicht riechen!",
          "words": []
        },
        {
          "id": 22,
          "number": 22,
          "text": "Wenn ihr mir gleich euer Brandopfer und Speisopfer darbringt, so habe ich kein Wohlgefallen daran, und eure Dankopfer von Mastkälbern schaue ich gar nicht an.",
          "words": []
        },
        {
          "id": 23,
          "number": 23,
          "text": "Tue nur weg von mir das Geplärr deiner Lieder, und dein Harfenspiel mag ich gar nicht hören!",
          "words": []
        },
        {
          "id": 24,
          "number": 24,
          "text": "Es soll aber das Recht daherfluten wie Wasser und die Gerechtigkeit wie ein unversiegbarer Strom!",
          "words": []
        },
        {
          "id": 25,
          "number": 25,
          "text": "Hast du, Haus Israel, mir während der vierzig Jahre in der Wüste Schlachtopfer und Speisopfer dargebracht?",
          "words": []
        },
        {
          "id": 26,
          "number": 26,
          "text": "Habt ihr nicht die Hütte eures Moloch, das Standbild eurer Götzen getragen, den Stern, den ihr euch zum Gott gemacht habt?",
          "words": []
        },
        {
          "id": 27,
          "number": 27,
          "text": "Ich aber will euch bis über Damaskus hinaus verbannen, spricht der HERR, Gott der Heerscharen ist sein Name.",
          "words": []
        }
      ]
    },
    {
      "id": 6,
      "verses": [
        {
          "id": 1,
          "number": 1,
          "text": "Wehe den Sorglosen zu Zion und den Sichern auf dem Berge Samaria, den Vornehmsten des ersten der Völker, zu denen das Haus Israel kommt!",
          "words": []
        },
        {
          "id": 2,
          "number": 2,
          "text": "Geht hinüber nach Kalne und seht es euch an und kommt dann von dort nach dem großen Hamat; steigt auch hinab nach Gat im Philisterland! Seid ihr besser als diese Königreiche, oder ist ihr Gebiet größer als euer Gebiet?",
          "words": []
        },
        {
          "id": 3,
          "number": 3,
          "text": "Ihr meinet, der böse Tag sei fern und rücket den Thron der Gewalttat heran!",
          "words": []
        },
        {
          "id": 4,
          "number": 4,
          "text": "Ihr schlafet auf elfenbeinernen Betten und strecket euch aus auf euren Polstern; ihr verzehret Lämmer von der Herde weg und Kälber frisch aus dem Stall!",
          "words": []
        },
        {
          "id": 5,
          "number": 5,
          "text": "Sie phantasieren auf der Harfe und dichten sich selbst Lieder wie David!",
          "words": []
        },
        {
          "id": 6,
          "number": 6,
          "text": "Sie trinken Wein aus Schalen und salben sich mit dem besten Öl; aber um den Schaden Josephs kümmern sie sich nicht!",
          "words": []
        },
        {
          "id": 7,
          "number": 7,
          "text": "Darum sollen sie nun an der Spitze der Gefangenen in die Verbannung wandern, und das Jauchzen der Schlemmer wird verstummen.",
          "words": []
        },
        {
          "id": 8,
          "number": 8,
          "text": "Gott, der HERR, hat geschworen: So wahr ich lebe, spricht der HERR, der Gott der Heerscharen, ich verabscheue Jakobs Stolz und hasse seine Paläste; darum gebe ich die Stadt preis, samt allem, was darin ist.",
          "words": []
        },
        {
          "id": 9,
          "number": 9,
          "text": "Und wenn gleich zehn Männer in einem Hause übrigbleiben, so sollen sie sterben.",
          "words": []
        },
        {
          "id": 10,
          "number": 10,
          "text": "Und heben dann sein Oheim und sein Leichenverbrenner den Toten auf, um die Gebeine aus dem Hause zu schaffen, und fragt er den drinnen im Hause: «Ist noch jemand bei dir?» so wird er antworten: «Niemand mehr!» Dann wird er sagen: «Still! Denn der Name des HERRN soll nicht erwähnt werden!»",
          "words": []
        },
        {
          "id": 11,
          "number": 11,
          "text": "Denn siehe, der HERR wird Befehl geben, daß das große Haus in Trümmer gelegt und das kleine Haus in Stücke geschlagen werde.",
          "words": []
        },
        {
          "id": 12,
          "number": 12,
          "text": "Können Rosse auf Felsen rennen, oder kann man mit Rindern das Meer pflügen, da ihr das Recht in Gift verwandelt habt und die Frucht der Gerechtigkeit in Wermut,",
          "words": []
        },
        {
          "id": 13,
          "number": 13,
          "text": "und da ihr euch dessen freuet, was nicht der Rede wert ist, und saget: «Haben wir nicht mit eigener Kraft uns Hörner verschafft?»",
          "words": []
        },
        {
          "id": 14,
          "number": 14,
          "text": "Doch seht, ich erwecke wider euch, Haus Israel (spricht der HERR, der Gott der Heerscharen), ein Volk, das euch bedrängen wird von da, wo es nach Hamat geht, bis an den Bach der Wüste.",
          "words": []
        }
      ]
    },
    {
      "id": 7,
      "verses": [
        {
          "id": 1,
          "number": 1,
          "text": "Solches ließ Gott, der HERR, mich schauen: Siehe, er machte Heuschrecken, als das Emdgras zu wachsen begann; und siehe, es war das Emdgras nach der Heuernte des Königs.",
          "words": []
        },
        {
          "id": 2,
          "number": 2,
          "text": "Als sie nun alles Kraut des Landes abgefressen hatten, da sprach ich: Herr, HERR, vergib doch! Wie soll Jakob bestehen? Er ist ja so klein!",
          "words": []
        },
        {
          "id": 3,
          "number": 3,
          "text": "Da reute es den HERRN: «Es soll nicht geschehen!» sprach der HERR.",
          "words": []
        },
        {
          "id": 4,
          "number": 4,
          "text": "Solches ließ Gott, der HERR, mich schauen: Siehe, Gott, der HERR, rief dem Feuer zum Gericht; das fraß ein großes Loch und hatte schon das Erbteil ergriffen.",
          "words": []
        },
        {
          "id": 5,
          "number": 5,
          "text": "Da sprach ich: Herr, HERR, laß doch ab! Wie soll Jakob bestehen? Er ist ja so klein!",
          "words": []
        },
        {
          "id": 6,
          "number": 6,
          "text": "Da reute den HERRN auch das: «Es soll nicht geschehen!» sprach Gott, der HERR.",
          "words": []
        },
        {
          "id": 7,
          "number": 7,
          "text": "Solches ließ er mich schauen: Der Herr stand auf einer senkrechten Mauer und hatte ein Senkblei in der Hand.",
          "words": []
        },
        {
          "id": 8,
          "number": 8,
          "text": "Und der HERR sprach zu mir: Was siehst du, Amos? Ich sprach: Ein Senkblei! Da sprach der Herr: Siehe, ich ziehe ein Senkblei mitten durch mein Volk Israel hindurch und werde nicht weiter Nachsicht an ihm üben,",
          "words": []
        },
        {
          "id": 9,
          "number": 9,
          "text": "sondern die Höhen Isaaks sollen verwüstet und die Heiligtümer Israels zertrümmert werden, und gegen das Haus Jerobeams will ich mit dem Schwerte kämpfen.",
          "words": []
        },
        {
          "id": 10,
          "number": 10,
          "text": "Da ließ Amazia, der Priester von Bethel, dem König Jerobeam von Israel sagen: «Amos hat eine Verschwörung wider dich angezettelt im Hause Israel; das Land kann seine Worte nicht ertragen!",
          "words": []
        },
        {
          "id": 11,
          "number": 11,
          "text": "Denn Amos hat gesagt: Jerobeam soll mit dem Schwert getötet und Israel aus seinem Land weggeführt werden!»",
          "words": []
        },
        {
          "id": 12,
          "number": 12,
          "text": "Und Amazia sprach zu Amos: «Du Seher, geh, flüchte dich in das Land Juda und iß daselbst Brot und weissage dort!",
          "words": []
        },
        {
          "id": 13,
          "number": 13,
          "text": "Zu Bethel aber sollst du nicht mehr weissagen; denn es ist ein königliches Heiligtum und ein Reichstempel.»",
          "words": []
        },
        {
          "id": 14,
          "number": 14,
          "text": "Amos aber antwortete und sprach zu Amazia: Ich bin kein Prophet und keines Propheten Sohn, sondern ein Hirt bin ich und züchte Maulbeerfeigen!",
          "words": []
        },
        {
          "id": 15,
          "number": 15,
          "text": "Aber der HERR hat mich von den Schafen weggenommen, und der HERR hat zu mir gesagt: Geh, weissage meinem Volk Israel!",
          "words": []
        },
        {
          "id": 16,
          "number": 16,
          "text": "Und nun höre das Wort des HERRN: Du sprichst: «Weissage nicht wider Israel, träufle nicht wider das Haus Isaak!»",
          "words": []
        },
        {
          "id": 17,
          "number": 17,
          "text": "Darum spricht der HERR also: Dein Weib wird in der Stadt Unzucht treiben, und deine Söhne und Töchter sollen durchs Schwert fallen, und dein Land wird man mit der Meßschnur verteilen; du aber sollst in einem unreinen Lande sterben; und Israel wird aus seinem Lande gefangen weggeführt werden.",
          "words": []
        }
      ]
    },
    {
      "id": 8,
      "verses": [
        {
          "id": 1,
          "number": 1,
          "text": "Solches ließ Gott, der HERR, mich schauen: Siehe, da war ein Korb mit reifem Obst;",
          "words": []
        },
        {
          "id": 2,
          "number": 2,
          "text": "und er sprach: Was siehst du, Amos? Ich antwortete: Einen Korb mit reifem Obst! Da sprach der HERR zu mir: Die Zeit der Reife ist gekommen für mein Volk Israel; ich kann es ihm nicht mehr länger durchgehen lassen!",
          "words": []
        },
        {
          "id": 3,
          "number": 3,
          "text": "An jenem Tage werden ihre Tempellieder zu Geheul werden, spricht Gott, der HERR; man wird allenthalben viele Leichname hinwerfen ohne Sang und Klang!",
          "words": []
        },
        {
          "id": 4,
          "number": 4,
          "text": "Hört dies, die ihr dem Armen nachstellt und die Wehrlosen im Lande unterdrückt,",
          "words": []
        },
        {
          "id": 5,
          "number": 5,
          "text": "die ihr sagt: «Wann will doch der Neumond vorübergehen, daß wir Getreide verkaufen, und der Sabbat, daß wir Korn feilbieten und das Epha verkleinern und den Schekel steigern und die Waage fälschen können,",
          "words": []
        },
        {
          "id": 6,
          "number": 6,
          "text": "daß wir die Dürftigen um Geld und den Armen für ein Paar Schuhe kriegen und Spreu für Korn verkaufen können?»",
          "words": []
        },
        {
          "id": 7,
          "number": 7,
          "text": "Der HERR hat geschworen bei allem, worauf Jakob stolz ist: Niemals werde ich irgend eine ihrer Taten vergessen!",
          "words": []
        },
        {
          "id": 8,
          "number": 8,
          "text": "Sollte darob nicht das Land in Aufregung geraten und jeder trauern, der darin wohnt? Sollten sich nicht alle erheben wie der Nil und aufwogen und sich senken wie der Strom Ägyptens?",
          "words": []
        },
        {
          "id": 9,
          "number": 9,
          "text": "Und es soll geschehen an jenem Tage, spricht Gott, der HERR, da will ich die Sonne am Mittag untergehen lassen und über die Erde Finsternis bringen am lichten Tage.",
          "words": []
        },
        {
          "id": 10,
          "number": 10,
          "text": "Dann will ich eure Feste in Trauer verwandeln und alle eure Lieder in Klagegesang und will machen, daß um alle Lenden ein Sack und auf alle Häupter eine Glatze kommt; man wird trauern wie um einen einzigen Sohn, und das Ende wird sein ein bitterer Tag.",
          "words": []
        },
        {
          "id": 11,
          "number": 11,
          "text": "Siehe, es kommen Tage, spricht Gott, der HERR, da ich einen Hunger senden werde ins Land, nicht einen Hunger nach Brot, noch einen Durst nach Wasser, sondern darnach, das Wort des HERRN zu hören;",
          "words": []
        },
        {
          "id": 12,
          "number": 12,
          "text": "da wird man hin und her wanken von einem Meer zum andern und herumziehen vom Norden bis zum Osten, um das Wort des HERRN zu suchen, und wird es doch nicht finden.",
          "words": []
        },
        {
          "id": 13,
          "number": 13,
          "text": "An jenem Tage werden die schönen Jungfrauen und Jünglinge vor Durst verschmachten,",
          "words": []
        },
        {
          "id": 14,
          "number": 14,
          "text": "sie, die jetzt bei der Schuld Samariens schwören und sagen: «So wahr dein Gott lebt, Dan!» und «so wahr der Kult von Beerseba lebt!» Sie sollen fallen und nicht wieder aufstehen!",
          "words": []
        }
      ]
    },
    {
      "id": 9,
      "verses": [
        {
          "id": 1,
          "number": 1,
          "text": "Ich sah den Herrn am Altare stehen, und er sprach: Schlage an den Säulenknauf, daß die Schwellen beben, und zerscheitere sie auf ihrer aller Haupt! Ihren Rest aber will ich mit dem Schwert umbringen, daß keiner entrinnen und kein Flüchtling sich retten kann.",
          "words": []
        },
        {
          "id": 2,
          "number": 2,
          "text": "Wenn sie auch bis ins Totenreich eindrängen, so würde sie doch meine Hand von dannen holen, und wenn sie zum Himmel emporstiegen, so würde ich sie von dort hinunterstoßen.",
          "words": []
        },
        {
          "id": 3,
          "number": 3,
          "text": "Wenn sie sich aber auf dem Gipfel des Karmel versteckten, so würde ich sie daselbst aufspüren und ergreifen; und wollten sie sich auf dem Meeresgrund vor meinen Augen verbergen, so würde ich daselbst der Seeschlange gebieten, sie zu beißen;",
          "words": []
        },
        {
          "id": 4,
          "number": 4,
          "text": "und ließen sie sich von ihren Feinden gefangen führen, so wollte ich doch daselbst dem Schwert gebieten, sie umzubringen. Also will ich mein Auge auf sie richten zum Bösen und nicht zum Guten!",
          "words": []
        },
        {
          "id": 5,
          "number": 5,
          "text": "Wenn Gott, der HERR der Heerscharen, das Land anrührt, so vergeht es, und alle, die darin wohnen, müssen verwelken; es hebt sich wie der Nil und sinkt zurück wie der ägyptische Strom.",
          "words": []
        },
        {
          "id": 6,
          "number": 6,
          "text": "Er hat seinen Söller im Himmel gebaut und sein Gewölbe über der Erde gegründet; er ruft den Meereswassern und gießt sie aus über den Erdboden; HERR ist sein Name.",
          "words": []
        },
        {
          "id": 7,
          "number": 7,
          "text": "Seid ihr Kinder Israel mir nicht wie die Mohrenkinder? spricht der HERR. Habe ich nicht Israel aus Ägypten geführt und die Philister aus Kaphtor und die Syrer aus Kir?",
          "words": []
        },
        {
          "id": 8,
          "number": 8,
          "text": "Siehe, die Augen Gottes, des HERRN, sind auf das sündige Königreich gerichtet, daß ich es vom Erdboden vertilge. Aber ich will das Haus Jakob nicht ganz und gar vertilgen, spricht der HERR.",
          "words": []
        },
        {
          "id": 9,
          "number": 9,
          "text": "Denn siehe, ich lasse das Haus Israel durch alle Völker sichten, wie man mit einem Siebe sichtet; und es soll kein Körnlein auf die Erde fallen!",
          "words": []
        },
        {
          "id": 10,
          "number": 10,
          "text": "Durchs Schwert sollen alle Sünder meines Volkes sterben, die da sagen: «Kein Unglück wird uns erreichen noch überfallen!»",
          "words": []
        },
        {
          "id": 11,
          "number": 11,
          "text": "An jenem Tage will ich die zerfallene Hütte Davids wieder aufrichten und ihre Risse vermauern und ihre Trümmer wiederherstellen und sie wieder bauen wie in den Tagen der Vorzeit,",
          "words": []
        },
        {
          "id": 12,
          "number": 12,
          "text": "so daß sie den Überrest Edoms in Besitz nehmen werden und alle Nationen, über welche mein Name gepredigt worden ist, spricht der HERR, der solches tut.",
          "words": []
        },
        {
          "id": 13,
          "number": 13,
          "text": "Siehe, es kommen Tage, spricht der HERR, da der Pflüger den Schnitter und der Traubenkelterer den Sämann ablösen wird! Alsdann werden die Berge von Most triefen und alle Hügel zerfließen.",
          "words": []
        },
        {
          "id": 14,
          "number": 14,
          "text": "Und ich will das Gefängnis meines Volkes Israel wenden, und sie werden die verwüsteten Städte wieder aufbauen und darin wohnen, Weinberge pflanzen und deren Wein trinken, Gärten anlegen und deren Früchte genießen.",
          "words": []
        },
        {
          "id": 15,
          "number": 15,
          "text": "Und ich will sie einpflanzen in ihr Land, daß sie aus ihrem Lande, das ich ihnen gegeben habe, nicht mehr herausgerissen werden sollen, spricht der HERR, dein Gott!",
          "words": []
        }
      ]
    }
  ]
}