{
  "id": 51,
  "name": "Colossians",
  "chapters": [
    {
      "id": 1,
      "verses": [
        {
          "id": 1,
          "number": 1,
          "text": "Paulus, Apostel Jesu Christi durch den Willen Gottes, und der Bruder Timotheus,",
          "words": []
        },
        {
          "id": 2,
          "number": 2,
          "text": "an die Heiligen in Kolossä und gläubigen Brüder in Christus: Gnade widerfahre euch und Friede von Gott, unsrem Vater und dem Herrn Jesus Christus.",
          "words": []
        },
        {
          "id": 3,
          "number": 3,
          "text": "Wir danken dem Gott und Vater unsres Herrn Jesus Christus, so oft wir für euch beten,",
          "words": []
        },
        {
          "id": 4,
          "number": 4,
          "text": "da wir gehört haben von eurem Glauben an Christus Jesus und von eurer Liebe zu allen Heiligen,",
          "words": []
        },
        {
          "id": 5,
          "number": 5,
          "text": "um der Hoffnung willen, die euch im Himmel aufbehalten ist, von welcher ihr zuvor gehört habt durch das Wort der Wahrheit des Evangeliums,",
          "words": []
        },
        {
          "id": 6,
          "number": 6,
          "text": "das bei euch ist, wie auch in aller Welt, und Frucht trägt und wächst, wie auch bei euch, von dem Tage an, da ihr von der Gnade Gottes gehört und sie in Wahrheit erkannt habt;",
          "words": []
        },
        {
          "id": 7,
          "number": 7,
          "text": "wie ihr es ja gelernt habt von Epaphras, unsrem geliebten Mitknecht, welcher ein treuer Diener Christi für euch ist,",
          "words": []
        },
        {
          "id": 8,
          "number": 8,
          "text": "der uns auch eure Liebe im Geist kundgetan hat.",
          "words": []
        },
        {
          "id": 9,
          "number": 9,
          "text": "Weshalb wir auch von dem Tage an, da wir es vernommen haben, nicht aufhören, für euch zu beten und zu bitten, daß ihr erfüllt werdet mit der Erkenntnis Seines Willens in aller geistlichen Weisheit und Einsicht,",
          "words": []
        },
        {
          "id": 10,
          "number": 10,
          "text": "damit ihr des Herrn würdig wandelt zu allem Wohlgefallen: in allem guten Werk fruchtbar und in der Erkenntnis Gottes wachsend,",
          "words": []
        },
        {
          "id": 11,
          "number": 11,
          "text": "mit aller Kraft gestärkt nach der Macht seiner Herrlichkeit zu aller Standhaftigkeit und Geduld, mit Freuden,",
          "words": []
        },
        {
          "id": 12,
          "number": 12,
          "text": "dankbar dem Vater, der uns tüchtig gemacht hat zum Anteil am Erbe der Heiligen im Licht,",
          "words": []
        },
        {
          "id": 13,
          "number": 13,
          "text": "welcher uns errettet hat aus der Gewalt der Finsternis und versetzt in das Reich des Sohnes seiner Liebe,",
          "words": []
        },
        {
          "id": 14,
          "number": 14,
          "text": "in welchem wir die Erlösung haben durch sein Blut, die Vergebung der Sünden;",
          "words": []
        },
        {
          "id": 15,
          "number": 15,
          "text": "welcher das Ebenbild des unsichtbaren Gottes ist, der Erstgeborene aller Kreatur.",
          "words": []
        },
        {
          "id": 16,
          "number": 16,
          "text": "Denn in ihm ist alles erschaffen worden, was im Himmel und was auf Erden ist, das Sichtbare und das Unsichtbare, seien es Throne oder Herrschaften oder Fürstentümer oder Gewalten: alles ist durch ihn und für ihn geschaffen;",
          "words": []
        },
        {
          "id": 17,
          "number": 17,
          "text": "und er ist vor allem, und alles besteht in ihm.",
          "words": []
        },
        {
          "id": 18,
          "number": 18,
          "text": "Und er ist das Haupt des Leibes, nämlich der Gemeinde, er, der der Anfang ist, der Erstgeborene aus den Toten, damit er in allem der Erste sei.",
          "words": []
        },
        {
          "id": 19,
          "number": 19,
          "text": "Denn es gefiel Gott , daß in ihm alle Fülle wohnen sollte",
          "words": []
        },
        {
          "id": 20,
          "number": 20,
          "text": "und alles durch ihn versöhnt würde zu ihm selbst (dadurch daß er Frieden machte durch das Blut seines Kreuzes) durch ihn, sowohl was im Himmel, als auch was auf Erden ist.",
          "words": []
        },
        {
          "id": 21,
          "number": 21,
          "text": "Und euch, die ihr einst entfremdet und feindlich gesinnt waret in den bösen Werken, hat er aber nun versöhnt in dem Leibe seines Fleisches durch den Tod,",
          "words": []
        },
        {
          "id": 22,
          "number": 22,
          "text": "um euch heilig und tadellos und unverklagbar darzustellen vor seinem Angesicht,",
          "words": []
        },
        {
          "id": 23,
          "number": 23,
          "text": "wenn ihr nämlich im Glauben gegründet und fest bleibet und euch nicht abbringen lasset von der Hoffnung des Evangeliums, das ihr gehört habt, welches in der ganzen Schöpfung unter dem Himmel gepredigt wird, dessen Diener ich, Paulus, geworden bin.",
          "words": []
        },
        {
          "id": 24,
          "number": 24,
          "text": "Nun freue ich mich in den Leiden für euch und erdulde stellvertretend an meinem Fleisch, was noch fehlte an den Trübsalen Christi für seinen Leib, welcher ist die Gemeinde,",
          "words": []
        },
        {
          "id": 25,
          "number": 25,
          "text": "deren Diener ich geworden bin gemäß dem Verwalteramt Gottes, das mir für euch gegeben worden ist, daß ich das Wort Gottes voll ausrichten soll,",
          "words": []
        },
        {
          "id": 26,
          "number": 26,
          "text": "nämlich das Geheimnis, das vor den Zeitaltern und Geschlechtern verborgen war, nun aber seinen Heiligen geoffenbart worden ist,",
          "words": []
        },
        {
          "id": 27,
          "number": 27,
          "text": "denen Gott kundtun wollte, welches der Reichtum der Herrlichkeit dieses Geheimnisses unter den Völkern sei, nämlich: Christus in euch, die Hoffnung der Herrlichkeit.",
          "words": []
        },
        {
          "id": 28,
          "number": 28,
          "text": "Den verkündigen wir, indem wir jeden Menschen ermahnen und jeden Menschen lehren in aller Weisheit, um einen jeden Menschen vollkommen in Christus darzustellen,",
          "words": []
        },
        {
          "id": 29,
          "number": 29,
          "text": "wofür auch ich arbeite und ringe nach der Wirksamkeit dessen, der in mir wirkt in Kraft.",
          "words": []
        }
      ]
    },
    {
      "id": 2,
      "verses": [
        {
          "id": 1,
          "number": 1,
          "text": "Ich will aber, daß ihr wisset, welch großen Kampf ich habe für euch und für die in Laodizea und für alle, die mich nicht von Angesicht im Fleische gesehen haben,",
          "words": []
        },
        {
          "id": 2,
          "number": 2,
          "text": "damit ihre Herzen ermahnt, in Liebe zusammengeschlossen und mit völliger Gewißheit bereichert werden, zur Erkenntnis des Geheimnisses Gottes, welches ist Christus,",
          "words": []
        },
        {
          "id": 3,
          "number": 3,
          "text": "in dem alle Schätze der Weisheit und der Erkenntnis verborgen sind.",
          "words": []
        },
        {
          "id": 4,
          "number": 4,
          "text": "Das sage ich aber, damit euch niemand durch Überredungskünste zu Trugschlüssen verleite.",
          "words": []
        },
        {
          "id": 5,
          "number": 5,
          "text": "Denn, wenn ich auch dem Fleische nach abwesend bin, so bin ich doch im Geiste bei euch und sehe mit Freuden eure Ordnung und die Festigkeit eures Glaubens an Christus.",
          "words": []
        },
        {
          "id": 6,
          "number": 6,
          "text": "Wie ihr nun Christus Jesus, den Herrn, angenommen habt, so wandelt in ihm,",
          "words": []
        },
        {
          "id": 7,
          "number": 7,
          "text": "gewurzelt und auferbaut in ihm und befestigt im Glauben, wie ihr gelehrt worden seid, und darin überfließend in Danksagung.",
          "words": []
        },
        {
          "id": 8,
          "number": 8,
          "text": "Sehet zu, daß euch niemand beraube durch die Philosophie und leeren Betrug, nach der Überlieferung der Menschen, nach den Grundsätzen der Welt und nicht nach Christus.",
          "words": []
        },
        {
          "id": 9,
          "number": 9,
          "text": "Denn in ihm wohnt die ganze Fülle der Gottheit leibhaftig;",
          "words": []
        },
        {
          "id": 10,
          "number": 10,
          "text": "und ihr habt alles völlig in ihm, welcher das Haupt jeder Herrschaft und Gewalt ist.",
          "words": []
        },
        {
          "id": 11,
          "number": 11,
          "text": "In ihm seid ihr auch beschnitten mit einer Beschneidung, die ohne Hände geschehen ist, durch das Ablegen des fleischlichen Leibes, in der Beschneidung Christi,",
          "words": []
        },
        {
          "id": 12,
          "number": 12,
          "text": "indem ihr mit ihm begraben seid in der Taufe, in welchem ihr auch mitauferstanden seid durch den Glauben an die Kraftwirkung Gottes, der ihn von den Toten auferweckt hat.",
          "words": []
        },
        {
          "id": 13,
          "number": 13,
          "text": "Auch euch, die ihr tot waret durch die Übertretungen und den unbeschnittenen Zustand eures Fleisches, hat er mit ihm lebendig gemacht, da er euch alle Übertretungen vergab,",
          "words": []
        },
        {
          "id": 14,
          "number": 14,
          "text": "dadurch, daß er die gegen uns bestehende Schuldschrift, welche durch Satzungen uns entgegen war, auslöschte und sie aus der Mitte tat, indem er sie ans Kreuz heftete.",
          "words": []
        },
        {
          "id": 15,
          "number": 15,
          "text": "Als er so die Herrschaften und Gewalten auszog, stellte er sie öffentlich an den Pranger und triumphierte über sie an demselben.",
          "words": []
        },
        {
          "id": 16,
          "number": 16,
          "text": "So soll euch nun niemand richten wegen Speise oder Trank, oder wegen eines Festes oder Neumonds oder Sabbats,",
          "words": []
        },
        {
          "id": 17,
          "number": 17,
          "text": "welche Dinge doch nur ein Schatten derer sind, die kommen sollten, wovon aber Christus das Wesen hat.",
          "words": []
        },
        {
          "id": 18,
          "number": 18,
          "text": "Niemand soll euch um den Kampfpreis bringen, indem er sich in Demut und Engelsdienst gefällt und sich in Sachen einläßt, die er nicht gesehen hat, ohne Grund aufgeblasen ist von seinem fleischlichen Sinn,",
          "words": []
        },
        {
          "id": 19,
          "number": 19,
          "text": "wobei er sich nicht an das Haupt hält, aus welchem der ganze Leib, vermittels der Gelenke und Sehnen unterstützt und zusammengehalten, zu der von Gott bestimmten Größe heranwächst.",
          "words": []
        },
        {
          "id": 20,
          "number": 20,
          "text": "Wenn ihr mit Christus den Grundsätzen der Welt abgestorben seid, was lasset ihr euch Satzungen auferlegen, als lebtet ihr noch in der Welt?",
          "words": []
        },
        {
          "id": 21,
          "number": 21,
          "text": "zum Beispiel: «Rühre das nicht an, koste jenes nicht, befasse dich nicht mit dem!»",
          "words": []
        },
        {
          "id": 22,
          "number": 22,
          "text": "was alles durch den Gebrauch der Vernichtung anheimfällt.",
          "words": []
        },
        {
          "id": 23,
          "number": 23,
          "text": "Es sind nur Gebote und Lehren von Menschen, haben freilich einen Schein von Weisheit in selbstgewähltem Gottesdienst und Leibeskasteiung, sind jedoch wertlos und dienen zur Befriedigung des Fleisches.",
          "words": []
        }
      ]
    },
    {
      "id": 3,
      "verses": [
        {
          "id": 1,
          "number": 1,
          "text": "Seid ihr nun mit Christus auferstanden, so suchet, was droben ist, wo Christus ist, sitzend zu der Rechten Gottes.",
          "words": []
        },
        {
          "id": 2,
          "number": 2,
          "text": "Trachtet nach dem, was droben, nicht nach dem, was auf Erden ist;",
          "words": []
        },
        {
          "id": 3,
          "number": 3,
          "text": "denn ihr seid gestorben, und euer Leben ist verborgen mit Christus in Gott.",
          "words": []
        },
        {
          "id": 4,
          "number": 4,
          "text": "Wenn Christus, euer Leben, offenbar werden wird, dann werdet auch ihr mit ihm offenbar werden in Herrlichkeit.",
          "words": []
        },
        {
          "id": 5,
          "number": 5,
          "text": "Tötet nun eure Glieder, die auf Erden sind: Unzucht, Unreinigkeit, Leidenschaft, böse Lust und die Habsucht, welche Götzendienst ist;",
          "words": []
        },
        {
          "id": 6,
          "number": 6,
          "text": "um welcher Dinge willen der Zorn Gottes über die Kinder des Unglaubens kommt;",
          "words": []
        },
        {
          "id": 7,
          "number": 7,
          "text": "in welchen auch ihr einst wandeltet, als ihr darin lebtet;",
          "words": []
        },
        {
          "id": 8,
          "number": 8,
          "text": "nun aber leget das alles ab, Zorn, Grimm, Bosheit, Lästerung, häßliche Redensarten aus eurem Munde.",
          "words": []
        },
        {
          "id": 9,
          "number": 9,
          "text": "Lüget einander nicht an: da ihr ja den alten Menschen mit seinen Handlungen ausgezogen",
          "words": []
        },
        {
          "id": 10,
          "number": 10,
          "text": "und den neuen angezogen habt, der erneuert wird zur Erkenntnis, nach dem Ebenbild dessen, der ihn geschaffen hat;",
          "words": []
        },
        {
          "id": 11,
          "number": 11,
          "text": "wo nicht mehr Grieche und Jude ist, Beschneidung und Vorhaut, Ausländer, Scythe, Knecht, Freier, sondern alles und in allen Christus.",
          "words": []
        },
        {
          "id": 12,
          "number": 12,
          "text": "Ziehet nun an als Gottes Auserwählte, Heilige und Geliebte, herzliches Erbarmen, Freundlichkeit, Demut, Sanftmut, Geduld,",
          "words": []
        },
        {
          "id": 13,
          "number": 13,
          "text": "ertraget einander und vergebet einander, wenn einer wider den andern zu klagen hat; gleichwie Christus euch vergeben hat, also auch ihr.",
          "words": []
        },
        {
          "id": 14,
          "number": 14,
          "text": "ber dies alles aber habet die Liebe, welche das Band der Vollkommenheit ist.",
          "words": []
        },
        {
          "id": 15,
          "number": 15,
          "text": "Und der Friede Christi herrsche in euren Herzen, zu welchem ihr auch berufen seid in einem Leibe. Seid auch dankbar!",
          "words": []
        },
        {
          "id": 16,
          "number": 16,
          "text": "Das Wort Christi wohne reichlich unter euch; lehret und ermahnet euch selbst mit Psalmen, Lobgesängen und geistlichen Liedern; singet Gott lieblich in euren Herzen.",
          "words": []
        },
        {
          "id": 17,
          "number": 17,
          "text": "Und was immer ihr tut in Wort oder Werk, das tut im Namen des Herrn Jesus und danket Gott und dem Vater durch ihn.",
          "words": []
        },
        {
          "id": 18,
          "number": 18,
          "text": "Ihr Frauen, seid euren Männern untertan, wie sich's geziemt im Herrn!",
          "words": []
        },
        {
          "id": 19,
          "number": 19,
          "text": "Ihr Männer, liebet eure Frauen und seid nicht bitter gegen sie!",
          "words": []
        },
        {
          "id": 20,
          "number": 20,
          "text": "Ihr Kinder, seid gehorsam euren Eltern in allen Dingen, denn das ist dem Herrn wohlgefällig!",
          "words": []
        },
        {
          "id": 21,
          "number": 21,
          "text": "Ihr Väter, reizet eure Kinder nicht, damit sie nicht unwillig werden!",
          "words": []
        },
        {
          "id": 22,
          "number": 22,
          "text": "Ihr Knechte, gehorchet in allen Dingen euren leiblichen Herren, nicht mit Augendienerei, um den Menschen zu gefallen, sondern in Einfalt des Herzens, als solche, die den Herrn fürchten.",
          "words": []
        },
        {
          "id": 23,
          "number": 23,
          "text": "Was immer ihr tut, das tut von Herzen, als für den Herrn und nicht für Menschen,",
          "words": []
        },
        {
          "id": 24,
          "number": 24,
          "text": "da ihr wisset, daß ihr vom Herrn zur Vergeltung das Erbe empfangen werdet. So dienet dem Herrn Christus;",
          "words": []
        },
        {
          "id": 25,
          "number": 25,
          "text": "denn wer Unrecht tut, wird wiederbekommen, was er Unrechtes getan hat; und es gilt kein Ansehen der Person.",
          "words": []
        }
      ]
    },
    {
      "id": 4,
      "verses": [
        {
          "id": 1,
          "number": 1,
          "text": "Ihr Herren, behandelt eure Knechte gerecht und gleich, da ihr wisset, daß auch ihr einen Herrn im Himmel habt!",
          "words": []
        },
        {
          "id": 2,
          "number": 2,
          "text": "Verharret im Gebet und wachet darin mit Danksagung.",
          "words": []
        },
        {
          "id": 3,
          "number": 3,
          "text": "Betet zugleich auch für uns, damit Gott uns eine Tür öffne für das Wort, um das Geheimnis Christi auszusprechen, um dessentwillen ich auch gebunden bin,",
          "words": []
        },
        {
          "id": 4,
          "number": 4,
          "text": "damit ich es so kundtue, wie ich reden soll.",
          "words": []
        },
        {
          "id": 5,
          "number": 5,
          "text": "Wandelt in Weisheit gegen die, welche außerhalb der Gemeinde sind, und kaufet die Zeit aus.",
          "words": []
        },
        {
          "id": 6,
          "number": 6,
          "text": "Eure Rede sei allezeit anmutig, mit Salz gewürzt, damit ihr wisset, wie ihr einem jeden antworten sollt.",
          "words": []
        },
        {
          "id": 7,
          "number": 7,
          "text": "Was mich betrifft, wird euch alles Tychikus kundtun, der geliebte Bruder und treue Diener und Mitknecht im Herrn,",
          "words": []
        },
        {
          "id": 8,
          "number": 8,
          "text": "den ich eben darum zu euch gesandt habe, damit ihr erfahret, wie es bei uns stehe, und daß er eure Herzen tröste,",
          "words": []
        },
        {
          "id": 9,
          "number": 9,
          "text": "samt Onesimus, dem treuen und geliebten Bruder, der einer der Eurigen ist; sie werden euch alles kundtun, was hier vorgeht.",
          "words": []
        },
        {
          "id": 10,
          "number": 10,
          "text": "Es grüßt euch Aristarchus, mein Mitgefangener, und Markus, der Vetter des Barnabas, betreffs dessen ihr Befehle erhalten habt (wenn er zu euch kommt, so nehmet ihn auf!),",
          "words": []
        },
        {
          "id": 11,
          "number": 11,
          "text": "und Jesus, der Justus genannt wird, die aus der Beschneidung sind. Diese allein sind meine Mitarbeiter für das Reich Gottes, die mir zum Trost geworden sind.",
          "words": []
        },
        {
          "id": 12,
          "number": 12,
          "text": "Es grüßt euch Epaphras, der einer der Euren ist, ein Knecht Christi, der allezeit in den Gebeten für euch kämpft, damit ihr vollkommen und völlig gewiß bestehen möget in allem, was der Wille Gottes ist;",
          "words": []
        },
        {
          "id": 13,
          "number": 13,
          "text": "denn ich gebe ihm das Zeugnis, daß er sich viel Mühe gibt um euch und um die in Laodizea und in Hierapolis.",
          "words": []
        },
        {
          "id": 14,
          "number": 14,
          "text": "Es grüßt euch Lukas, der geliebte Arzt, und Demas.",
          "words": []
        },
        {
          "id": 15,
          "number": 15,
          "text": "Grüßet die Brüder in Laodizea und den Nymphas und die Gemeinde in seinem Hause.",
          "words": []
        },
        {
          "id": 16,
          "number": 16,
          "text": "Und wenn der Brief bei euch gelesen ist, so sorget dafür, daß er auch in der Gemeinde zu Laodizea gelesen werde und daß ihr auch den aus Laodizea leset.",
          "words": []
        },
        {
          "id": 17,
          "number": 17,
          "text": "Und saget dem Archippus: Siehe auf den Dienst, den du im Herrn empfangen hast, damit du ihn erfüllest!",
          "words": []
        },
        {
          "id": 18,
          "number": 18,
          "text": "Der Gruß mit meiner, des Paulus Hand. Gedenket meiner Bande! Die Gnade sei mit euch!",
          "words": []
        }
      ]
    }
  ]
}