{
  "id": 49,
  "name": "Ephesians",
  "chapters": [
    {
      "id": 1,
      "verses": [
        {
          "id": 1,
          "number": 1,
          "text": "Paulus, Apostel Jesu Christi durch den Willen Gottes, an die Heiligen, die in Ephesus sind, und Gläubigen in Christus Jesus.",
          "words": []
        },
        {
          "id": 2,
          "number": 2,
          "text": "Gnade sei mit euch und Friede von Gott, unsrem Vater und dem Herrn Jesus Christus!",
          "words": []
        },
        {
          "id": 3,
          "number": 3,
          "text": "Gepriesen sei der Gott und Vater unsres Herrn Jesus Christus, der uns mit jedem geistlichen Segen gesegnet hat in den himmlischen Regionen durch Christus;",
          "words": []
        },
        {
          "id": 4,
          "number": 4,
          "text": "wie er uns in ihm auserwählt hat vor Grundlegung der Welt, damit wir heilig und tadellos wären vor ihm;",
          "words": []
        },
        {
          "id": 5,
          "number": 5,
          "text": "und aus Liebe hat er uns vorherbestimmt zur Kindschaft gegen ihn selbst, durch Jesus Christus, nach dem Wohlgefallen seines Willens,",
          "words": []
        },
        {
          "id": 6,
          "number": 6,
          "text": "zum Preise der Herrlichkeit seiner Gnade, mit welcher er uns begnadigt hat in dem Geliebten;",
          "words": []
        },
        {
          "id": 7,
          "number": 7,
          "text": "in ihm haben wir die Erlösung durch sein Blut, die Vergebung der Sünden nach dem Reichtum seiner Gnade,",
          "words": []
        },
        {
          "id": 8,
          "number": 8,
          "text": "die er gegen uns überfließen ließ in aller Weisheit und Einsicht;",
          "words": []
        },
        {
          "id": 9,
          "number": 9,
          "text": "er tat uns das Geheimnis seines Willens kund, gemäß seinem wohlwollenden Ratschluß, den er gefaßt hat in ihm,",
          "words": []
        },
        {
          "id": 10,
          "number": 10,
          "text": "damit es ausgeführt würde in der Fülle der Zeiten: alles unter ein Haupt zu bringen in Christus, was im Himmel und was auf Erden ist, in ihm.",
          "words": []
        },
        {
          "id": 11,
          "number": 11,
          "text": "In ihm haben auch wir Anteil erlangt, die wir vorherbestimmt waren nach dem Vorsatz dessen, der alles wirkt nach dem Ratschluß seines Willens,",
          "words": []
        },
        {
          "id": 12,
          "number": 12,
          "text": "daß wir zum Lobe seiner Herrlichkeit dienten, die wir zuvor auf Christus gehofft hatten;",
          "words": []
        },
        {
          "id": 13,
          "number": 13,
          "text": "in ihm seid auch ihr, nachdem ihr das Wort der Wahrheit, das Evangelium eurer Rettung gehört habt, in ihm seid auch ihr, als ihr glaubtet, versiegelt worden mit dem heiligen Geiste der Verheißung,",
          "words": []
        },
        {
          "id": 14,
          "number": 14,
          "text": "welcher das Pfand unsres Erbes ist bis zur Erlösung des Eigentums, zum Preise seiner Herrlichkeit.",
          "words": []
        },
        {
          "id": 15,
          "number": 15,
          "text": "Darum lasse auch ich, nachdem ich von eurem Glauben an den Herrn Jesus und von der Liebe zu allen Heiligen gehört habe,",
          "words": []
        },
        {
          "id": 16,
          "number": 16,
          "text": "nicht ab, für euch zu danken und in meinen Gebeten euer zu gedenken,",
          "words": []
        },
        {
          "id": 17,
          "number": 17,
          "text": "daß der Gott unsres Herrn Jesus Christus, der Vater der Herrlichkeit, euch den Geist der Weisheit und Offenbarung gebe in der Erkenntnis seiner selbst,",
          "words": []
        },
        {
          "id": 18,
          "number": 18,
          "text": "erleuchtete Augen des Herzens, damit ihr wißt, welches die Hoffnung seiner Berufung und welches der Reichtum der Herrlichkeit seines Erbes in den Heiligen sei,",
          "words": []
        },
        {
          "id": 19,
          "number": 19,
          "text": "welches auch die überwältigende Größe seiner Macht sei an uns, die wir glauben, vermöge der Wirksamkeit der Macht seiner Stärke,",
          "words": []
        },
        {
          "id": 20,
          "number": 20,
          "text": "welche er wirksam gemacht hat in Christus, als er ihn aus den Toten auferweckte und ihn zu seiner Rechten setzte in den himmlischen Regionen ,",
          "words": []
        },
        {
          "id": 21,
          "number": 21,
          "text": "hoch über jedes Fürstentum und jede Gewalt, Macht und Herrschaft und jeden Namen, der genannt wird nicht allein in diesem Zeitalter, sondern auch in dem zukünftigen",
          "words": []
        },
        {
          "id": 22,
          "number": 22,
          "text": "und wobei er alles unter seine Füße tat und ihn zum Haupt über alles der Gemeinde gab,",
          "words": []
        },
        {
          "id": 23,
          "number": 23,
          "text": "(G1-22) welche sein Leib ist, die Fülle dessen, der alles in allen erfüllt;",
          "words": []
        }
      ]
    },
    {
      "id": 2,
      "verses": [
        {
          "id": 1,
          "number": 1,
          "text": "Auch euch, die ihr tot waret, durch eure Übertretungen und Sünden,",
          "words": []
        },
        {
          "id": 2,
          "number": 2,
          "text": "in welchen ihr einst wandeltet nach dem Lauf dieser Welt, nach dem Fürsten, der in der Luft herrscht, dem Geiste, der jetzt in den Kindern des Unglaubens wirkt,",
          "words": []
        },
        {
          "id": 3,
          "number": 3,
          "text": "unter welchen auch wir alle einst einhergingen in den Lüsten unsres Fleisches, indem wir den Willen des Fleisches und der Gedanken taten; und wir waren Kinder des Zorns von Natur, gleichwie die andern.",
          "words": []
        },
        {
          "id": 4,
          "number": 4,
          "text": "Gott aber, der da reich ist an Erbarmen, hat durch seine große Liebe, womit er uns liebte,",
          "words": []
        },
        {
          "id": 5,
          "number": 5,
          "text": "auch uns, die wir tot waren durch die Sünden, samt Christus lebendig gemacht (aus Gnaden seid ihr gerettet)",
          "words": []
        },
        {
          "id": 6,
          "number": 6,
          "text": "und hat uns mitauferweckt und mitversetzt in die himmlischen Regionen in Christus Jesus,",
          "words": []
        },
        {
          "id": 7,
          "number": 7,
          "text": "auf daß er in den darauffolgenden Zeiten den überschwenglichen Reichtum seiner Gnade erzeigte durch Güte gegen uns in Christus Jesus.",
          "words": []
        },
        {
          "id": 8,
          "number": 8,
          "text": "Denn durch die Gnade seid ihr gerettet, vermittels des Glaubens, und das nicht aus euch, Gottes Gabe ist es;",
          "words": []
        },
        {
          "id": 9,
          "number": 9,
          "text": "nicht aus Werken, damit niemand sich rühme.",
          "words": []
        },
        {
          "id": 10,
          "number": 10,
          "text": "Denn wir sind sein Werk, erschaffen in Christus Jesus zu guten Werken, welche Gott zuvor bereitet hat, daß wir darin wandeln sollen.",
          "words": []
        },
        {
          "id": 11,
          "number": 11,
          "text": "Darum gedenket daran, daß ihr, die ihr einst Heiden im Fleische waret und Unbeschnittene genannt wurdet von der sogenannten Beschneidung, die am Fleisch mit der Hand geschieht,",
          "words": []
        },
        {
          "id": 12,
          "number": 12,
          "text": "daß ihr zu jener Zeit außerhalb Christus waret, entfremdet von der Bürgerschaft Israels und fremd den Bündnissen der Verheißung und keine Hoffnung hattet und ohne Gott waret in der Welt.",
          "words": []
        },
        {
          "id": 13,
          "number": 13,
          "text": "Nun aber, in Christus Jesus, seid ihr, die ihr einst ferne waret, nahe gebracht worden durch das Blut Christi.",
          "words": []
        },
        {
          "id": 14,
          "number": 14,
          "text": "Denn er ist unser Friede, der aus beiden eins gemacht und des Zaunes Scheidewand abgebrochen hat,",
          "words": []
        },
        {
          "id": 15,
          "number": 15,
          "text": "indem er in seinem Fleische die Feindschaft (das Gesetz der Gebote in Satzungen) abtat, um so die zwei in ihm selbst zu einem neuen Menschen zu schaffen und Frieden zu stiften,",
          "words": []
        },
        {
          "id": 16,
          "number": 16,
          "text": "und um die beiden in einem Leibe durch das Kreuz mit Gott zu versöhnen, nachdem er durch dasselbe die Feindschaft getötet hatte.",
          "words": []
        },
        {
          "id": 17,
          "number": 17,
          "text": "Und er kam und verkündigte Frieden euch, den Fernen, und Frieden den Nahen;",
          "words": []
        },
        {
          "id": 18,
          "number": 18,
          "text": "denn durch ihn haben wir beide den Zutritt zum Vater in einem Geist.",
          "words": []
        },
        {
          "id": 19,
          "number": 19,
          "text": "So seid ihr nun nicht mehr Fremdlinge und Gäste, sondern Mitbürger der Heiligen und Gottes Hausgenossen,",
          "words": []
        },
        {
          "id": 20,
          "number": 20,
          "text": "auferbaut auf die Grundlage der Apostel und Propheten, während Jesus Christus selber der Eckstein ist,",
          "words": []
        },
        {
          "id": 21,
          "number": 21,
          "text": "in welchem der ganze Bau, zusammengefügt, wächst zu einem heiligen Tempel im Herrn,",
          "words": []
        },
        {
          "id": 22,
          "number": 22,
          "text": "in welchem auch ihr miterbaut werdet zu einer Behausung Gottes im Geist.",
          "words": []
        }
      ]
    },
    {
      "id": 3,
      "verses": [
        {
          "id": 1,
          "number": 1,
          "text": "Deswegen bin ich, Paulus, der Gebundene Christi Jesu für euch, die Heiden",
          "words": []
        },
        {
          "id": 2,
          "number": 2,
          "text": "wenn ihr nämlich von der Verwaltung der Gnade Gottes gehört habt, die mir für euch gegeben worden ist,",
          "words": []
        },
        {
          "id": 3,
          "number": 3,
          "text": "daß mir das Geheimnis durch Offenbarung kundgetan worden ist, wie ich zuvor in Kürze geschrieben habe,",
          "words": []
        },
        {
          "id": 4,
          "number": 4,
          "text": "woran ihr, wenn ihr's leset, meine Einsicht in das Geheimnis Christi erkennen könnet,",
          "words": []
        },
        {
          "id": 5,
          "number": 5,
          "text": "welches in frühern Geschlechtern den Menschenkindern nicht kundgetan wurde, wie es jetzt seinen heiligen Aposteln und Propheten im Geiste geoffenbart worden ist,",
          "words": []
        },
        {
          "id": 6,
          "number": 6,
          "text": "daß nämlich die Heiden Miterben seien und Miteinverleibte und Mitgenossen seiner Verheißung in Christus Jesus durch das Evangelium,",
          "words": []
        },
        {
          "id": 7,
          "number": 7,
          "text": "dessen Diener ich geworden bin nach der Gabe der Gnade Gottes, die mir gegeben ist nach der Wirkung seiner Stärke.",
          "words": []
        },
        {
          "id": 8,
          "number": 8,
          "text": "Mir, dem allergeringsten unter allen Heiligen, ist diese Gnade gegeben worden, unter den Heiden den unausforschlichen Reichtum Christi zu verkündigen,",
          "words": []
        },
        {
          "id": 9,
          "number": 9,
          "text": "und alle zu erleuchten darüber, was die Haushaltung des Geheimnisses sei, das von den Ewigkeiten her in dem Gott verborgen war, der alles erschaffen hat,",
          "words": []
        },
        {
          "id": 10,
          "number": 10,
          "text": "damit jetzt den Fürstentümern und Gewalten in den himmlischen Regionen durch die Gemeinde die mannigfaltige Weisheit Gottes kund würde,",
          "words": []
        },
        {
          "id": 11,
          "number": 11,
          "text": "nach dem Vorsatz der Ewigkeiten, den er gefaßt hat in Christus Jesus, unserm Herrn,",
          "words": []
        },
        {
          "id": 12,
          "number": 12,
          "text": "in welchem wir die Freimütigkeit und den Zugang haben in aller Zuversicht, durch den Glauben an ihn.",
          "words": []
        },
        {
          "id": 13,
          "number": 13,
          "text": "Darum bitte ich, nicht mutlos zu werden in meinen Trübsalen für euch, welche euch eine Ehre sind.",
          "words": []
        },
        {
          "id": 14,
          "number": 14,
          "text": "Deswegen beuge ich meine Knie vor dem Vater unsres Herrn Jesus Christus,",
          "words": []
        },
        {
          "id": 15,
          "number": 15,
          "text": "nach welchem jede Vaterschaft im Himmel und auf Erden genannt wird,",
          "words": []
        },
        {
          "id": 16,
          "number": 16,
          "text": "daß er euch nach dem Reichtum seiner Herrlichkeit verleihe, an Kraft zuzunehmen durch seinen Geist am inwendigen Menschen,",
          "words": []
        },
        {
          "id": 17,
          "number": 17,
          "text": "daß Christus durch den Glauben in euren Herzen wohne, damit ihr, in Liebe gewurzelt und gegründet,",
          "words": []
        },
        {
          "id": 18,
          "number": 18,
          "text": "mit allen Heiligen zu begreifen vermöget, welches die Breite, die Länge, die Höhe und die Tiefe sei,",
          "words": []
        },
        {
          "id": 19,
          "number": 19,
          "text": "und die Liebe Christi erkennet, die doch alle Erkenntnis übertrifft, auf daß ihr erfüllt werdet bis zur ganzen Fülle Gottes.",
          "words": []
        },
        {
          "id": 20,
          "number": 20,
          "text": "Dem aber, der weit mehr zu tun vermag, als wir bitten oder verstehen, nach der Kraft, die in uns wirkt,",
          "words": []
        },
        {
          "id": 21,
          "number": 21,
          "text": "ihm sei die Ehre in der Gemeinde und in Christus Jesus, auf alle Geschlechter der Ewigkeit der Ewigkeiten! Amen.",
          "words": []
        }
      ]
    },
    {
      "id": 4,
      "verses": [
        {
          "id": 1,
          "number": 1,
          "text": "So ermahne ich euch nun, ich, der Gebundene im Herrn, daß ihr würdig wandelt der Berufung, zu welcher ihr berufen worden seid,",
          "words": []
        },
        {
          "id": 2,
          "number": 2,
          "text": "so daß ihr mit aller Demut und Sanftmut, mit Geduld einander in Liebe ertraget",
          "words": []
        },
        {
          "id": 3,
          "number": 3,
          "text": "und fleißig seid, die Einheit des Geistes zu bewahren in dem Bande des Friedens:",
          "words": []
        },
        {
          "id": 4,
          "number": 4,
          "text": "ein Leib und ein Geist, wie ihr auch berufen seid zu einer Hoffnung eurer Berufung;",
          "words": []
        },
        {
          "id": 5,
          "number": 5,
          "text": "ein Herr, ein Glaube, eine Taufe;",
          "words": []
        },
        {
          "id": 6,
          "number": 6,
          "text": "ein Gott und Vater aller, über allen, durch alle und in allen.",
          "words": []
        },
        {
          "id": 7,
          "number": 7,
          "text": "Jedem einzelnen von uns aber ist die Gnade gegeben nach dem Maß der Gabe Christi.",
          "words": []
        },
        {
          "id": 8,
          "number": 8,
          "text": "Darum heißt es: «Er ist aufgefahren zur Höhe, hat Gefangene gemacht und den Menschen Gaben gegeben.»",
          "words": []
        },
        {
          "id": 9,
          "number": 9,
          "text": "Das Wort aber «Er ist aufgefahren», was bedeutet es anderes, als daß er auch zuvor hinabgefahren ist in die untersten Örter der Erde?",
          "words": []
        },
        {
          "id": 10,
          "number": 10,
          "text": "Der hinabgefahren ist, ist derselbe, welcher auch hinaufgefahren ist über alle Himmel, damit er alles erfülle.",
          "words": []
        },
        {
          "id": 11,
          "number": 11,
          "text": "Und Er hat gegeben etliche zu Aposteln, etliche zu Propheten, etliche zu Evangelisten, etliche zu Hirten und Lehrern,",
          "words": []
        },
        {
          "id": 12,
          "number": 12,
          "text": "um die Heiligen zuzurüsten für das Werk des Dienstes, zur Erbauung des Leibes Christi,",
          "words": []
        },
        {
          "id": 13,
          "number": 13,
          "text": "bis daß wir alle zur Einheit des Glaubens und der Erkenntnis des Sohnes Gottes gelangen und zum vollkommenen Manne werden , zum Maße der vollen Größe Christi;",
          "words": []
        },
        {
          "id": 14,
          "number": 14,
          "text": "damit wir nicht mehr Unmündige seien, umhergeworfen und herumgetrieben von jedem Wind der Lehre, durch die Spielerei der Menschen, durch die Schlauheit, mit der sie zum Irrtum verführen,",
          "words": []
        },
        {
          "id": 15,
          "number": 15,
          "text": "sondern daß wir , wahrhaftig in der Liebe, heranwachsen in allen Stücken in ihm, der das Haupt ist, Christus,",
          "words": []
        },
        {
          "id": 16,
          "number": 16,
          "text": "von welchem aus der ganze Leib, zusammengefügt und verbunden durch alle Gelenke, die einander Handreichung tun nach dem Maße der Leistungsfähigkeit jedes einzelnen Gliedes, das Wachstum des Leibes vollbringt, zur Auferbauung seiner selbst in Liebe.",
          "words": []
        },
        {
          "id": 17,
          "number": 17,
          "text": "Das sage und bezeuge ich nun im Herrn, daß ihr nicht mehr wandeln sollt, wie die Heiden wandeln in der Eitelkeit ihres Sinnes,",
          "words": []
        },
        {
          "id": 18,
          "number": 18,
          "text": "deren Verstand verfinstert ist und die entfremdet sind dem Leben Gottes, wegen der Unwissenheit, die in ihnen ist, wegen der Verhärtung ihres Herzens;",
          "words": []
        },
        {
          "id": 19,
          "number": 19,
          "text": "die, nachdem sie alles Gefühl verloren, sich der Ausschweifung ergeben haben, zur Ausübung jeder Art von Unreinigkeit mit unersättlicher Gier.",
          "words": []
        },
        {
          "id": 20,
          "number": 20,
          "text": "Ihr aber habt Christus nicht also kennen gelernt;",
          "words": []
        },
        {
          "id": 21,
          "number": 21,
          "text": "da ihr ja von ihm gehört habt und in ihm gelehrt worden seid (wie es auch Wahrheit ist in Jesus),",
          "words": []
        },
        {
          "id": 22,
          "number": 22,
          "text": "daß ihr, was den frühern Wandel betrifft, den alten Menschen ablegen sollt, der sich wegen der betrügerischen Lüste verderbte,",
          "words": []
        },
        {
          "id": 23,
          "number": 23,
          "text": "dagegen euch im Geiste eures Gemüts erneuern lassen",
          "words": []
        },
        {
          "id": 24,
          "number": 24,
          "text": "und den neuen Menschen anziehen sollt, der nach Gott geschaffen ist in Gerechtigkeit und Heiligkeit der Wahrheit.",
          "words": []
        },
        {
          "id": 25,
          "number": 25,
          "text": "Darum leget die Lüge ab und redet die Wahrheit, ein jeder mit seinem Nächsten, denn wir sind untereinander Glieder.",
          "words": []
        },
        {
          "id": 26,
          "number": 26,
          "text": "Zürnet ihr, so sündiget nicht; die Sonne gehe nicht unter über eurem Zorn!",
          "words": []
        },
        {
          "id": 27,
          "number": 27,
          "text": "Gebet auch nicht Raum dem Teufel!",
          "words": []
        },
        {
          "id": 28,
          "number": 28,
          "text": "Wer gestohlen hat, der stehle nicht mehr, sondern bemühe sich vielmehr mit seinen Händen etwas Gutes zu erarbeiten, damit er dem Dürftigen etwas zu geben habe.",
          "words": []
        },
        {
          "id": 29,
          "number": 29,
          "text": "Keine schlechte Rede gehe aus eurem Munde, sondern was gut ist zur notwendigen Erbauung, daß es den Hörern wohltue.",
          "words": []
        },
        {
          "id": 30,
          "number": 30,
          "text": "Und betrübet nicht den heiligen Geist Gottes, mit welchem ihr versiegelt worden seid auf den Tag der Erlösung.",
          "words": []
        },
        {
          "id": 31,
          "number": 31,
          "text": "Alle Bitterkeit und Grimm und Zorn und Geschrei und Lästerung sei ferne von euch samt aller Bosheit.",
          "words": []
        },
        {
          "id": 32,
          "number": 32,
          "text": "Seid aber gegeneinander freundlich, barmherzig, vergebet einander, gleichwie auch Gott in Christus euch vergeben hat.",
          "words": []
        }
      ]
    },
    {
      "id": 5,
      "verses": [
        {
          "id": 1,
          "number": 1,
          "text": "Werdet nun Gottes Nachahmer als geliebte Kinder",
          "words": []
        },
        {
          "id": 2,
          "number": 2,
          "text": "und wandelt in der Liebe, gleichwie Christus uns geliebt und sich selbst für uns gegeben hat als Gabe und Opfer für Gott, zu einem angenehmen Geruch.",
          "words": []
        },
        {
          "id": 3,
          "number": 3,
          "text": "Unzucht aber und alle Unreinigkeit oder Habsucht werde nicht einmal bei euch genannt, wie es Heiligen geziemt;",
          "words": []
        },
        {
          "id": 4,
          "number": 4,
          "text": "auch nicht Schändlichkeit und albernes Geschwätz, noch zweideutige Redensarten, was sich nicht geziemt, sondern vielmehr Danksagung.",
          "words": []
        },
        {
          "id": 5,
          "number": 5,
          "text": "Denn das sollt ihr wissen, daß kein Unzüchtiger oder Unreiner oder Habsüchtiger (der ein Götzendiener ist), Erbteil hat im Reiche Christi und Gottes.",
          "words": []
        },
        {
          "id": 6,
          "number": 6,
          "text": "Niemand verführe euch mit leeren Worten; denn um dieser Dinge willen kommt der Zorn Gottes über die Kinder des Unglaubens.",
          "words": []
        },
        {
          "id": 7,
          "number": 7,
          "text": "So werdet nun nicht ihre Mitgenossen!",
          "words": []
        },
        {
          "id": 8,
          "number": 8,
          "text": "Denn ihr waret einst Finsternis; nun aber seid ihr Licht in dem Herrn. Wandelt als Kinder des Lichts!",
          "words": []
        },
        {
          "id": 9,
          "number": 9,
          "text": "Die Frucht des Lichtes besteht nämlich in aller Gütigkeit und Gerechtigkeit und Wahrheit.",
          "words": []
        },
        {
          "id": 10,
          "number": 10,
          "text": "Prüfet also, was dem Herrn wohlgefällig sei!",
          "words": []
        },
        {
          "id": 11,
          "number": 11,
          "text": "Und habt keine Gemeinschaft mit den unfruchtbaren Werken der Finsternis, decket sie vielmehr auf;",
          "words": []
        },
        {
          "id": 12,
          "number": 12,
          "text": "denn was heimlich von ihnen geschieht, ist schändlich auch nur zu sagen.",
          "words": []
        },
        {
          "id": 13,
          "number": 13,
          "text": "Das alles aber wird offenbar, wenn es vom Lichte aufgedeckt wird; denn alles, was offenbar wird, das ist Licht.",
          "words": []
        },
        {
          "id": 14,
          "number": 14,
          "text": "Darum spricht er: Wache auf, der du schläfst, und stehe auf von den Toten, so wird dir Christus leuchten!",
          "words": []
        },
        {
          "id": 15,
          "number": 15,
          "text": "Sehet nun zu, wie ihr vorsichtig wandelt, nicht als Unweise, sondern als Weise;",
          "words": []
        },
        {
          "id": 16,
          "number": 16,
          "text": "und kaufet die Zeit aus, denn die Tage sind böse.",
          "words": []
        },
        {
          "id": 17,
          "number": 17,
          "text": "Darum seid nicht unverständig, sondern suchet zu verstehen, was des Herrn Wille sei!",
          "words": []
        },
        {
          "id": 18,
          "number": 18,
          "text": "Und berauschet euch nicht mit Wein, was eine Liederlichkeit ist, sondern werdet voll Geistes,",
          "words": []
        },
        {
          "id": 19,
          "number": 19,
          "text": "und redet miteinander in Psalmen und Lobgesängen und geistlichen Liedern und singet und spielet dem Herrn in eurem Herzen",
          "words": []
        },
        {
          "id": 20,
          "number": 20,
          "text": "und saget allezeit Gott, dem Vater, Dank für alles, in dem Namen unsres Herrn Jesus Christus,",
          "words": []
        },
        {
          "id": 21,
          "number": 21,
          "text": "und seid dabei einander untertan in der Furcht Christi.",
          "words": []
        },
        {
          "id": 22,
          "number": 22,
          "text": "Die Frauen seien ihren eigenen Männern untertan, als dem Herrn;",
          "words": []
        },
        {
          "id": 23,
          "number": 23,
          "text": "denn der Mann ist des Weibes Haupt, wie auch Christus das Haupt der Gemeinde ist; er ist des Leibes Retter.",
          "words": []
        },
        {
          "id": 24,
          "number": 24,
          "text": "Wie nun die Gemeinde Christus untertan ist, so seien es auch die Frauen ihren eigenen Männern in allem.",
          "words": []
        },
        {
          "id": 25,
          "number": 25,
          "text": "Ihr Männer, liebet eure Frauen, gleichwie auch Christus die Gemeinde geliebt und sich selbst für sie hingegeben hat,",
          "words": []
        },
        {
          "id": 26,
          "number": 26,
          "text": "auf daß er sie heilige, nachdem er sie gereinigt durch das Wasserbad im Wort;",
          "words": []
        },
        {
          "id": 27,
          "number": 27,
          "text": "damit er sich selbst die Gemeinde herrlich darstelle, so daß sie weder Flecken noch Runzel noch etwas ähnliches habe, sondern heilig sei und tadellos.",
          "words": []
        },
        {
          "id": 28,
          "number": 28,
          "text": "Ebenso sind die Männer schuldig, ihre eigenen Frauen zu lieben wie ihre eigenen Leiber; wer seine Frau liebt, der liebt sich selbst.",
          "words": []
        },
        {
          "id": 29,
          "number": 29,
          "text": "Denn niemand hat je sein eigenes Fleisch gehaßt, sondern er nährt und pflegt es, gleichwie der Herr die Gemeinde.",
          "words": []
        },
        {
          "id": 30,
          "number": 30,
          "text": "Denn wir sind Glieder seines Leibes, von seinem Fleisch und von seinem Gebein.",
          "words": []
        },
        {
          "id": 31,
          "number": 31,
          "text": "«Um deswillen wird ein Mensch Vater und Mutter verlassen und seinem Weibe anhangen, und werden die zwei ein Fleisch sein.»",
          "words": []
        },
        {
          "id": 32,
          "number": 32,
          "text": "Dieses Geheimnis ist groß, ich aber deute es auf Christus und auf die Gemeinde.",
          "words": []
        },
        {
          "id": 33,
          "number": 33,
          "text": "Doch auch ihr, einer wie der andere, liebe seine Frau wie sich selbst; die Frau aber fürchte den Mann!",
          "words": []
        }
      ]
    },
    {
      "id": 6,
      "verses": [
        {
          "id": 1,
          "number": 1,
          "text": "Ihr Kinder, seid gehorsam euren Eltern in dem Herrn; denn das ist billig.",
          "words": []
        },
        {
          "id": 2,
          "number": 2,
          "text": "«Ehre deinen Vater und deine Mutter», das ist das erste Gebot mit Verheißung:",
          "words": []
        },
        {
          "id": 3,
          "number": 3,
          "text": "«auf daß es dir wohl gehe und du lange lebest auf Erden.»",
          "words": []
        },
        {
          "id": 4,
          "number": 4,
          "text": "Und ihr Väter, reizet eure Kinder nicht zum Zorn, sondern ziehet sie auf in der Zucht und Ermahnung des Herrn.",
          "words": []
        },
        {
          "id": 5,
          "number": 5,
          "text": "Ihr Knechte, gehorchet euren leiblichen Herren mit Furcht und Zittern, in Einfalt eures Herzens, wie dem Herrn Christus;",
          "words": []
        },
        {
          "id": 6,
          "number": 6,
          "text": "nicht mit Augendienerei als Menschengefällige, sondern als Knechte Christi, die den Willen Gottes von Herzen tun;",
          "words": []
        },
        {
          "id": 7,
          "number": 7,
          "text": "dienet mit gutem Willen, als dem Herrn und nicht den Menschen,",
          "words": []
        },
        {
          "id": 8,
          "number": 8,
          "text": "da ihr wisset, daß ein jeder für das Gute, das er tut, vom Herrn belohnt wird er sei ein Knecht oder ein Freier.",
          "words": []
        },
        {
          "id": 9,
          "number": 9,
          "text": "Und ihr Herren, erzeiget ihnen dasselbe und lasset das Drohen, da ihr wisset, daß auch ihr einen Herrn im Himmel habt und daß bei ihm kein Ansehen der Person gilt.",
          "words": []
        },
        {
          "id": 10,
          "number": 10,
          "text": "Im übrigen, meine Brüder, erstarket im Herrn und in der Macht seiner Stärke.",
          "words": []
        },
        {
          "id": 11,
          "number": 11,
          "text": "Ziehet die ganze Waffenrüstung Gottes an, damit ihr den Kunstgriffen des Teufels gegenüber standzuhalten vermöget;",
          "words": []
        },
        {
          "id": 12,
          "number": 12,
          "text": "denn unser Kampf richtet sich nicht wider Fleisch und Blut, sondern wider die Herrschaften, wider die Gewalten, wider die Weltbeherrscher dieser Finsternis, wider die geistlichen Mächte der Bosheit in den himmlischen  Regionen .",
          "words": []
        },
        {
          "id": 13,
          "number": 13,
          "text": "Deshalb ergreifet die ganze Waffenrüstung Gottes, damit ihr am bösen Tage zu widerstehen vermöget und, nachdem ihr alles wohl ausgerichtet habt, das Feld behalten könnet.",
          "words": []
        },
        {
          "id": 14,
          "number": 14,
          "text": "So stehet nun, eure Lenden umgürtet mit Wahrheit, und angetan mit dem Panzer der Gerechtigkeit,",
          "words": []
        },
        {
          "id": 15,
          "number": 15,
          "text": "und die Füße gestiefelt mit Bereitwilligkeit, die frohe Botschaft des Friedens zu verkündigen.",
          "words": []
        },
        {
          "id": 16,
          "number": 16,
          "text": "Bei dem allen aber ergreifet den Schild des Glaubens, mit welchem ihr alle feurigen Pfeile des Bösewichts auslöschen könnet.",
          "words": []
        },
        {
          "id": 17,
          "number": 17,
          "text": "Und nehmet den Helm des Heils und das Schwert des Geistes, nämlich das Wort Gottes.",
          "words": []
        },
        {
          "id": 18,
          "number": 18,
          "text": "Bei allem Gebet und Flehen aber betet jederzeit im Geist, und wachet zu diesem Zwecke in allem Anhalten und Flehen für alle Heiligen,",
          "words": []
        },
        {
          "id": 19,
          "number": 19,
          "text": "auch für mich, damit mir ein Wort gegeben werde, so oft ich meinen Mund auftue, freimütig das Geheimnis des Evangeliums kundzutun,",
          "words": []
        },
        {
          "id": 20,
          "number": 20,
          "text": "für welches ich ein Botschafter bin in Ketten, auf daß ich darin freimütig rede, wie ich reden soll.",
          "words": []
        },
        {
          "id": 21,
          "number": 21,
          "text": "Damit aber auch ihr wisset, wie es mir geht und was ich tue, wird euch Tychikus alles mitteilen, der geliebte Bruder und treue Diener im Herrn,",
          "words": []
        },
        {
          "id": 22,
          "number": 22,
          "text": "den ich eben darum zu euch gesandt habe, daß ihr erfahret, wie es um uns stehe, und daß er eure Herzen tröste.",
          "words": []
        },
        {
          "id": 23,
          "number": 23,
          "text": "Friede sei den Brüdern und Liebe mit Glauben von Gott, dem Vater und dem Herrn Jesus Christus.",
          "words": []
        },
        {
          "id": 24,
          "number": 24,
          "text": "Die Gnade sei mit allen, die unsren Herrn Jesus Christus lieb haben, unwandelbar!",
          "words": []
        }
      ]
    }
  ]
}