{
  "id": 17,
  "name": "Esther",
  "chapters": [
    {
      "id": 1,
      "verses": [
        {
          "id": 1,
          "number": 1,
          "text": "Und es begab sich in den Tagen des Ahasveros (des Ahasveros, welcher von Indien bis Äthiopien über hundertsiebenundzwanzig Provinzen regierte),",
          "words": []
        },
        {
          "id": 2,
          "number": 2,
          "text": "in jenen Tagen, als der König Ahasveros im Schlosse Susan auf seinem königlichen Throne saß,",
          "words": []
        },
        {
          "id": 3,
          "number": 3,
          "text": "im dritten Jahre seiner Regierung, daß er allen seinen Fürsten und Knechten ein Mahl machte. Die Gewaltigen von Persien und Medien, die Edelsten und Obersten seiner Provinzen waren vor ihm,",
          "words": []
        },
        {
          "id": 4,
          "number": 4,
          "text": "als er den Reichtum der Herrlichkeit seines Königreichs und die kostbare Pracht seiner Majestät sehen ließ viele Tage, nämlich hundertachtzig Tage lang.",
          "words": []
        },
        {
          "id": 5,
          "number": 5,
          "text": "Und als diese Tage vollendet waren, machte der König ein Mahl allem Volk, das im Schlosse Susan zugegen war, den Großen und den Kleinen, sieben Tage lang, im Hofe des Gartens beim königlichen Palaste.",
          "words": []
        },
        {
          "id": 6,
          "number": 6,
          "text": "Da waren feine Tücher von weißer Baumwolle und blauem Purpur mit Schnüren von feiner weißer Baumwolle und rotem Purpur an silbernen Ringen und Säulen von weißem Marmor aufgehängt. Goldene und silberne Ruhebetten standen auf einem Steinpflaster von Alabaster, weißem Marmor, Perlmutter und dunklem Marmor.",
          "words": []
        },
        {
          "id": 7,
          "number": 7,
          "text": "Und man gab zu trinken aus goldenen Gefäßen, und die Gefäße waren voneinander verschieden; königlicher Wein war in Menge vorhanden, nach königlicher Freigebigkeit.",
          "words": []
        },
        {
          "id": 8,
          "number": 8,
          "text": "Und das Trinken war der Verordnung gemäß ohne Zwang; denn also hatte der König allen seinen Hofmeistern befohlen, daß man jedermann machen ließe, wie es ihm gefiele.",
          "words": []
        },
        {
          "id": 9,
          "number": 9,
          "text": "Auch die Königin Vasti veranstaltete ein Mahl für die Frauen des königlichen Palastes, welcher dem König Ahasveros gehörte.",
          "words": []
        },
        {
          "id": 10,
          "number": 10,
          "text": "Und am siebenten Tage, als des Königs Herz vom Wein fröhlich war, befahl er Mehuman, Bista, Charbona, Bigta, Abagta, Setar und Karkas, den sieben Kämmerern, die vor dem König Ahasveros dienten,",
          "words": []
        },
        {
          "id": 11,
          "number": 11,
          "text": "die Königin Vasti mit der königlichen Krone vor den König zu bringen, damit er den Völkern und Fürsten ihre Schönheit zeigte, denn sie war von schöner Gestalt.",
          "words": []
        },
        {
          "id": 12,
          "number": 12,
          "text": "Aber die Königin Vasti wollte nicht kommen auf den Befehl des Königs, den er durch seine Kämmerer gegeben hatte. Da ward der König sehr zornig, und sein Grimm entbrannte in ihm.",
          "words": []
        },
        {
          "id": 13,
          "number": 13,
          "text": "Und der König sprach zu den Weisen, die sich auf die Zeiten verstanden (denn des Königs Wort erging in Gegenwart aller Gesetzes und Rechtskundigen;",
          "words": []
        },
        {
          "id": 14,
          "number": 14,
          "text": "und ihm zunächst saßen Karschena, Setar, Admata, Tarsis, Meres, Marsena und Memuchan, die sieben Fürsten der Perser und Meder, die das Angesicht des Königs sahen und die ersten Stellen im Königreich innehatten):",
          "words": []
        },
        {
          "id": 15,
          "number": 15,
          "text": "Nach welchem Gesetz soll man die Königin Vasti behandeln, dafür daß sie nicht gehandelt hat nach dem Befehl des Königs Ahasveros, der ihr durch die Kämmerer übermittelt wurde?",
          "words": []
        },
        {
          "id": 16,
          "number": 16,
          "text": "Da sprach Memuchan vor dem König und den Fürsten: Die Königin Vasti hat sich nicht nur an dem König vergangen, sondern auch an allen Fürsten und an allen Völkern, die in allen Provinzen des Königs Ahasveros sind.",
          "words": []
        },
        {
          "id": 17,
          "number": 17,
          "text": "Denn das Verhalten der Königin wird allen Frauen bekannt werden, so daß ihre Männer in ihren Augen verächtlich werden, da es heißen wird: Der König Ahasveros hieß die Königin Vasti vor sich kommen, aber sie kam nicht!",
          "words": []
        },
        {
          "id": 18,
          "number": 18,
          "text": "Das werden die Fürstinnen der Perser und Meder heute schon allen Fürsten des Königs erzählen, wenn sie das Verhalten der Königin hören, woraus Verachtung und Verdruß genug entstehen wird.",
          "words": []
        },
        {
          "id": 19,
          "number": 19,
          "text": "Gefällt es dem König, so gehe ein königlicher Befehl von ihm aus und werde aufgezeichnet unter die Gesetze der Perser und Meder, damit er nicht bloß vorübergehend gelte: daß Vasti nicht mehr vor dem König Ahasveros erscheinen dürfe, und daß der König ihre königliche Würde einer andern gebe, die besser ist als sie.",
          "words": []
        },
        {
          "id": 20,
          "number": 20,
          "text": "Wird dann dieser Befehl des Königs, den er geben wird, in seinem ganzen Königreich, welches groß ist, bekannt gemacht, so werden alle Frauen ihre Männer in Ehren halten, vornehme und geringe.",
          "words": []
        },
        {
          "id": 21,
          "number": 21,
          "text": "Diese Rede gefiel dem König und den Fürsten; und der König tat nach den Worten Memuchans",
          "words": []
        },
        {
          "id": 22,
          "number": 22,
          "text": "und sandte Briefe in alle Provinzen des Königs, in jede Provinz nach ihrer Schrift und zu jedem Volk nach seiner Sprache; daß jeder Mann Herr sein solle in seinem Hause. Das ließ er bekanntmachen in der Sprache seines Volkes.",
          "words": []
        }
      ]
    },
    {
      "id": 2,
      "verses": [
        {
          "id": 1,
          "number": 1,
          "text": "Nach diesen Begebenheiten, als sich der Grimm des Königs Ahasveros gelegt hatte, dachte er an Vasti und daran, was sie getan hatte und was über sie beschlossen worden war.",
          "words": []
        },
        {
          "id": 2,
          "number": 2,
          "text": "Da sprachen die Knappen des Königs, die ihm dienten: Man suche für den König Mädchen, Jungfrauen von schöner Gestalt;",
          "words": []
        },
        {
          "id": 3,
          "number": 3,
          "text": "und der König bestellte Beamte in allen Provinzen seines Königreichs, damit sie alle Mädchen, Jungfrauen von schöner Gestalt, in das Schloß Susan zusammenbringen, in das Frauenhaus, unter die Obhut Hegais, des königlichen Kämmerers, des Hüters der Frauen; und man lasse ihnen ihre Reinigungssalben geben;",
          "words": []
        },
        {
          "id": 4,
          "number": 4,
          "text": "und welche Jungfrau dem König gefällt, die werde Königin an Vastis Statt! Dieser Vorschlag gefiel dem König, und er tat also.",
          "words": []
        },
        {
          "id": 5,
          "number": 5,
          "text": "Es war aber ein jüdischer Mann im Schloß Susan, der hieß Mardochai, ein Sohn Jairs, des Sohnes Simeis, des Sohnes des Kis,",
          "words": []
        },
        {
          "id": 6,
          "number": 6,
          "text": "ein Benjaminiter, der von Jerusalem weggeführt worden war mit den Gefangenen, die mit Jechonja, dem König von Juda, hinweggeführt worden waren, welche Nebukadnezar, der König von Babel, gefangen weggeführt hatte.",
          "words": []
        },
        {
          "id": 7,
          "number": 7,
          "text": "Und dieser war Pflegevater der Hadassa (das ist Esther), der Tochter seines Oheims; denn sie hatte weder Vater noch Mutter. Diese Jungfrau aber war von schöner Gestalt und lieblichem Aussehen. Und als ihr Vater und ihre Mutter gestorben waren, hatte Mardochai sie als seine Tochter angenommen.",
          "words": []
        },
        {
          "id": 8,
          "number": 8,
          "text": "Als nun das Gebot des Königs und das Gesetz bekanntgemacht war und viele Jungfrauen in das Schloß Susan unter die Obhut Hegais zusammengebracht wurden, da ward auch Esther in des Königs Haus geholt, unter die Obhut Hegais, des Hüters der Frauen.",
          "words": []
        },
        {
          "id": 9,
          "number": 9,
          "text": "Und die Jungfrau gefiel ihm, und sie fand Gunst bei ihm. Und er sorgte dafür, daß sie ihre Reinigungssalben und ihre Gerichte bald erhielt; auch gab er ihr sieben auserlesene Mägde aus des Königs Hause. Und er wies ihr samt ihren Mägden den besten Ort im Frauenhause an.",
          "words": []
        },
        {
          "id": 10,
          "number": 10,
          "text": "Esther aber zeigte ihr Volk und ihre Herkunft nicht an; denn Mardochai hatte ihr geboten, es nicht zu sagen.",
          "words": []
        },
        {
          "id": 11,
          "number": 11,
          "text": "Und Mardochai ging alle Tage vor dem Hof am Frauenhause auf und ab, um zu erfahren, ob es Esther wohlgehe und was mit ihr geschehe.",
          "words": []
        },
        {
          "id": 12,
          "number": 12,
          "text": "Wenn die Reihe an eine jede Jungfrau kam, zum König Ahasveros zu kommen, nachdem sie zwölf Monate lang gemäß der Verordnung für die Frauen, behandelt worden war (denn damit wurden die Tage ihrer Reinigung ausgefüllt: sechs Monate wurden sie mit Myrrhenöl und sechs Monate mit Balsam und mit den Reinigungssalben der Frauen behandelt);",
          "words": []
        },
        {
          "id": 13,
          "number": 13,
          "text": "alsdann kam die Jungfrau zum König; dann gab man ihr alles, was sie begehrte, um damit von dem Frauenhause zu des Königs Hause zu gehen.",
          "words": []
        },
        {
          "id": 14,
          "number": 14,
          "text": "Am Abend ging sie hinein, und am Morgen kam sie zurück, in das andere Frauenhaus, unter die Obhut Schaaschgas, des Kämmerers des Königs, des Hüters der Nebenfrauen; sie kam nicht wieder zum König, außer wenn der König nach ihr verlangte; alsdann wurde sie mit Namen gerufen.",
          "words": []
        },
        {
          "id": 15,
          "number": 15,
          "text": "Als nun Esther, die Tochter Abichails, des Oheims Mardochais, die er als Tochter angenommen hatte, an die Reihe kam, zum König zu kommen, begehrte sie nichts, als was Hegai, der Kämmerer des Königs, der Hüter der Frauen, ihr riet. Und Esther fand Gnade vor allen, die sie sahen.",
          "words": []
        },
        {
          "id": 16,
          "number": 16,
          "text": "Und Esther ward zum König Ahasveros, in sein königliches Haus genommen, im zehnten Monat, das ist der Monat Thebet, im siebenten Jahre seiner Regierung.",
          "words": []
        },
        {
          "id": 17,
          "number": 17,
          "text": "Und der König gewann Esther lieber als alle andern Frauen. Sie fand Gnade und Gunst vor ihm, mehr als alle Jungfrauen; und er setzte die königliche Krone auf ihr Haupt und machte sie zur Königin an Vastis Statt.",
          "words": []
        },
        {
          "id": 18,
          "number": 18,
          "text": "Und der König machte allen seinen Fürsten ein großes Mahl, das Mahl der Esther. Und er veranstaltete eine Feier in den Provinzen und teilte Gaben aus mit königlicher Hand.",
          "words": []
        },
        {
          "id": 19,
          "number": 19,
          "text": "Und als man zum zweitenmal Jungfrauen zusammenbrachte, saß Mardochai im Tore des Königs.",
          "words": []
        },
        {
          "id": 20,
          "number": 20,
          "text": "Esther aber hatte weder ihre Herkunft noch ihr Volk angezeigt, wie ihr Mardochai geboten hatte. Denn Esther tat nach der Weisung Mardochais, wie zu der Zeit, als sie von ihm erzogen wurde.",
          "words": []
        },
        {
          "id": 21,
          "number": 21,
          "text": "In jenen Tagen, als Mardochai im Tore des Königs saß, waren zwei Kämmerer des Königs, Bigtan und Teres, welche die Schwelle hüteten, unzufrieden und trachteten, Hand an den König Ahasveros zu legen.",
          "words": []
        },
        {
          "id": 22,
          "number": 22,
          "text": "Das ward dem Mardochai bekannt, und er sagte es der Königin Esther; Esther aber sagte es dem König in Mardochais Namen.",
          "words": []
        },
        {
          "id": 23,
          "number": 23,
          "text": "Da wurde die Sache untersucht und richtig befunden, und die beiden wurden an das Holz gehängt; und solches ward vor dem König in das Buch der Chronik geschrieben.",
          "words": []
        }
      ]
    },
    {
      "id": 3,
      "verses": [
        {
          "id": 1,
          "number": 1,
          "text": "Nach diesen Begebenheiten erhob der König Ahasveros Haman, den Sohn Hamedatas, den Agagiter, zu höherer Macht und Würde und setzte seinen Stuhl über alle Fürsten, die bei ihm waren.",
          "words": []
        },
        {
          "id": 2,
          "number": 2,
          "text": "Und alle Knechte des Königs, die im Königstore waren, beugten die Knie und fielen vor Haman nieder; denn der König hatte es also geboten. Aber Mardochai beugte die Knie nicht und fiel nicht nieder.",
          "words": []
        },
        {
          "id": 3,
          "number": 3,
          "text": "Da sprachen die Knechte des Königs, die im Königstore waren, zu Mardochai: Warum übertrittst du des Königs Gebot?",
          "words": []
        },
        {
          "id": 4,
          "number": 4,
          "text": "Und als sie solches täglich zu ihm sagten und er ihnen nicht gehorchte, sagten sie es Haman, um zu sehen, ob Mardochai auf seiner Weigerung bestehen würde; denn er hatte ihnen gesagt, daß er ein Jude sei.",
          "words": []
        },
        {
          "id": 5,
          "number": 5,
          "text": "Als nun Haman sah, daß Mardochai die Knie nicht vor ihm beugte und ihm nicht huldigte, ward er voll Grimm.",
          "words": []
        },
        {
          "id": 6,
          "number": 6,
          "text": "Doch war ihm das zu gering, an Mardochai allein Hand zu legen; sondern weil man ihm das Volk Mardochais genannt hatte, trachtete Haman darnach, alle Juden im ganzen Königreich des Ahasveros, die Volksgenossen Mardochais, zu vertilgen.",
          "words": []
        },
        {
          "id": 7,
          "number": 7,
          "text": "Im ersten Monat, das ist der Monat Nisan, im zwölften Jahre des Königs Ahasveros, ward das Pur, das ist das Los, vor Haman geworfen über die Tage und Monate, und es fiel auf den dreizehnten Tag im zwölften Monat, das ist der Monat Adar.",
          "words": []
        },
        {
          "id": 8,
          "number": 8,
          "text": "Und Haman sprach zum König Ahasveros: Es gibt ein Volk, das lebt zerstreut und abgesondert unter allen Völkern in allen Provinzen deines Königreichs, und ihr Gesetz ist anders als dasjenige aller Völker, und sie tun nicht nach des Königs Gesetzen; also daß es dem König nicht geziemt, sie in Ruhe zu lassen!",
          "words": []
        },
        {
          "id": 9,
          "number": 9,
          "text": "Gefällt es dem König, so schreibe er, daß man sie umbringe; dann will ich zehntausend Talente Silber darwägen in die Hände der Schaffner, damit man es in des Königs Schatzkammern bringe!",
          "words": []
        },
        {
          "id": 10,
          "number": 10,
          "text": "Da zog der König seinen Siegelring von der Hand und gab ihn Haman, dem Sohne Hamedatas, dem Agagiter, dem Feinde der Juden.",
          "words": []
        },
        {
          "id": 11,
          "number": 11,
          "text": "Und der König sprach zu Haman: Das Silber sei dir geschenkt, dazu das Volk, damit du mit ihm tuest, was dir gefällt!",
          "words": []
        },
        {
          "id": 12,
          "number": 12,
          "text": "Da berief man die Schreiber des Königs am dreizehnten Tage des ersten Monats, und es ward geschrieben, ganz wie Haman befahl, an die Fürsten des Königs und an die Landpfleger in allen Provinzen und an die Hauptleute eines jeden Volkes, in der Schrift einer jeden Provinz und in der Sprache eines jeden Volkes; im Namen des Königs Ahasveros ward es geschrieben und mit des Königs Ring versiegelt.",
          "words": []
        },
        {
          "id": 13,
          "number": 13,
          "text": "Und die Briefe wurden durch die Läufer in alle Provinzen des Königs gesandt, daß man alle Juden vertilgen, erwürgen und umbringen solle, Junge und Alte, Kinder und Frauen, an einem Tage, nämlich am dreizehnten des zwölften Monats, das ist der Monat Adar, und daß man zugleich ihr Gut rauben dürfe.",
          "words": []
        },
        {
          "id": 14,
          "number": 14,
          "text": "Die Schrift aber lautete also, es sei ein Befehl zu erlassen und in allen Provinzen zu eröffnen, daß sie sich auf diesen Tag rüsten sollten.",
          "words": []
        },
        {
          "id": 15,
          "number": 15,
          "text": "Und die Läufer gingen eilends mit des Königs Gebot, sobald es im Schlosse Susan erlassen war. Der König aber und Haman setzten sich, um zu trinken, während die Stadt Susan in Bestürzung geriet.",
          "words": []
        }
      ]
    },
    {
      "id": 4,
      "verses": [
        {
          "id": 1,
          "number": 1,
          "text": "Als nun Mardochai alles erfuhr, was geschehen war, zerriß Mardochai seine Kleider und kleidete sich in Sack und Asche und ging in die Stadt hinein und klagte laut und bitterlich.",
          "words": []
        },
        {
          "id": 2,
          "number": 2,
          "text": "Und er kam bis vor das Königstor; denn es durfte niemand zum Königstor eingehen, der einen Sack anhatte.",
          "words": []
        },
        {
          "id": 3,
          "number": 3,
          "text": "Da war auch in allen Provinzen, wo immer des Königs Wort und Gebot hinkam, unter den Juden große Klage und Fasten und Weinen und Leidtragen, und viele lagen in Säcken und in der Asche.",
          "words": []
        },
        {
          "id": 4,
          "number": 4,
          "text": "Da kamen die Mägde der Esther und ihre Kämmerer und sagten es ihr; und dieses bekümmerte die Königin sehr. Und sie sandte Kleider, damit Mardochai sie anzöge und den Sack von sich legte. Aber er nahm sie nicht an.",
          "words": []
        },
        {
          "id": 5,
          "number": 5,
          "text": "Da rief Esther den Hatach, einen Kämmerer des Königs, den er für sie bestellt hatte, und gab ihm Befehl, bei Mardochai in Erfahrung zu bringen, was das bedeute und warum es geschehe.",
          "words": []
        },
        {
          "id": 6,
          "number": 6,
          "text": "Da ging Hatach zu Mardochai hinaus auf den Platz der Stadt, vor das Königstor.",
          "words": []
        },
        {
          "id": 7,
          "number": 7,
          "text": "Und Mardochai tat ihm alles kund, was ihm begegnet war, auch die genaue Summe Silbers, die Haman versprochen hatte, in der Schatzkammer des Königs darzuwägen als Entgelt für die Vertilgung der Juden.",
          "words": []
        },
        {
          "id": 8,
          "number": 8,
          "text": "Und er gab ihm die Abschrift des Gebots, das betreffs der Vertilgung zu Susan erlassen worden war, damit er es Esther zeige und ihr kundtue und ihr gebiete, zum König hineinzugehen, um seine Gnade zu erflehen und vor seinem Angesicht für ihr Volk zu bitten.",
          "words": []
        },
        {
          "id": 9,
          "number": 9,
          "text": "Da ging Hatach hinein und tat Esther die Worte Mardochais kund.",
          "words": []
        },
        {
          "id": 10,
          "number": 10,
          "text": "Da sprach Esther zu Hatach und befahl ihm, Mardochai zu sagen:",
          "words": []
        },
        {
          "id": 11,
          "number": 11,
          "text": "Alle Knechte des Königs und die Leute in den königlichen Provinzen wissen, daß, wer irgend in den innern Hof zum König hineingeht, es sei Mann oder Weib, ohne gerufen zu sein, nach dem gleichen Gesetz sterben muß, es sei denn, daß der König das goldene Zepter gegen ihn ausstreckt, damit er am Leben bleibe. Ich aber bin nun seit dreißig Tagen nicht gerufen worden, zum König hineinzugehen.",
          "words": []
        },
        {
          "id": 12,
          "number": 12,
          "text": "Als nun Esthers Worte dem Mardochai mitgeteilt wurden,",
          "words": []
        },
        {
          "id": 13,
          "number": 13,
          "text": "ließ Mardochai der Esther antworten: Bilde dir ja nicht ein, daß du vor allen Juden entrinnen werdest, weil du in des Königs Hause bist!",
          "words": []
        },
        {
          "id": 14,
          "number": 14,
          "text": "Denn wenn du unter diesen Umständen schweigst, so wird den Juden von einer andern Seite her Trost und Rettung erstehen, du aber und deines Vaters Haus werden umkommen. Und wer weiß, ob du nicht um dieser Umstände willen zum Königtum gekommen bist?",
          "words": []
        },
        {
          "id": 15,
          "number": 15,
          "text": "Da ließ Esther dem Mardochai antworten:",
          "words": []
        },
        {
          "id": 16,
          "number": 16,
          "text": "So gehe hin, versammle alle Juden, die zu Susan anwesend sind, und fastet für mich, drei Tage lang bei Tag und Nacht, esset und trinket nicht. Auch ich will mit meinen Mägden also fasten, und alsdann will ich zum König hineingehen, wiewohl es nicht nach dem Gesetze ist. Komme ich um, so komme ich um!",
          "words": []
        },
        {
          "id": 17,
          "number": 17,
          "text": "Mardochai ging hin und tat alles ganz so, wie Esther ihm befohlen hatte.",
          "words": []
        }
      ]
    },
    {
      "id": 5,
      "verses": [
        {
          "id": 1,
          "number": 1,
          "text": "Und am dritten Tage legte Esther ihre königliche Kleidung an und stellte sich in den innern Hof am Hause des Königs, dem Hause des Königs gegenüber, während der König auf seinem königlichen Throne im königlichen Hause saß, gegenüber dem Eingang zum Hause.",
          "words": []
        },
        {
          "id": 2,
          "number": 2,
          "text": "Als nun der König die Königin Esther im Hofe stehen sah, fand sie Gnade vor seinen Augen; denn der König streckte das goldene Zepter in seiner Hand Esther entgegen. Da trat Esther herzu und rührte die Spitze des Zepters an.",
          "words": []
        },
        {
          "id": 3,
          "number": 3,
          "text": "Da sprach der König zu ihr: Was hast du, Königin Esther, und was forderst du? Es soll dir gewährt werden, und wäre es auch die Hälfte des Königreichs!",
          "words": []
        },
        {
          "id": 4,
          "number": 4,
          "text": "Esther sprach: Gefällt es dem König, so komme der König heute mit Haman zu dem Mahl, das ich ihm zubereitet habe!",
          "words": []
        },
        {
          "id": 5,
          "number": 5,
          "text": "Der König sprach: Sorget dafür, daß Haman eilends tue, was Esther gesagt hat! Als nun der König und Haman zu dem Mahl kamen, welches Esther zugerichtet hatte,",
          "words": []
        },
        {
          "id": 6,
          "number": 6,
          "text": "sprach der König zu Esther beim Weingelage: Was bittest du, Esther? Es soll dir gegeben werden! Und was forderst du? Wäre es auch die Hälfte des Königreichs, es soll geschehen!",
          "words": []
        },
        {
          "id": 7,
          "number": 7,
          "text": "Da antwortete Esther und sprach: Meine Bitte und mein Begehren ist:",
          "words": []
        },
        {
          "id": 8,
          "number": 8,
          "text": "Habe ich Gnade gefunden vor dem König, und gefällt es dem König, mir meine Bitte zu gewähren und meinen Wunsch zu erfüllen, so komme der König mit Haman zu dem Mahl, das ich für sie zurichten will; dann will ich morgen tun, was der König gesagt hat!",
          "words": []
        },
        {
          "id": 9,
          "number": 9,
          "text": "Da ging Haman an jenem Tage fröhlich und guten Mutes hinaus. Aber als Haman den Mardochai im Königstore sah, wie er nicht aufstand, noch sich vor ihm verbeugte, ward er voll Zorn über Mardochai.",
          "words": []
        },
        {
          "id": 10,
          "number": 10,
          "text": "Doch Haman überwand sich; als er aber heimkam, sandte er hin und ließ seine Freunde und sein Weib Seres holen.",
          "words": []
        },
        {
          "id": 11,
          "number": 11,
          "text": "Und Haman zählte ihnen die Herrlichkeit seines Reichtums auf und die Menge seiner Söhne und wie ihn der König so gar groß gemacht und ihn über die Fürsten und Knechte erhoben habe.",
          "words": []
        },
        {
          "id": 12,
          "number": 12,
          "text": "Auch sprach Haman: Und die Königin Esther hat niemand mit dem König zum Mahle kommen lassen, das sie zugerichtet hat, als mich, und ich bin auch morgen mit dem König zu ihr geladen!",
          "words": []
        },
        {
          "id": 13,
          "number": 13,
          "text": "Aber das alles befriedigt mich nicht, solange ich Mardochai, den Juden, im Königstor sitzen sehe.",
          "words": []
        },
        {
          "id": 14,
          "number": 14,
          "text": "Da sprachen sein Weib Seres und alle seine Freunde zu ihm: Man soll einen Galgen machen, fünfzig Ellen hoch; dann sage du morgen dem König, daß man Mardochai daran hängen soll, so kannst du fröhlich mit dem König zum Mahl gehen. Das gefiel Haman wohl, und er ließ den Galgen zurichten.",
          "words": []
        }
      ]
    },
    {
      "id": 6,
      "verses": [
        {
          "id": 1,
          "number": 1,
          "text": "In derselben Nacht konnte der König nicht schlafen, und er ließ das Buch der Denkwürdigkeiten, die Chronik, herbringen; daraus wurde dem Könige vorgelesen.",
          "words": []
        },
        {
          "id": 2,
          "number": 2,
          "text": "Da fand sich, daß darin geschrieben war, wie Mardochai angezeigt habe, daß Bigtana und Teres, die beiden Kämmerer des Königs, die an der Schwelle hüteten, darnach getrachtet hatten, Hand an den König Ahasveros zu legen.",
          "words": []
        },
        {
          "id": 3,
          "number": 3,
          "text": "Und der König sprach: Was für Ehre und Würde haben wir dafür Mardochai zuteilwerden lassen? Da sprachen die Knappen des Königs, die ihm dienten: Man hat ihm gar nichts gegeben!",
          "words": []
        },
        {
          "id": 4,
          "number": 4,
          "text": "Und der König fragte: Wer ist im Hofe? Nun war Haman gerade in den äußern Hof des königlichen Hauses gekommen, um dem König zu sagen, er solle Mardochai an den Galgen hängen lassen, den er für ihn bereitet hatte.",
          "words": []
        },
        {
          "id": 5,
          "number": 5,
          "text": "Da sprachen des Königs Knappen zu ihm: Siehe, Haman steht im Hof! Der König sprach: Er soll hereinkommen!",
          "words": []
        },
        {
          "id": 6,
          "number": 6,
          "text": "Als nun Haman hereinkam, sprach der König zu ihm: Was soll man dem Manne tun, den der König gern ehren wollte? Haman aber dachte in seinem Herzen: Wem anders sollte der König Ehre erweisen wollen als mir?",
          "words": []
        },
        {
          "id": 7,
          "number": 7,
          "text": "Und Haman sprach zum König: Für den Mann, welchen der König gern ehren wollte,",
          "words": []
        },
        {
          "id": 8,
          "number": 8,
          "text": "soll man ein königliches Kleid, welches der König selbst getragen hat, herbringen und ein Pferd, darauf der König reitet und auf dessen Kopf eine königliche Krone gesetzt worden ist.",
          "words": []
        },
        {
          "id": 9,
          "number": 9,
          "text": "Und man soll das Kleid und das Pferd den Händen eines der vornehmsten Fürsten des Königs übergeben, damit man den Mann bekleide, welchen der König gern ehren wollte, und ihn auf dem Pferde in den Gassen der Stadt umherführen und vor ihm her ausrufen lassen: So tut man dem Manne, den der König gern ehren will!",
          "words": []
        },
        {
          "id": 10,
          "number": 10,
          "text": "Da sprach der König zu Haman: Eile, nimm das Kleid und das Pferd, wie du gesagt hast, und tue also mit Mardochai, dem Juden, der vor dem Königstor sitzt; es soll nichts fehlen von allem, was du gesagt hast!",
          "words": []
        },
        {
          "id": 11,
          "number": 11,
          "text": "Da nahm Haman das Kleid und das Pferd und bekleidete Mardochai und führte ihn auf die Gassen der Stadt und rief vor ihm her: So tut man dem Manne, den der König gern ehren will!",
          "words": []
        },
        {
          "id": 12,
          "number": 12,
          "text": "Darauf kehrte Mardochai zum Königstor zurück; Haman aber eilte traurig und mit verhülltem Haupte nach Hause.",
          "words": []
        },
        {
          "id": 13,
          "number": 13,
          "text": "Und Haman erzählte seinem Weibe Seres und allen seinen Freunden alles, was ihm begegnet war. Da sprachen seine Weisen und sein Weib Seres zu ihm: Wenn Mardochai, vor dem du zu fallen angefangen hast, von dem Samen der Juden ist, so vermagst du nichts wider ihn, sondern du wirst gänzlich vor ihm fallen!",
          "words": []
        },
        {
          "id": 14,
          "number": 14,
          "text": "Während sie aber noch mit ihm redeten, kamen die Kämmerer des Königs und beeilten sich, Haman zu dem Mahle zu bringen, welches Esther zugerichtet hatte.",
          "words": []
        }
      ]
    },
    {
      "id": 7,
      "verses": [
        {
          "id": 1,
          "number": 1,
          "text": "So kam nun der König mit Haman zum Trinkgelage bei der Königin Esther.",
          "words": []
        },
        {
          "id": 2,
          "number": 2,
          "text": "Da sprach der König zu Esther auch am zweiten Tage beim Weintrinken: Was bittest du, Königin Esther? Es soll dir gegeben werden! Und was forderst du? Wäre es auch die Hälfte des Königreichs, es soll geschehen!",
          "words": []
        },
        {
          "id": 3,
          "number": 3,
          "text": "Da antwortete die Königin Esther und sprach: Habe ich Gnade vor dir gefunden, o König, und gefällt es dem König, so schenke mir das Leben um meiner Bitte willen, und mein Volk um meines Begehrens willen!",
          "words": []
        },
        {
          "id": 4,
          "number": 4,
          "text": "Denn wir sind verkauft, ich und mein Volk, um vertilgt, erwürgt und umgebracht zu werden. Wenn wir nur zu Knechten und Mägden verkauft würden, so wollte ich schweigen; aber der Feind wäre nicht imstande, den Schaden des Königs zu ersetzen!",
          "words": []
        },
        {
          "id": 5,
          "number": 5,
          "text": "Da sprach der König Ahasveros zu der Königin Esther: Wer ist der, und wo ist der, welcher sich vorgenommen hat, solches zu tun?",
          "words": []
        },
        {
          "id": 6,
          "number": 6,
          "text": "Esther sprach: Der Widersacher und Feind ist dieser böse Haman! Da erschrak Haman vor dem König und der Königin.",
          "words": []
        },
        {
          "id": 7,
          "number": 7,
          "text": "Der König aber stand in seinem Grimm auf vom Weintrinken und ging in den Garten am Hause. Haman aber stand auf und bat die Königin Esther um sein Leben; denn er sah, daß sein Verderben beim König beschlossen war.",
          "words": []
        },
        {
          "id": 8,
          "number": 8,
          "text": "Und als der König aus dem Garten am Hause wieder in das Haus kam, wo man den Wein getrunken hatte, lag Haman an dem Polster, auf welchem Esther saß. Da sprach der König: Will er sogar der Königin Gewalt antun in meinem Hause? Das Wort war kaum aus des Königs Munde gegangen, so verhüllten sie dem Haman das Angesicht.",
          "words": []
        },
        {
          "id": 9,
          "number": 9,
          "text": "Und Harbona, einer der Kämmerer vor dem König, sprach: Siehe, der Galgen, welchen Haman für Mardochai gemacht hat, der Gutes für den König geredet hat, steht schon bei Hamans Hause, fünfzig Ellen hoch! Der König sprach: Hängt ihn daran!",
          "words": []
        },
        {
          "id": 10,
          "number": 10,
          "text": "Also hängte man Haman an den Galgen, welchen er für Mardochai gemacht hatte. Da legte sich der Zorn des Königs.",
          "words": []
        }
      ]
    },
    {
      "id": 8,
      "verses": [
        {
          "id": 1,
          "number": 1,
          "text": "An demselben Tage gab der König Ahasveros der Königin Esther das Haus Hamans, des Feindes der Juden. Mardochai aber bekam Zutritt beim König; denn Esther hatte gesagt, wie er ihr zugehörte.",
          "words": []
        },
        {
          "id": 2,
          "number": 2,
          "text": "Und der König tat seinen Siegelring ab, den er Haman abgenommen hatte, und gab ihn Mardochai. Und Esther setzte Mardochai über das Haus Hamans.",
          "words": []
        },
        {
          "id": 3,
          "number": 3,
          "text": "Und Esther redete weiter vor dem König und fiel ihm zu Füßen, weinte und flehte ihn an, daß er die Bosheit Hamans, des Agagiters, nämlich seinen Anschlag, den er wider die Juden erdacht hatte, abwenden möchte.",
          "words": []
        },
        {
          "id": 4,
          "number": 4,
          "text": "Und der König streckte Esther das goldene Zepter entgegen. Da stand Esther auf und trat vor den König und sprach:",
          "words": []
        },
        {
          "id": 5,
          "number": 5,
          "text": "Gefällt es dem König, und habe ich Gnade vor ihm gefunden, und dünkt es den König gut, und gefalle ich ihm, so schreibe man, daß die Briefe mit dem Anschlag Hamans, des Sohnes Hammedatas, des Agagiters, widerrufen werden, welche er geschrieben hat, um die Juden in allen Provinzen des Königs umzubringen.",
          "words": []
        },
        {
          "id": 6,
          "number": 6,
          "text": "Denn wie könnte ich dem Unglück zusehen, das mein Volk treffen würde? Und wie könnte ich zusehen, wie mein Geschlecht umkommt?",
          "words": []
        },
        {
          "id": 7,
          "number": 7,
          "text": "Da sprach der König Ahasveros zur Königin Esther und zu Mardochai, dem Juden: Seht, ich habe Esther das Haus Hamans gegeben, und man hat ihn an den Galgen gehängt, weil er seine Hand gegen die Juden ausgestreckt hat.",
          "words": []
        },
        {
          "id": 8,
          "number": 8,
          "text": "So schreibt nun betreffs der Juden, wie es euch gut dünkt, in des Königs Namen, und versiegelt es mit des Königs Ring; denn die Schrift, die in des Königs Namen geschrieben und mit des Königs Ring versiegelt worden ist, kann nicht widerrufen werden.",
          "words": []
        },
        {
          "id": 9,
          "number": 9,
          "text": "Da wurden des Königs Schreiber zu jener Zeit berufen, im dritten Monat, das ist der Monat Sivan, am dreiundzwanzigsten Tage desselben. Und es ward geschrieben, ganz wie Mardochai gebot, an die Juden und an die Fürsten und Landpfleger und Hauptleute der Provinzen von Indien bis Äthiopien, nämlich 127 Provinzen, einer jeden Provinz in ihrer Schrift, und einem jeden Volk in seiner Sprache, auch an die Juden in ihrer Schrift und in ihrer Sprache.",
          "words": []
        },
        {
          "id": 10,
          "number": 10,
          "text": "Und es ward geschrieben im Namen des Königs Ahasveros und versiegelt mit dem Ring des Königs. Und er sandte Briefe durch reitende Eilboten, die auf schnellen Rossen aus den königlichen Gestüten ritten;",
          "words": []
        },
        {
          "id": 11,
          "number": 11,
          "text": "darin gestattete der König den Juden, sich in allen Städten zu versammeln und für ihr Leben einzustehen und zu vertilgen, zu erwürgen und umzubringen alle Volks und Bezirkstruppen, die sie befehden sollten, mitsamt den Kindern und Frauen, und die ihr Gut rauben wollten;",
          "words": []
        },
        {
          "id": 12,
          "number": 12,
          "text": "und zwar an einem Tage in allen Provinzen des Königs Ahasveros, nämlich am dreizehnten Tage des zwölften Monats, das ist der Monat Adar.",
          "words": []
        },
        {
          "id": 13,
          "number": 13,
          "text": "Der Inhalt der Schrift aber war, es sei in allen Provinzen ein Gebot zu erlassen und allen Völkern zu eröffnen, daß die Juden auf jenen Tag bereit sein sollten, sich an ihren Feinden zu rächen.",
          "words": []
        },
        {
          "id": 14,
          "number": 14,
          "text": "Und Eilboten, die auf schnellen Rossen aus den königlichen Gestüten ritten, gingen auf Befehl des Königs schleunigst und eilend aus, sobald das Gesetz im Schloß Susan erlassen war.",
          "words": []
        },
        {
          "id": 15,
          "number": 15,
          "text": "Mardochai aber verließ den König in königlichen Kleidern, in blauem Purpur und feiner weißer Baumwolle und mit einer großen goldenen Krone und einem Mantel von weißer Baumwolle und rotem Purpur; und die Stadt Susan jauchzte und war fröhlich.",
          "words": []
        },
        {
          "id": 16,
          "number": 16,
          "text": "Für die Juden aber war Licht und Freude, Wonne und Ehre entstanden.",
          "words": []
        },
        {
          "id": 17,
          "number": 17,
          "text": "Und in allen Provinzen und in allen Städten, wohin des Königs Wort und Gebot gelangte, da war Freude und Wonne unter den Juden, Gastmahl und Festtag, so daß viele von der Bevölkerung des Landes Juden wurden; denn die Furcht vor den Juden war auf sie gefallen.",
          "words": []
        }
      ]
    },
    {
      "id": 9,
      "verses": [
        {
          "id": 1,
          "number": 1,
          "text": "Im zwölften Monat nun, das ist der Monat Adar, am dreizehnten Tage, an welchem des Königs Wort und Gebot in Erfüllung gehen sollte, an eben dem Tage, an welchem die Feinde der Juden hofften, sie zu überwältigen, wandte es sich so, daß die Juden ihre Hasser überwältigen durften.",
          "words": []
        },
        {
          "id": 2,
          "number": 2,
          "text": "Da versammelten sich die Juden in ihren Städten, in sämtlichen Provinzen des Königs Ahasveros, um Hand an die zu legen, die ihnen übel wollten, und niemand konnte ihnen widerstehen; denn die Furcht vor ihnen war auf alle Völker gefallen.",
          "words": []
        },
        {
          "id": 3,
          "number": 3,
          "text": "Auch alle Vorsteher der Provinzen und die Satrapen und Landpfleger und die Amtleute des Königs unterstützten die Juden; denn die Furcht vor Mardochai war auf sie gefallen.",
          "words": []
        },
        {
          "id": 4,
          "number": 4,
          "text": "Denn Mardochai galt viel am Hofe des Königs, und sein Ruf erscholl in alle Provinzen; denn der Mann Mardochai ward immer größer.",
          "words": []
        },
        {
          "id": 5,
          "number": 5,
          "text": "Also schlugen die Juden alle ihre Feinde mit dem Schwerte und erwürgten und brachten sie um und verfuhren mit ihren Hassern nach ihrem Belieben.",
          "words": []
        },
        {
          "id": 6,
          "number": 6,
          "text": "Auch in der Burg Susan erwürgten die Juden und brachten 500 Mann um.",
          "words": []
        },
        {
          "id": 7,
          "number": 7,
          "text": "Dazu erschlugen sie Parsandata,",
          "words": []
        },
        {
          "id": 8,
          "number": 8,
          "text": "Dalphon, Aspata, Porata,",
          "words": []
        },
        {
          "id": 9,
          "number": 9,
          "text": "Adalja, Aridata, Parmasta, Arisai, Aridai und Vajesata,",
          "words": []
        },
        {
          "id": 10,
          "number": 10,
          "text": "die zehn Söhne Hamans, des Sohnes Hammedatas, des Feindes der Juden; aber an ihre Güter legten sie die Hand nicht.",
          "words": []
        },
        {
          "id": 11,
          "number": 11,
          "text": "An jenem Tage erfuhr der König die Zahl der in der Burg Susan Getöteten.",
          "words": []
        },
        {
          "id": 12,
          "number": 12,
          "text": "Und der König sprach zu der Königin Esther: Die Juden haben in der Burg Susan 500 Mann erschlagen und umgebracht, dazu die zehn Söhne Hamans. Was haben sie getan in den andern Provinzen des Königs? Was bittest du nun? Es soll dir gegeben werden. Und was forderst du mehr? Es soll geschehen!",
          "words": []
        },
        {
          "id": 13,
          "number": 13,
          "text": "Esther sprach: Gefällt es dem König, so lasse er auch morgen die Juden zu Susan handeln nach der heutigen Verordnung; die zehn Söhne Hamans aber soll man an den Galgen hängen!",
          "words": []
        },
        {
          "id": 14,
          "number": 14,
          "text": "Da befahl der König, solches zu tun, und das Gebot ward zu Susan erlassen, und die zehn Söhne Hamans wurden gehängt.",
          "words": []
        },
        {
          "id": 15,
          "number": 15,
          "text": "Und die Juden versammelten sich zu Susan am vierzehnten Tage des Monats Adar und erwürgten zu Susan 300 Mann; aber an ihre Güter legten sie die Hand nicht.",
          "words": []
        },
        {
          "id": 16,
          "number": 16,
          "text": "Auch die übrigen Juden, die in den Ländern des Königs waren, kamen zusammen und standen für ihr Leben ein und verschafften sich Ruhe vor ihren Feinden, und sie töteten von ihren Feinden 75000; aber an ihre Güter legten sie die Hand nicht.",
          "words": []
        },
        {
          "id": 17,
          "number": 17,
          "text": "Das geschah am dreizehnten Tage des Monats Adar, und sie ruhten am vierzehnten Tage desselben Monats und machten ihn zu einem Tage des Gastmahls und der Freuden.",
          "words": []
        },
        {
          "id": 18,
          "number": 18,
          "text": "Aber die Juden zu Susan waren am dreizehnten und vierzehnten Tage dieses Monats zusammengekommen und ruhten am fünfzehnten Tage; und sie machten diesen Tag zu einem Tage des Gastmahls und der Freuden.",
          "words": []
        },
        {
          "id": 19,
          "number": 19,
          "text": "Darum machen die Juden auf dem Lande, welche in den offenen Städten wohnen, den vierzehnten Tag des Monats Adar zu einem Tage der Freude, des Gastmahls und zum Festtag und senden einander Geschenke.",
          "words": []
        },
        {
          "id": 20,
          "number": 20,
          "text": "Und Mardochai schrieb diese Begebenheiten auf und sandte Briefe an alle Juden, die in allen Provinzen des Königs Ahasveros wohnten, in der Nähe und in der Ferne,",
          "words": []
        },
        {
          "id": 21,
          "number": 21,
          "text": "indem er ihnen verordnete, daß sie den vierzehnten und fünfzehnten Tag des Monats Adar alle Jahre feiern sollten als Tage,",
          "words": []
        },
        {
          "id": 22,
          "number": 22,
          "text": "an denen die Juden vor ihren Feinden zur Ruhe gekommen waren, und als Monat, in welchem ihr Kummer in Freude und ihr Leid in gute Tage verwandelt worden war; daß sie die feiern sollten als Tage des Gastmahls und der Freuden, an denen sie einander Geschenke machen und die Armen beschenken sollten.",
          "words": []
        },
        {
          "id": 23,
          "number": 23,
          "text": "Und die Juden machten sich das, was sie zu tun angefangen hatten und was ihnen Mardochai vorgeschrieben hatte, zur Gewohnheit.",
          "words": []
        },
        {
          "id": 24,
          "number": 24,
          "text": "Weil Haman, der Sohn Hammedatas, der Agagiter, aller Juden Feind, den Plan gefaßt hatte, alle Juden umzubringen, und weil er das Pur, das ist das Los, hatte werfen lassen, um sie aufzureiben und umzubringen;",
          "words": []
        },
        {
          "id": 25,
          "number": 25,
          "text": "während Esther dadurch, daß sie vor den König kam, bewirkte, daß er durch Briefe befahl, Hamans bösen Anschlag, den er wider die Juden erdacht hatte, auf seinen eigenen Kopf zu lenken, so daß man ihn und seine Söhne an den Galgen hängte.",
          "words": []
        },
        {
          "id": 26,
          "number": 26,
          "text": "Darum werden diese Tage Purim genannt, nach dem Worte Pur. Um deswillen und wegen alles dessen, was in dem Schriftstücke stand, was sie selbst gesehen und erfahren hatten,",
          "words": []
        },
        {
          "id": 27,
          "number": 27,
          "text": "setzten die Juden solches fest und nahmen es an für sich und ihre Nachkommen und alle, die sich ihnen anschließen würden, daß sie nicht davon abgehen wollten, jährlich diese zwei Tage zu halten, wie sie vorgeschrieben und bestimmt worden waren.",
          "words": []
        },
        {
          "id": 28,
          "number": 28,
          "text": "Und so sollen diese Tage im Gedächtnis bleiben und gefeiert werden von Geschlecht zu Geschlecht, in allen Provinzen und Städten; so daß diese Purimtage nie verschwinden sollen aus der Mitte der Juden und ihr Gedächtnis bei ihren Nachkommen nicht aufhören soll.",
          "words": []
        },
        {
          "id": 29,
          "number": 29,
          "text": "Und die Königin Esther, die Tochter Abichails, und Mardochai, der Jude, schrieben mit allem Nachdruck, um diesen zweiten Brief betreffend die Purim zu bestätigen.",
          "words": []
        },
        {
          "id": 30,
          "number": 30,
          "text": "Und er sandte Briefe an alle Juden in den 127 Provinzen des Königreichs Ahasveros`, Worte des Friedens und der Wahrheit,",
          "words": []
        },
        {
          "id": 31,
          "number": 31,
          "text": "um diese Purimtage zu ihren bestimmten Zeiten festzusetzen, wie Mardochai, der Jude, und die Königin Ester ihnen verordnet und wie sie sie auch für sich selbst und für ihre Nachkommen festgesetzt hatten, nämlich die Geschichten der Fasten und ihrer Wehklage.",
          "words": []
        },
        {
          "id": 32,
          "number": 32,
          "text": "Und der Befehl Esthers bestätigte diese Purimgeschichte, und er wurde in einem Buche aufgezeichnet.",
          "words": []
        }
      ]
    },
    {
      "id": 10,
      "verses": [
        {
          "id": 1,
          "number": 1,
          "text": "Und der König Ahasveros legte dem Festland und den Inseln des Meeres einen Tribut auf.",
          "words": []
        },
        {
          "id": 2,
          "number": 2,
          "text": "Aber alle Werke seiner Gewalt und seiner Macht und die Beschreibung der Größe Mardochais, zu welcher ihn der König erhob, ist das nicht aufgezeichnet in der Chronik der Könige von Medien und Persien?",
          "words": []
        },
        {
          "id": 3,
          "number": 3,
          "text": "Denn der Jude Mardochai war der Nächste nach dem König Ahasveros und groß unter den Juden und beliebt bei der Menge seiner Brüder, weil er das Beste seines Volkes suchte und mit all seinem Geschlecht freundlich redete!",
          "words": []
        }
      ]
    }
  ]
}