{
  "id": 15,
  "name": "Ezra",
  "chapters": [
    {
      "id": 1,
      "verses": [
        {
          "id": 1,
          "number": 1,
          "text": "Im ersten Jahre Kores`, des Königs von Persien, (damit erfüllt würde das durch den Mund Jeremias geredete Wort des HERRN), erweckte der HERR den Geist des Kores, des Königs von Persien, so daß er durch sein ganzes Königreich ausrufen und auch schriftlich bekanntmachen ließ:",
          "words": []
        },
        {
          "id": 2,
          "number": 2,
          "text": "So spricht Kores, der König von Persien: Der HERR, der Gott des Himmels, hat mir alle Königreiche der Erde gegeben, und er selbst hat mir befohlen, ihm ein Haus zu bauen zu Jerusalem, das in Juda ist.",
          "words": []
        },
        {
          "id": 3,
          "number": 3,
          "text": "Wer irgend unter euch zu seinem Volk gehört, mit dem sei sein Gott, und er ziehe hinauf gen Jerusalem, das in Juda ist, und baue das Haus des HERRN, des Gottes Israels. Er ist der Gott zu Jerusalem.",
          "words": []
        },
        {
          "id": 4,
          "number": 4,
          "text": "Und wer noch übrig ist an allen Orten, wo er als Fremdling weilt, dem sollen die Leute seines Ortes helfen mit Silber und Gold und Fahrnis und Vieh nebst freiwilligen Gaben für das Haus Gottes zu Jerusalem.",
          "words": []
        },
        {
          "id": 5,
          "number": 5,
          "text": "Da machten sich die Familienhäupter von Juda und Benjamin auf und die Priester und Leviten, alle, deren Geist Gott erweckte, um hinaufzuziehen, das Haus des HERRN, welches zu Jerusalem ist, zu bauen.",
          "words": []
        },
        {
          "id": 6,
          "number": 6,
          "text": "Und alle ihre Nachbarn stärkten ihnen die Hände mit silbernen und goldenen Geräten, mit Fahrnis und Vieh und Kleinodien, außer dem, was sie freiwillig gaben.",
          "words": []
        },
        {
          "id": 7,
          "number": 7,
          "text": "Und der König Kores gab die Geräte des Hauses des HERRN heraus, die Nebukadnezar aus Jerusalem genommen und in das Haus seines Gottes getan hatte.",
          "words": []
        },
        {
          "id": 8,
          "number": 8,
          "text": "Kores, der König von Persien, gab sie heraus durch Mitredat, den Schatzmeister, und zählte sie Sesbazzar, dem Fürsten von Juda, dar.",
          "words": []
        },
        {
          "id": 9,
          "number": 9,
          "text": "Und dies ist ihre Zahl: dreißig goldene Becken, tausend silberne Becken, neunundzwanzig Schalen.",
          "words": []
        },
        {
          "id": 10,
          "number": 10,
          "text": "Dreißig goldene Becher, und der silbernen Becher von zweiter Gattung vierhundertzehn, und tausend andere Geräte.",
          "words": []
        },
        {
          "id": 11,
          "number": 11,
          "text": "Aller Geräte, der goldenen und silbernen, waren 5400. Diese alle brachte Sesbazzar hinauf mit denen, die aus der Gefangenschaft gen Jerusalem hinaufzogen.",
          "words": []
        }
      ]
    },
    {
      "id": 2,
      "verses": [
        {
          "id": 1,
          "number": 1,
          "text": "Und folgendes sind die Landeskinder, die aus der Gefangenschaft heraufzogen, welche Nebukadnezar, der König von Babel, nach Babel geführt hatte, und die wieder nach Jerusalem und Juda kamen, ein jeder in seine Stadt,",
          "words": []
        },
        {
          "id": 2,
          "number": 2,
          "text": "welche mit Serubbabel, Jesua, Nehemia, Seraja, Reelaja, Mordechai, Bilsan, Mispar, Bigvai, Rehum und Baana kamen. Dies ist die Anzahl der isrealitischen Männer:",
          "words": []
        },
        {
          "id": 3,
          "number": 3,
          "text": "Die Söhne Paroschs: 2172;",
          "words": []
        },
        {
          "id": 4,
          "number": 4,
          "text": "die Söhne Sephatjas: 372;",
          "words": []
        },
        {
          "id": 5,
          "number": 5,
          "text": "die Söhne Arahs; 775.",
          "words": []
        },
        {
          "id": 6,
          "number": 6,
          "text": "Die Söhne Pachat-Moabs von den Söhnen Jesua-Joabs: 2812;",
          "words": []
        },
        {
          "id": 7,
          "number": 7,
          "text": "die Söhne Elams: 1254;",
          "words": []
        },
        {
          "id": 8,
          "number": 8,
          "text": "die Söhne Satthus: 945;",
          "words": []
        },
        {
          "id": 9,
          "number": 9,
          "text": "die Söhne Sakkais: 760;",
          "words": []
        },
        {
          "id": 10,
          "number": 10,
          "text": "die Söhne Banis: 642;",
          "words": []
        },
        {
          "id": 11,
          "number": 11,
          "text": "die Söhne Bebais: 623;",
          "words": []
        },
        {
          "id": 12,
          "number": 12,
          "text": "die Söhne Asgads: 1222;",
          "words": []
        },
        {
          "id": 13,
          "number": 13,
          "text": "die Söhne Adonikams: 666;",
          "words": []
        },
        {
          "id": 14,
          "number": 14,
          "text": "die Söhne Bigvais: 2056;",
          "words": []
        },
        {
          "id": 15,
          "number": 15,
          "text": "die Söhne Adins: 454;",
          "words": []
        },
        {
          "id": 16,
          "number": 16,
          "text": "die Söhne Aters von Hiskia: 98;",
          "words": []
        },
        {
          "id": 17,
          "number": 17,
          "text": "die Söhne Bezais: 323;",
          "words": []
        },
        {
          "id": 18,
          "number": 18,
          "text": "die Söhne Jorahs: 112;",
          "words": []
        },
        {
          "id": 19,
          "number": 19,
          "text": "die Söhne Hasmus: 223;",
          "words": []
        },
        {
          "id": 20,
          "number": 20,
          "text": "die Söhne Gibbars: 95;",
          "words": []
        },
        {
          "id": 21,
          "number": 21,
          "text": "die Söhne Bethlehems: 123;",
          "words": []
        },
        {
          "id": 22,
          "number": 22,
          "text": "die Männer Netophas: 56;",
          "words": []
        },
        {
          "id": 23,
          "number": 23,
          "text": "die Männer Anatots: 128;",
          "words": []
        },
        {
          "id": 24,
          "number": 24,
          "text": "die Söhne Asmavets: 42;",
          "words": []
        },
        {
          "id": 25,
          "number": 25,
          "text": "die Leute von Kirjat-Arim, Kirjat -Kephira und Kirjat -Beerot: 743;",
          "words": []
        },
        {
          "id": 26,
          "number": 26,
          "text": "die Leute von Rama und Geba: 621;",
          "words": []
        },
        {
          "id": 27,
          "number": 27,
          "text": "die Männer von Michmas: 122;",
          "words": []
        },
        {
          "id": 28,
          "number": 28,
          "text": "die Männer von Bethel und Ai: 223;",
          "words": []
        },
        {
          "id": 29,
          "number": 29,
          "text": "die Söhne Nebos: 52;",
          "words": []
        },
        {
          "id": 30,
          "number": 30,
          "text": "die Söhne Magbis: 156;",
          "words": []
        },
        {
          "id": 31,
          "number": 31,
          "text": "die Söhne Elams, des zweiten: 1254;",
          "words": []
        },
        {
          "id": 32,
          "number": 32,
          "text": "die Söhne Harims: 320;",
          "words": []
        },
        {
          "id": 33,
          "number": 33,
          "text": "die Söhne Lods, Hadids und Onos: 725;",
          "words": []
        },
        {
          "id": 34,
          "number": 34,
          "text": "die Leute von Jericho: 345;",
          "words": []
        },
        {
          "id": 35,
          "number": 35,
          "text": "die Söhne Senaas: 3630.",
          "words": []
        },
        {
          "id": 36,
          "number": 36,
          "text": "Die Priester: Die Söhne Jedajas, vom Hause Jesuas: 973;",
          "words": []
        },
        {
          "id": 37,
          "number": 37,
          "text": "die Söhne Immers: 1052;",
          "words": []
        },
        {
          "id": 38,
          "number": 38,
          "text": "die Söhne Pashurs: 1247;",
          "words": []
        },
        {
          "id": 39,
          "number": 39,
          "text": "die Söhne Harims: 1017.",
          "words": []
        },
        {
          "id": 40,
          "number": 40,
          "text": "Die Leviten: Die Söhne Jesuas und Kadmiels, von den Söhnen Hodavias: 74.",
          "words": []
        },
        {
          "id": 41,
          "number": 41,
          "text": "Die Sänger: Die Söhne Asaphs: 128.",
          "words": []
        },
        {
          "id": 42,
          "number": 42,
          "text": "Die Söhne der Torhüter: die Söhne Sallums, die Söhne Aters, die Söhne Talmons, die Söhne Akkubs, die Söhne Hatitas und die Söhne Sobais, zusammen: 139.",
          "words": []
        },
        {
          "id": 43,
          "number": 43,
          "text": "Die Tempeldiener: die Söhne Zihas, die Söhne Hasuphas, die Söhne Tabbaots.",
          "words": []
        },
        {
          "id": 44,
          "number": 44,
          "text": "Die Söhne Keros, die Söhne Siahas, die Söhne Padons,",
          "words": []
        },
        {
          "id": 45,
          "number": 45,
          "text": "die Söhne Lebanas, die Söhne Hagabas, die Söhne Akkubs;",
          "words": []
        },
        {
          "id": 46,
          "number": 46,
          "text": "die Söhne Hagabs, die Söhne Samlais, die Söhne Hanans;",
          "words": []
        },
        {
          "id": 47,
          "number": 47,
          "text": "die Söhne Giddels, die Söhne Gahars; die Söhne Reajas;",
          "words": []
        },
        {
          "id": 48,
          "number": 48,
          "text": "die Söhne Rezins, die Söhne Nekodas, die Söhne Gassams;",
          "words": []
        },
        {
          "id": 49,
          "number": 49,
          "text": "die Söhne Ussas, die Söhne Paseachs, die Söhne Besais;",
          "words": []
        },
        {
          "id": 50,
          "number": 50,
          "text": "die Söhne Asnas, die Söhne Mehunims, die Söhne Nephusiams;",
          "words": []
        },
        {
          "id": 51,
          "number": 51,
          "text": "die Söhne Bakbuks, die Söhne Hakuphas, die Söhne Harhurs;",
          "words": []
        },
        {
          "id": 52,
          "number": 52,
          "text": "die Söhne Bazluts, die Söhne Mehidas, die Söhne Harsas,",
          "words": []
        },
        {
          "id": 53,
          "number": 53,
          "text": "die Söhne Barkos, die Söhne Siseras, die Söhne Temachs;",
          "words": []
        },
        {
          "id": 54,
          "number": 54,
          "text": "die Söhne Neziachs, die Söhne Hatiphas;",
          "words": []
        },
        {
          "id": 55,
          "number": 55,
          "text": "die Söhne der Knechte Salomos: Die Söhne Sotais, die Söhne Sopherets, die Söhne Perudas;",
          "words": []
        },
        {
          "id": 56,
          "number": 56,
          "text": "die Söhne Jaalas, die Söhne Darkons, die Söhne Giddels;",
          "words": []
        },
        {
          "id": 57,
          "number": 57,
          "text": "die Söhne Sephatjas, die Söhne Hattils, die Söhne Pocherets von Zebajim, die Söhne Amis.",
          "words": []
        },
        {
          "id": 58,
          "number": 58,
          "text": "Aller Tempeldiener und Söhne der Knechte Salomos waren 392.",
          "words": []
        },
        {
          "id": 59,
          "number": 59,
          "text": "Und folgende zogen auch mit herauf aus Tel-Melach und Tel-Harsa, Kerub, Addan und Immer, konnten aber das Vaterhaus und ihre Abstammung nicht nachweisen, ob sie aus Israel wären:",
          "words": []
        },
        {
          "id": 60,
          "number": 60,
          "text": "Die Söhne Delajas, die Söhne Tobias, die Söhne Nekodas: 652.",
          "words": []
        },
        {
          "id": 61,
          "number": 61,
          "text": "Und von den Söhnen der Priester: Die Söhne Habajas, die Söhne Hakkoz, die Söhne Barsillais, der von den Töchtern Barsillais, des Gileaditers, ein Weib genommen und nach dessen Namen genannt worden war.",
          "words": []
        },
        {
          "id": 62,
          "number": 62,
          "text": "Diese suchten ihre Geschlechtsregister und fanden keine; darum wurden sie als unrein vom Priestertum ausgeschlossen.",
          "words": []
        },
        {
          "id": 63,
          "number": 63,
          "text": "Und der Landpfleger sagte ihnen, sie sollten nicht vom Allerheiligsten essen, bis ein Priester mit dem Licht und Recht aufstünde.",
          "words": []
        },
        {
          "id": 64,
          "number": 64,
          "text": "Die ganze Gemeinde zählte insgesamt 42360 Seelen,",
          "words": []
        },
        {
          "id": 65,
          "number": 65,
          "text": "ausgenommen ihre Knechte und ihre Mägde; derer waren 7337; und dazu 200 Sänger und Sängerinnen.",
          "words": []
        },
        {
          "id": 66,
          "number": 66,
          "text": "Sie hatten 736 Pferde und 245 Maultiere,",
          "words": []
        },
        {
          "id": 67,
          "number": 67,
          "text": "an Kamelen 435, und 6720 Esel.",
          "words": []
        },
        {
          "id": 68,
          "number": 68,
          "text": "Und von etlichen Familienhäuptern wurden, als sie zum Hause des HERRN nach Jerusalem kamen, freiwillige Gaben für das Haus Gottes zu seinem Wiederaufbau geschenkt;",
          "words": []
        },
        {
          "id": 69,
          "number": 69,
          "text": "und zwar gaben sie nach ihrem Vermögen an den Bauschatz 61000 Dareiken und 5000 Silberminen und 100 Priesterröcke.",
          "words": []
        },
        {
          "id": 70,
          "number": 70,
          "text": "Also ließen sich die Priester und die Leviten und die von dem Volk und die Sänger und die Torhüter und die Tempeldiener in ihren Städten nieder und ganz Israel in seinen Städten.",
          "words": []
        }
      ]
    },
    {
      "id": 3,
      "verses": [
        {
          "id": 1,
          "number": 1,
          "text": "Als aber der siebente Monat nahte und die Kinder Israel nun in ihren Städten waren, kam das Volk zusammen wie ein Mann in Jerusalem.",
          "words": []
        },
        {
          "id": 2,
          "number": 2,
          "text": "Und Jesua, der Sohn Jozadaks, und seine Brüder, die Priester, und Serubbabel, der Sohn Sealtiels, und seine Brüder, machten sich auf und bauten den Altar des Gottes Israels, um Brandopfer darauf darzubringen, wie im Gesetze Moses, des Mannes Gottes, geschrieben steht.",
          "words": []
        },
        {
          "id": 3,
          "number": 3,
          "text": "Und sie richteten den Altar her auf seiner Grundfeste, wiewohl Furcht vor den Völkern der Länder auf ihnen lastete, und opferten dem HERRN Brandopfer darauf, Brandopfer am Morgen und am Abend.",
          "words": []
        },
        {
          "id": 4,
          "number": 4,
          "text": "Und sie feierten das Laubhüttenfest nach Vorschrift und opferten Brandopfer Tag für Tag in der verordneten Zahl, was für jeden Tag bestimmt war.",
          "words": []
        },
        {
          "id": 5,
          "number": 5,
          "text": "Darnach auch die beständigen Brandopfer und was an den Neumonden und an allen Festtagen des HERRN geheiligt werden soll, dazu was jedermann dem HERRN freiwillig opferte.",
          "words": []
        },
        {
          "id": 6,
          "number": 6,
          "text": "Am ersten Tage des siebenten Monats fingen sie an, dem HERRN Brandopfer darzubringen, obschon der Grund zum Tempel des HERRN noch nicht gelegt war.",
          "words": []
        },
        {
          "id": 7,
          "number": 7,
          "text": "Sie gaben aber den Steinmetzen und Zimmerleuten Geld und denen zu Zidon und Tyrus Speise, Trank und Öl, daß sie Zedernholz vom Libanon auf dem Meere gen Japho brächten, wie es ihnen Kores, der König von Persien, erlaubt hatte.",
          "words": []
        },
        {
          "id": 8,
          "number": 8,
          "text": "Und im zweiten Jahre nach ihrer Ankunft beim Hause Gottes zu Jerusalem, im zweiten Monat, begannen Serubbabel, der Sohn Sealtiels, und Jesua, der Sohn Jozadaks, und ihre übrigen Brüder, die Priester und Leviten und alle, die aus der Gefangenschaft nach Jerusalem gekommen waren, und sie bestellten die Leviten von zwanzig Jahren an und darüber, dem Werke am Hause des HERRN vorzustehen.",
          "words": []
        },
        {
          "id": 9,
          "number": 9,
          "text": "Und Jesua samt seinen Söhnen und Brüdern und Kadmiel samt seinen Söhnen, die Söhne Hodavjas, traten an wie ein Mann, um den Arbeitern am Hause Gottes vorzustehen, auch die Söhne Henadads samt ihren Söhnen und Brüdern, die Leviten.",
          "words": []
        },
        {
          "id": 10,
          "number": 10,
          "text": "Und als die Bauleute den Grund legten, stellten sich die Priester in ihren Gewändern auf, mit Trompeten, und die Leviten, die Söhne Asaphs, mit Zimbeln, den HERRN zu loben nach der Anordnung Davids, des Königs von Israel.",
          "words": []
        },
        {
          "id": 11,
          "number": 11,
          "text": "Und sie sangen und dankten dem HERRN und lobten ihn, daß er so freundlich ist und daß seine Güte ewiglich währt über Israel; auch alles Volk lobte den HERRN mit großem Freudengeschrei darüber, daß nun der Grund zum Hause des HERRN gelegt war.",
          "words": []
        },
        {
          "id": 12,
          "number": 12,
          "text": "Aber viele der alten Priester und Leviten und Familienhäupter, die den früheren Tempel gesehen hatten, weinten laut, als der Grund zu diesem Hause vor ihren Augen gelegt wurde, während viele ihre Stimme zu einem Freudengeschrei erhoben,",
          "words": []
        },
        {
          "id": 13,
          "number": 13,
          "text": "also daß das Volk das Freudengeschrei nicht unterscheiden konnte von dem lauten Weinen im Volk; denn das Volk erhob ein großes Jubelgeschrei, daß man den Schall weithin hörte.",
          "words": []
        }
      ]
    },
    {
      "id": 4,
      "verses": [
        {
          "id": 1,
          "number": 1,
          "text": "Als aber die Widersacher Judas und Benjamins hörten, daß die Kinder der Gefangenschaft dem HERRN, dem Gott Israels, den Tempel bauten,",
          "words": []
        },
        {
          "id": 2,
          "number": 2,
          "text": "kamen sie zu Serubbabel und zu den Familienhäuptern und sprachen zu ihnen: Wir wollen mit euch bauen; denn wir wollen euren Gott suchen, gleich wie ihr; opfern wir ihm nicht seit der Zeit Asar-Hadons, des Königs von Assyrien, der uns hierher gebracht hat?",
          "words": []
        },
        {
          "id": 3,
          "number": 3,
          "text": "Aber Serubbabel und Jesua und die übrigen Familienhäupter Israels antworteten ihnen: Es geziemt sich nicht, daß ihr und wir das Haus Gottes gemeinsam bauen, sondern wir allein wollen dem HERRN, dem Gott Israels, bauen, wie uns Kores, der König von Persien, geboten hat!",
          "words": []
        },
        {
          "id": 4,
          "number": 4,
          "text": "Da geschah es, daß das Volk im Lande die Hände des Volkes Juda lässig machte und sie vom Bauen abschreckte.",
          "words": []
        },
        {
          "id": 5,
          "number": 5,
          "text": "Und sie dingten Ratgeber wider sie und verhinderten ihr Vorhaben, solange Kores, der König von Persien, lebte, bis Darius, der König von Persien, zur Regierung kam.",
          "words": []
        },
        {
          "id": 6,
          "number": 6,
          "text": "Als aber Ahasveros König ward, schrieben sie im Anfang seiner Regierung eine Anklage wider die Einwohner von Juda und Jerusalem.",
          "words": []
        },
        {
          "id": 7,
          "number": 7,
          "text": "Und zu den Zeiten Artasastas schrieben Bislam, Mitredat, Tabeel und ihre übrigen Genossen an Artasasta, den König von Persien. Der Brief aber war in aramäischer Schrift geschrieben und ins Aramäische übersetzt und lautete :",
          "words": []
        },
        {
          "id": 8,
          "number": 8,
          "text": "«Rehum, der Statthalter, und Simsai, der Schreiber, schrieben einen Brief wider Jerusalem an den König Artasasta, der also lautet:",
          "words": []
        },
        {
          "id": 9,
          "number": 9,
          "text": "Wir, Rehum, der Statthalter, und Simsai, der Schreiber, und ihre übrigen Genossen, die Dinäer, die Apharsatäer, die Tarpläer, die Apharsäer, die Arkväer, die Susaniter, die Dehaviter, die Elamiter, die Babylonier und die übrigen Völker,",
          "words": []
        },
        {
          "id": 10,
          "number": 10,
          "text": "welche der große und berühmte Asnappar herübergebracht und in die Städte Samarias gesetzt hat, und die Übrigen diesseits des Euphrat- Stromes und so weiter.",
          "words": []
        },
        {
          "id": 11,
          "number": 11,
          "text": "Dieses ist die Abschrift des Briefes, den sie zum König Artasasta sandten: Deine Knechte, die Männer diesseits des Stromes, und so weiter.",
          "words": []
        },
        {
          "id": 12,
          "number": 12,
          "text": "Es sei dem König kund, daß die Juden, die von dir zu uns heraufgezogen, nach Jerusalem, in die aufrührerische und böse Stadt gekommen sind, um dieselbe zu bauen, und daß sie die Mauern vollenden und die Grundfesten ausbessern wollen.",
          "words": []
        },
        {
          "id": 13,
          "number": 13,
          "text": "So sei nun dem König kund, daß, wenn die Stadt wieder gebaut wird und die Mauern vollendet werden, sie keine Steuern, weder Zoll noch Weggeld mehr geben und so das königliche Einkommen schmälern werden.",
          "words": []
        },
        {
          "id": 14,
          "number": 14,
          "text": "Da wir nun das Salz des Palastes essen und den Schaden des Königs nicht länger ansehen wollen, so senden wir zum König und tun es ihm kund,",
          "words": []
        },
        {
          "id": 15,
          "number": 15,
          "text": "damit man im Buche der Denkwürdigkeiten deiner Väter nachforsche; dann wirst du in dem Buch der Denkwürdigkeiten finden und erfahren, daß diese Stadt aufrührerisch und den Königen und Statthaltern schädlich gewesen ist, und daß Gewalttätigkeiten darin begangen worden sind von alters her, weshalb die Stadt auch zerstört worden ist.",
          "words": []
        },
        {
          "id": 16,
          "number": 16,
          "text": "Wir machen also den König darauf aufmerksam, daß, wenn diese Stadt gebaut wird und ihre Mauern vollendet werden, dir kein Teil diesseits des Stromes mehr bleiben wird.»",
          "words": []
        },
        {
          "id": 17,
          "number": 17,
          "text": "Da sandte der König eine Antwort an Rehum, den Statthalter, und Simsai, den Schreiber, und an ihre übrigen Genossen, die zu Samaria wohnten, und an die Übrigen diesseits des Stromes: «Frieden! und so weiter.",
          "words": []
        },
        {
          "id": 18,
          "number": 18,
          "text": "Der Brief, den ihr uns zugeschickt habt, ist mir deutlich vorgelesen worden,",
          "words": []
        },
        {
          "id": 19,
          "number": 19,
          "text": "und es wurde von mir befohlen, daß man nachforsche; und man hat gefunden, daß diese Stadt sich von alters her wider die Könige empört hat, und daß Aufruhr und Gewalttätigkeiten darin begangen worden sind.",
          "words": []
        },
        {
          "id": 20,
          "number": 20,
          "text": "Auch sind mächtige Könige über Jerusalem gewesen, die über alles, was jenseits des Stromes ist, geherrscht haben und denen Steuer, Zoll und Weggeld zu entrichten war.",
          "words": []
        },
        {
          "id": 21,
          "number": 21,
          "text": "So gebet nun Befehl, daß man diesen Männern wehre, damit diese Stadt nicht gebaut werde, bis von mir Befehl gegeben wird.",
          "words": []
        },
        {
          "id": 22,
          "number": 22,
          "text": "Und seid hiermit gewarnt, daß ihr in dieser Sache keine Nachlässigkeit begehet! Denn warum sollte der Schaden groß werden, zum Nachteil der Könige?»",
          "words": []
        },
        {
          "id": 23,
          "number": 23,
          "text": "Als nun der Brief des Königs Artasasta vor Rehum, dem Statthalter, und Simsai, dem Schreiber, und ihren Genossen verlesen worden war, eilten sie nach Jerusalem zu den Juden und wehrten ihnen mit aller Macht.",
          "words": []
        },
        {
          "id": 24,
          "number": 24,
          "text": "Damals hörte das Werk am Hause Gottes zu Jerusalem auf und stand stille bis in das zweite Jahr der Regierung des Königs Darius von Persien.",
          "words": []
        }
      ]
    },
    {
      "id": 5,
      "verses": [
        {
          "id": 1,
          "number": 1,
          "text": "Haggai aber, der Prophet, und Sacharja, der Sohn Iddos, die Propheten, weissagten den Juden, die in Juda und zu Jerusalem waren; im Namen des Gottes Israels weissagten sie ihnen.",
          "words": []
        },
        {
          "id": 2,
          "number": 2,
          "text": "Da machten sich auf Serubbabel, der Sohn Sealtiels, und Jesua, der Sohn Jozadaks, und fingen an, das Haus Gottes zu Jerusalem zu bauen, und mit ihnen die Propheten Gottes, die sie stärkten.",
          "words": []
        },
        {
          "id": 3,
          "number": 3,
          "text": "Zu jener Zeit kamen zu ihnen Tatnai, der Landpfleger diesseits des Stromes, und Setar-Bosnai und ihre Genossen und sprachen also zu ihnen: Wer hat euch befohlen, dieses Haus zu bauen und seine Mauern auszubessern?",
          "words": []
        },
        {
          "id": 4,
          "number": 4,
          "text": "Darauf sagten wir ihnen die Namen der Männer, die diesen Bau führten.",
          "words": []
        },
        {
          "id": 5,
          "number": 5,
          "text": "Aber das Auge ihres Gottes war auf die Ältesten der Juden gerichtet, so daß ihnen nicht gewehrt wurde, bis die Sache Darius vorgelegt und ein Brief mit seiner Antwort zurückgekommen wäre.",
          "words": []
        },
        {
          "id": 6,
          "number": 6,
          "text": "Folgendes aber ist die Abschrift des Briefes, den Tatnai, der Landpfleger diesseits des Stromes, und Setar-Bosnai und ihre Genossen von Apharsach, die diesseits des Stromes waren, an den König Darius geschickt haben.",
          "words": []
        },
        {
          "id": 7,
          "number": 7,
          "text": "Sie sandten ihm einen Bericht, darin war folgendes geschrieben: «Dem König Darius allen Frieden!",
          "words": []
        },
        {
          "id": 8,
          "number": 8,
          "text": "Dem König sei kund, daß wir in das jüdische Land zu dem Hause des großen Gottes gekommen sind; es wird mit schön gehauenen Steinen gebaut, und man legt Balken in die Wände; und dieses Werk geht schnell und glücklich unter ihrer Hand vonstatten.",
          "words": []
        },
        {
          "id": 9,
          "number": 9,
          "text": "Da fragten wir diese Ältesten und sagten zu ihnen also: Wer hat euch befohlen, dieses Haus zu bauen und seine Mauern wieder aufzuführen?",
          "words": []
        },
        {
          "id": 10,
          "number": 10,
          "text": "Wir fragten sie auch nach ihren Namen, um sie dir mitzuteilen, und wir haben die Namen der Männer, die ihre Obersten sind, aufgezeichnet.",
          "words": []
        },
        {
          "id": 11,
          "number": 11,
          "text": "Sie aber gaben uns folgendes zur Antwort: Wir sind Knechte des Gottes des Himmels und der Erde und bauen das Haus, das vor vielen Jahren gebaut war, welches ein großer König von Israel gebaut und aufgeführt hat.",
          "words": []
        },
        {
          "id": 12,
          "number": 12,
          "text": "Aber als unsere Väter den Gott des Himmels erzürnten, gab er sie in die Hand Nebukadnezars, des Königs von Babel, des Chaldäers; der zerstörte dieses Haus und führte das Volk hinweg gen Babel.",
          "words": []
        },
        {
          "id": 13,
          "number": 13,
          "text": "Aber im ersten Regierungsjahre Kores`, des Königs von Babel, befahl König Kores, dieses Haus Gottes zu bauen.",
          "words": []
        },
        {
          "id": 14,
          "number": 14,
          "text": "Und auch die goldenen und silbernen Geräte des Hauses Gottes, die Nebukadnezar aus dem Tempel zu Jerusalem genommen und in den Tempel zu Babel verbracht hatte, nahm der König Kores aus dem Tempel zu Babel und gab sie einem Manne , namens Sesbazzar, den er zum Landpfleger einsetzte,",
          "words": []
        },
        {
          "id": 15,
          "number": 15,
          "text": "und sprach zu ihm: Nimm diese Geräte, ziehe hin und bringe sie in den Tempel, der zu Jerusalem ist, und laß das Haus Gottes an seiner Stätte aufgebaut werden.",
          "words": []
        },
        {
          "id": 16,
          "number": 16,
          "text": "Da kam dieser Sesbazzar und legte den Grund zum Hause Gottes in Jerusalem. Und seit jener Zeit und bis jetzt baut man daran, und es ist noch nicht vollendet.",
          "words": []
        },
        {
          "id": 17,
          "number": 17,
          "text": "Siehe, gefällt es nun dem König, so lasse er in dem Schatzhause des Königs, welches zu Babel ist, nachforschen, ob wirklich vom König Kores befohlen worden sei, dieses Haus Gottes zu Jerusalem aufzubauen; und der König sende uns seine Entscheidung darüber!»",
          "words": []
        }
      ]
    },
    {
      "id": 6,
      "verses": [
        {
          "id": 1,
          "number": 1,
          "text": "Da befahl der König Darius, daß man im Urkundenhause, wo die Schätze zu Babel aufbewahrt wurden, suchen solle.",
          "words": []
        },
        {
          "id": 2,
          "number": 2,
          "text": "Da fand man zu Achmeta, im Schloß, das in der Provinz Medien liegt, eine Rolle, darin war folgende Denkwürdigkeit niedergeschrieben:",
          "words": []
        },
        {
          "id": 3,
          "number": 3,
          "text": "«Im ersten Jahre des Königs Kores befahl der König Kores betreffs des Hauses Gottes zu Jerusalem: Das Haus soll gebaut werden zu einer Stätte, wo man Opfer darbringt. Sein Grund soll tragfähig sein, seine Höhe sechzig Ellen und seine Breite auch sechzig Ellen;",
          "words": []
        },
        {
          "id": 4,
          "number": 4,
          "text": "drei Reihen Quadersteine und eine Reihe Balken; und die Kosten sollen von des Königs Haus bestritten werden.",
          "words": []
        },
        {
          "id": 5,
          "number": 5,
          "text": "Dazu soll man die goldenen und silbernen Geräte des Hauses Gottes, welche Nebukadnezar aus dem Tempel zu Jerusalem zu genommen und gen Babel gebracht hat, zurückgeben, damit sie wieder in den Tempel zu Jerusalem an ihren Ort gebracht werden und im Hause Gottes verbleiben.»",
          "words": []
        },
        {
          "id": 6,
          "number": 6,
          "text": "«So haltet euch nun ferne von ihnen, du, Tatnai, Landpfleger jenseits des Stromes, und du, Setar-Bosnai, und eure Genossen von Apharsach, die ihr jenseits des Stromes seid!",
          "words": []
        },
        {
          "id": 7,
          "number": 7,
          "text": "Lasset sie arbeiten an diesem Hause Gottes; der Landpfleger von Juda und die Ältesten der Juden sollen das Haus Gottes an seiner Stätte bauen!",
          "words": []
        },
        {
          "id": 8,
          "number": 8,
          "text": "Auch ist von mir befohlen worden, wie ihr diesen Ältesten Judas behilflich sein sollt, damit sie dieses Haus Gottes bauen können: man soll aus des Königs Gütern von den Steuern jenseits des Stromes diesen Leuten die Kosten genau erstatten und ihnen kein Hindernis in den Weg legen.",
          "words": []
        },
        {
          "id": 9,
          "number": 9,
          "text": "Und wenn sie junge Stiere oder Widder oder Lämmer bedürfen zu Brandopfern für den Gott des Himmels, oder Weizen, Salz, Wein und Öl nach Angabe der Priester zu Jerusalem, so soll man ihnen täglich die Gebühr geben, ohne Verzug;",
          "words": []
        },
        {
          "id": 10,
          "number": 10,
          "text": "damit sie dem Gott des Himmels Opfer lieblichen Geruchs darbringen und für das Leben des Königs und seiner Kinder beten.",
          "words": []
        },
        {
          "id": 11,
          "number": 11,
          "text": "Es ist auch von mir Befehl gegeben worden, daß, wenn irgend ein Mensch dieses Gebot übertritt, man von seinem Hause einen Balken nehmen und aufrichten und ihn daran hängen soll; und sein Haus soll deswegen zu einem Misthaufen gemacht werden.",
          "words": []
        },
        {
          "id": 12,
          "number": 12,
          "text": "Der Gott aber, dessen Name alldort wohnt, stürze alle Könige und Völker, welche ihre Hand ausstrecken, dieses Haus Gottes in Jerusalem zu ändern oder zu zerstören! Ich, Darius, habe solches befohlen; es soll genau ausgeführt werden.»",
          "words": []
        },
        {
          "id": 13,
          "number": 13,
          "text": "Da befolgten Tatnai, der Landpfleger jenseits des Stromes, und Setar-Bosnai und ihre Genossen genau den Befehl , welchen der König Darius gesandt hatte.",
          "words": []
        },
        {
          "id": 14,
          "number": 14,
          "text": "Und die Ältesten der Juden bauten weiter, und es gelang ihnen durch die Weissagung der Propheten Haggai und Sacharja, des Sohnes Iddos. Also bauten sie und vollendeten es nach dem Befehl des Gottes Israels und nach dem Befehl des Kores und Darius und Artasastas, der Könige von Persien.",
          "words": []
        },
        {
          "id": 15,
          "number": 15,
          "text": "Sie vollendeten aber das Haus am dritten Tage des Monats Adar, das war im sechsten Jahre der Regierung des Königs Darius.",
          "words": []
        },
        {
          "id": 16,
          "number": 16,
          "text": "Und die Kinder Israel, die Priester, die Leviten und der Rest der Kinder der Gefangenschaft feierten die Einweihung des Hauses Gottes mit Freuden",
          "words": []
        },
        {
          "id": 17,
          "number": 17,
          "text": "und brachten zur Einweihung dieses Hauses Gottes hundert Stiere dar, zweihundert Widder, vierhundert Lämmer, und zum Sündopfer für ganz Israel zwölf Ziegenböcke, nach der Zahl der Stämme Israels.",
          "words": []
        },
        {
          "id": 18,
          "number": 18,
          "text": "Und sie bestellten die Priester nach ihren Abteilungen und die Leviten nach ihren Ordnungen, zum Dienste Gottes, der zu Jerusalem ist, wie im Buche Moses geschrieben steht.",
          "words": []
        },
        {
          "id": 19,
          "number": 19,
          "text": "Und die Kinder der Gefangenschaft hielten das Passah am vierzehnten Tage des ersten Monats.",
          "words": []
        },
        {
          "id": 20,
          "number": 20,
          "text": "Denn die Priester und die Leviten hatten sich gereinigt wie ein Mann, so daß sie alle rein waren, und sie schächteten das Passah für alle Kinder der Gefangenschaft und für ihre Brüder, die Priester, und für sich selbst.",
          "words": []
        },
        {
          "id": 21,
          "number": 21,
          "text": "Und die Kinder Israel, die aus der Gefangenschaft zurückgekommen waren, und alle, die sich von der Unreinigkeit der Heiden im Lande abgesondert und sich ihnen angeschlossen hatten, um den HERRN, den Gott Israels, zu suchen, aßen es",
          "words": []
        },
        {
          "id": 22,
          "number": 22,
          "text": "und hielten das Fest der ungesäuerten Brote sieben Tage lang mit Freuden; denn der HERR hatte sie fröhlich gemacht und das Herz des Königs von Assyrien ihnen zugewandt, so daß ihre Hände gestärkt wurden im Werke am Hause Gottes, des Gottes Israels.",
          "words": []
        }
      ]
    },
    {
      "id": 7,
      "verses": [
        {
          "id": 1,
          "number": 1,
          "text": "Nach diesen Geschichten begab es sich unter der Regierung Artasastas, des Königs von Persien, daß Esra, der Sohn Serajas, des Sohnes Asarjas, des Sohnes Hilkias,",
          "words": []
        },
        {
          "id": 2,
          "number": 2,
          "text": "des Sohnes Sallums, des Sohnes Zadoks, des Sohnes Achitubs,",
          "words": []
        },
        {
          "id": 3,
          "number": 3,
          "text": "des Sohnes Amarjas, des Sohnes Asarjas, des Sohnes Merajots,",
          "words": []
        },
        {
          "id": 4,
          "number": 4,
          "text": "des Sohnes Serahjas, des Sohnes Ussis, des Sohnes Buckis,",
          "words": []
        },
        {
          "id": 5,
          "number": 5,
          "text": "des Sohnes Abisuas, des Sohnes Pinehas, des Sohnes Eleasars, des Sohnes Aarons, des obersten Priesters,",
          "words": []
        },
        {
          "id": 6,
          "number": 6,
          "text": "daß dieser Esra von Babel hinaufzog. Der war ein Schriftgelehrter, wohl bewandert im Gesetze Moses, welches der HERR, der Gott Israels, gegeben hatte. Und der König gab ihm alles, was er forderte, weil die Hand des HERRN, seines Gottes, über ihm war.",
          "words": []
        },
        {
          "id": 7,
          "number": 7,
          "text": "Und etliche von den Kindern Israel und von den Priestern und Leviten, von den Sängern und Torhütern und Tempeldienern zogen gen Jerusalem hinauf, im siebenten Jahre des Königs Artasasta.",
          "words": []
        },
        {
          "id": 8,
          "number": 8,
          "text": "Und er kam im fünften Monat nach Jerusalem, im siebenten Jahre des Königs.",
          "words": []
        },
        {
          "id": 9,
          "number": 9,
          "text": "Denn am ersten Tage des ersten Monats fand der Aufbruch von Babel statt: und am ersten Tage des fünften Monats kam er in Jerusalem an, weil die gute Hand seines Gottes über ihm war.",
          "words": []
        },
        {
          "id": 10,
          "number": 10,
          "text": "Denn Esra hatte sein Herz darauf gerichtet, das Gesetz des HERRN zu erforschen und zu tun und in Israel Gesetz und Recht zu lehren.",
          "words": []
        },
        {
          "id": 11,
          "number": 11,
          "text": "Und dies ist die Abschrift des Briefes, den der König Artasasta dem Priester Esra, dem Schriftgelehrten, gab, der gelehrt war in den Worten der Gebote des HERRN und seiner Satzungen für Israel:",
          "words": []
        },
        {
          "id": 12,
          "number": 12,
          "text": "«Artasasta, der König der Könige, an Esra, den Priester, den Schriftgelehrten im Gesetze des Gottes des Himmels, ausgefertigt und so weiter.",
          "words": []
        },
        {
          "id": 13,
          "number": 13,
          "text": "Es ist von mir befohlen worden, daß, wer in meinem Reiche vom Volk Israel und seinen Priestern und Leviten willens ist, nach Jerusalem zu ziehen, mit dir ziehen solle.",
          "words": []
        },
        {
          "id": 14,
          "number": 14,
          "text": "Weil du von dem König und seinen sieben Räten gesandt bist, eine Untersuchung über Juda und Jerusalem anzustellen, nach dem Gesetze deines Gottes, das in deiner Hand ist;",
          "words": []
        },
        {
          "id": 15,
          "number": 15,
          "text": "und damit du das Silber und Gold hinbringest, welches der König und seine Räte freiwillig dem Gott Israels, dessen Wohnung zu Jerusalem ist, gespendet haben,",
          "words": []
        },
        {
          "id": 16,
          "number": 16,
          "text": "dazu alles Silber und Gold, das du finden kannst in der ganzen Landschaft zu Babel, samt dem, was das Volk und die Priester freiwillig geben für das Haus ihres Gottes zu Jerusalem.",
          "words": []
        },
        {
          "id": 17,
          "number": 17,
          "text": "Derhalben kaufe gewissenhaft aus diesem Gelde Stiere, Widder, Lämmer, samt den dazu gehörigen Speisopfern und Trankopfern, und opfere sie auf dem Altar bei dem Hause eures Gottes zu Jerusalem.",
          "words": []
        },
        {
          "id": 18,
          "number": 18,
          "text": "Und was dir und deinen Brüdern mit dem übrigen Silber und Gold zu tun gefällt, das tut nach dem Willen eures Gottes!",
          "words": []
        },
        {
          "id": 19,
          "number": 19,
          "text": "Und die Geräte, die dir übergeben werden für den Dienst im Hause deines Gottes, liefere sie vollständig ab vor Gott zu Jerusalem.",
          "words": []
        },
        {
          "id": 20,
          "number": 20,
          "text": "Und was sonst noch zum Hause deines Gottes notwendig sein wird, was auszugeben dir zufällt, sollst du dir aus der Schatzkammer des Königs geben lassen .",
          "words": []
        },
        {
          "id": 21,
          "number": 21,
          "text": "Und ich, König Artasasta, habe allen Schatzmeistern jenseits des Stromes befohlen, daß, was Esra, der Priester und Schriftgelehrte im Gesetze des Gottes des Himmels, von euch fordern wird, pünktlich gegeben werden soll,",
          "words": []
        },
        {
          "id": 22,
          "number": 22,
          "text": "bis auf hundert Talente Silber und bis auf hundert Kor Weizen und bis auf hundert Bat Wein und bis auf hundert Bat Öl und Salz in unbestimmter Menge.",
          "words": []
        },
        {
          "id": 23,
          "number": 23,
          "text": "Alles, was nach dem Befehl des Gottes des Himmels ist, das werde für das Haus des Gottes des Himmels mit großer Sorgfalt verrichtet, damit nicht ein Zorn über das Königreich des Königs und seine Kinder komme.",
          "words": []
        },
        {
          "id": 24,
          "number": 24,
          "text": "Ferner sei euch kund, daß ihr nicht berechtigt seid, Steuern, Zoll und Weggeld irgend einem Priester, Leviten, Sänger, Torhüter, Tempeldiener und Diener im Hause dieses Gottes aufzuerlegen.",
          "words": []
        },
        {
          "id": 25,
          "number": 25,
          "text": "Du aber, Esra, nach der Weisheit deines Gottes, die in deiner Hand ist, bestelle Richter und Rechtspfleger, die alles Volk richten, das jenseits des Stromes ist, alle, die deines Gottes Gesetze kennen; und wer sie nicht kennt, den sollt ihr unterrichten.",
          "words": []
        },
        {
          "id": 26,
          "number": 26,
          "text": "Und ein jeder, der nicht mit Fleiß das Gesetz deines Gottes und das Gesetz des Königs tun wird, über den soll gewissenhaft Gericht gehalten werden, es sei zum Tode oder zur Verbannung, zur Geldbuße oder zum Gefängnis.»",
          "words": []
        },
        {
          "id": 27,
          "number": 27,
          "text": "Gelobt sei der HERR, unsrer Väter Gott, der solches dem König ins Herz gegeben hat, das Haus des HERRN in Jerusalem zu zieren,",
          "words": []
        },
        {
          "id": 28,
          "number": 28,
          "text": "und der mir Gnade zugewandt hat vor dem Könige und seinen Räten und vor allen gewaltigen Fürsten des Königs! Und so faßte ich Mut, weil die Hand des HERRN, meines Gottes, über mir war, und versammelte die Häupter von Israel, daß sie mit mir hinaufzögen.",
          "words": []
        }
      ]
    },
    {
      "id": 8,
      "verses": [
        {
          "id": 1,
          "number": 1,
          "text": "Folgendes sind die Familienhäupter und ihre Geschlechtsregister, die mit mir von Babel heraufzogen zu der Zeit, als der König Artasasta regierte.",
          "words": []
        },
        {
          "id": 2,
          "number": 2,
          "text": "Von den Kindern Pinehas: Gersom. Von den Kindern Itamars: Daniel. Von den Kindern Davids: Hattus, aus den Kindern Sechanjas.",
          "words": []
        },
        {
          "id": 3,
          "number": 3,
          "text": "Von den Kindern Parhosch: Sacharja und mit ihm die Eingeschriebenen männlichen Geschlechts, 150.",
          "words": []
        },
        {
          "id": 4,
          "number": 4,
          "text": "Von den Kindern Pachat-Moabs: Eljehoenai, der Sohn Serajas, und mit ihm 200 männlichen Geschlechts.",
          "words": []
        },
        {
          "id": 5,
          "number": 5,
          "text": "Von den Kindern Sattus: Sechanja, der Sohn Jehasiels, und mit ihm 300 männlichen Geschlechts.",
          "words": []
        },
        {
          "id": 6,
          "number": 6,
          "text": "Von den Kindern Adins: Ebed, der Sohn Jonatans, und mit ihm 50 männlichen Geschlechts.",
          "words": []
        },
        {
          "id": 7,
          "number": 7,
          "text": "Von den Kindern Elams: Jesaja, der Sohn Ataljas, und mit ihm 70 männlichen Geschlechts.",
          "words": []
        },
        {
          "id": 8,
          "number": 8,
          "text": "Von den Kindern Sephatjas: Sebadja, der Sohn Michaels, und mit ihm 80 männlichen Geschlechts.",
          "words": []
        },
        {
          "id": 9,
          "number": 9,
          "text": "Von den Kindern Joabs: Obadja, der Sohn Jehiels, und mit ihm 218 männlichen Geschlechts.",
          "words": []
        },
        {
          "id": 10,
          "number": 10,
          "text": "Von den Kindern Banis: Selomit, der Sohn Josiphjas, und mit ihm 160 männlichen Geschlechts.",
          "words": []
        },
        {
          "id": 11,
          "number": 11,
          "text": "Von den Kindern Bebais: Sacharja, der Sohn Bebais, und mit ihm 28 männlichen Geschlechts.",
          "words": []
        },
        {
          "id": 12,
          "number": 12,
          "text": "Von den Kindern Asgads: Johanan, der Sohn Hakkatans, und mit ihm 110 männlichen Geschlechts.",
          "words": []
        },
        {
          "id": 13,
          "number": 13,
          "text": "Von den letzten Kindern Adonikams, welche also hießen: Eliphelet, Jechiel und Semaja, und mit ihnen 60 männlichen Geschlechts.",
          "words": []
        },
        {
          "id": 14,
          "number": 14,
          "text": "Von den Kindern Bigvais: Utai und Sabbud und mit ihnen 70 männlichen Geschlechts.",
          "words": []
        },
        {
          "id": 15,
          "number": 15,
          "text": "Und ich versammelte sie an dem Fluß, der gen Ahava fließt; und wir bleiben drei Tage lang daselbst. Und als ich auf das Volk und die Priester acht hatte, fand ich keinen Leviten daselbst.",
          "words": []
        },
        {
          "id": 16,
          "number": 16,
          "text": "Da ließ ich die Obersten Elieser, Uriel, Semaja, Elnatan, Jarib, Elnatan, Natan, Sacharja und Mesullam rufen und die Lehrer Jojarib und Elnatan.",
          "words": []
        },
        {
          "id": 17,
          "number": 17,
          "text": "Denen gab ich Befehl an Iddo, den Obersten in dem Ort Kasiphja, und legte die Worte in ihren Mund, die sie mit Iddo und seinen Brüdern und den Tempeldienern in der Ortschaft Kasiphja reden sollten, damit sie uns Diener für das Haus unsres Gottes herbrächten.",
          "words": []
        },
        {
          "id": 18,
          "number": 18,
          "text": "Die brachten uns, dank der guten Hand unsres Gottes über uns, einen klugen Mann aus den Kindern Machlis, des Sohnes Levis, des Sohnes Israels, nämlich Serebja, samt seinen Söhnen und seinen Brüdern, 18 Mann ;",
          "words": []
        },
        {
          "id": 19,
          "number": 19,
          "text": "und Hasabja und mit ihm Jesaja, von den Kindern Meraris, samt seinen Brüdern und ihren Söhnen, 20 Mann :",
          "words": []
        },
        {
          "id": 20,
          "number": 20,
          "text": "und von den Tempeldienern, welche David und die Fürsten zum Dienste der Leviten bestimmt hatten, 220 Tempeldiener, alle mit Namen genannt.",
          "words": []
        },
        {
          "id": 21,
          "number": 21,
          "text": "Und ich ließ dort an dem Fluß Ahava ein Fasten ausrufen, daß wir uns demütigten vor unsrem Gott, um von ihm eine glückliche Reise für uns und unsre Kinder und alle unsre Habe zu erflehen.",
          "words": []
        },
        {
          "id": 22,
          "number": 22,
          "text": "Denn ich schämte mich, vom König ein Heer und Reiter anzufordern, die uns wider die Feinde auf dem Wege helfen könnten; denn wir hatten dem König gesagt: Die Hand unsres Gottes ist über allen, die ihn suchen, zu ihrem Besten; seine Stärke aber und sein Zorn sind gegen alle, die ihn verlassen!",
          "words": []
        },
        {
          "id": 23,
          "number": 23,
          "text": "Also fasteten wir und erflehten solches von unserem Gott; und er erhörte uns.",
          "words": []
        },
        {
          "id": 24,
          "number": 24,
          "text": "Und ich sonderte von den obersten Priestern zwölf aus, nämlich Serebja und Hasabja und mit ihnen zehn aus ihren Brüdern,",
          "words": []
        },
        {
          "id": 25,
          "number": 25,
          "text": "und wog ihnen das Silber, das Gold und die Geräte dar, das Hebopfer für das Haus unsres Gottes, welches der König und seine Räte und Fürsten und ganz Israel, das zugegen war, zum Hebopfer gegeben hatten.",
          "words": []
        },
        {
          "id": 26,
          "number": 26,
          "text": "Ich wog ihnen aber dar in ihre Hand: an Silber sechshundertfünfzig Talente, und an silbernen Geräten hundert Talente, und an Gold hundert Talente.",
          "words": []
        },
        {
          "id": 27,
          "number": 27,
          "text": "Auch zwanzig goldene Becher, die waren tausend Dareiken wert, und zwei Geräte von goldglänzendem, gutem Erz, kostbar wie Gold.",
          "words": []
        },
        {
          "id": 28,
          "number": 28,
          "text": "Und ich sprach zu ihnen: Ihr seid dem HERRN heilig; und die Geräte sind auch heilig, und das Silber und Gold ist dem HERRN, dem Gott eurer Väter, freiwillig gegeben.",
          "words": []
        },
        {
          "id": 29,
          "number": 29,
          "text": "So verwahret es sorgfältig, bis ihr es darwägen werdet vor den obersten Priestern und Leviten und den obersten Vätern von Israel zu Jerusalem, in den Kammern des Hauses des HERRN!",
          "words": []
        },
        {
          "id": 30,
          "number": 30,
          "text": "Da nahmen die Priester und Leviten das dargewogene Silber und Gold und die Geräte, um sie gen Jerusalem zum Hause unseres Gottes zu bringen.",
          "words": []
        },
        {
          "id": 31,
          "number": 31,
          "text": "Also brachen wir von dem Flusse Ahava auf, am zwölften Tage des ersten Monats, um gen Jerusalem zu ziehen; und die Hand unsres Gottes war über uns und errettete uns von der Hand der Feinde und Wegelagerer.",
          "words": []
        },
        {
          "id": 32,
          "number": 32,
          "text": "Und wir kamen nach Jerusalem und ruhten daselbst drei Tage lang aus.",
          "words": []
        },
        {
          "id": 33,
          "number": 33,
          "text": "Aber am vierten Tage wurden das Silber und das Gold und die Geräte in dem Hause unsres Gottes dargewogen in die Hand Meremots, des Sohnes Urijas, des Priesters (mit ihm war auch Eleasar, der Sohn Pinehas, und mit ihnen Josabad, der Sohn Jesuas, und Noadja, der Sohn Binnuis, die Leviten),",
          "words": []
        },
        {
          "id": 34,
          "number": 34,
          "text": "alles nach Anzahl und Gewicht; und das ganze Gewicht ward damals aufgeschrieben.",
          "words": []
        },
        {
          "id": 35,
          "number": 35,
          "text": "Und die Kinder der Gefangenschaft, die aus der Gefangenschaft gekommen waren, opferten dem Gott Israels Brandopfer, zwölf Farren für ganz Israel, sechsundneunzig Widder, siebenundsiebzig Lämmer, zwölf Böcke zum Sündopfer; alles als Brandopfer dem HERRN.",
          "words": []
        },
        {
          "id": 36,
          "number": 36,
          "text": "Und sie übergaben des Königs Befehl den Statthaltern des Königs und den Landpflegern diesseits des Stromes. Da halfen diese dem Volk und dem Hause Gottes.",
          "words": []
        }
      ]
    },
    {
      "id": 9,
      "verses": [
        {
          "id": 1,
          "number": 1,
          "text": "Als nun solches alles ausgerichtet war, traten die Obersten zu mir und sprachen: Das Volk Israel und die Priester und Leviten hielten sich nicht abgesondert von den Völkern der Länder, trotz ihrer Greuel, nämlich von den Kanaanitern, Hetitern, Pheresitern, Jebusitern, Ammonitern, Moabitern, Ägyptern und Amoritern.",
          "words": []
        },
        {
          "id": 2,
          "number": 2,
          "text": "Denn sie haben deren Töchter genommen für sich und ihre Söhne und haben den heiligen Samen mit den Völkern der Länder vermischt; und die Hand der Obersten und Vornehmsten ist in dieser Missetat die erste gewesen.",
          "words": []
        },
        {
          "id": 3,
          "number": 3,
          "text": "Als ich nun solches hörte, zerriß ich mein Kleid und meinen Rock und raufte mir das Haar und den Bart aus und saß bestürzt da.",
          "words": []
        },
        {
          "id": 4,
          "number": 4,
          "text": "Und alle, die das Wort des Gottes Israels fürchteten wegen der Übertretung derer, die aus der Gefangenschaft gekommen waren, versammelten sich zu mir. Und ich saß bestürzt da bis zum Abendopfer.",
          "words": []
        },
        {
          "id": 5,
          "number": 5,
          "text": "Und um das Abendopfer stand ich auf von meinem Fasten, wobei ich mein Kleid und meinen Rock zerrissen hatte, fiel auf meine Knie und breitete meine Hände aus zu dem HERRN, meinem Gott.",
          "words": []
        },
        {
          "id": 6,
          "number": 6,
          "text": "Und ich sprach: Mein Gott, ich schäme und scheue mich, mein Angesicht aufzuheben zu dir, mein Gott; denn unsere Sünden sind über unser Haupt gewachsen, und unsre Schuld reicht bis an den Himmel!",
          "words": []
        },
        {
          "id": 7,
          "number": 7,
          "text": "Seit den Tagen unsrer Väter bis auf diesen Tag sind wir in großer Schuld, und um unserer Missetaten willen sind wir, unsere Könige und unsere Priester, in die Hand der Könige der Länder, in das Schwert, in die Gefangenschaft, zum Raub und in sichtbare Schmach hingegeben worden, wie es heute der Fall ist.",
          "words": []
        },
        {
          "id": 8,
          "number": 8,
          "text": "Nun aber ist uns für einen kleinen Augenblick Gnade von dem HERRN, unserm Gott, widerfahren, indem er uns einen Rest von Entronnenen übrigließ und uns an seiner heiligen Stätte einen Halt gab, womit unser Gott unsere Augen erleuchtete und uns ein wenig aufleben ließ in unsrer Knechtschaft.",
          "words": []
        },
        {
          "id": 9,
          "number": 9,
          "text": "Denn Knechte sind wir; doch hat uns unser Gott in unsrer Knechtschaft nicht verlassen, sondern hat uns die Gunst der Könige von Persien zugewandt, daß sie uns ein Aufleben schenkten, um das Haus unsres Gottes aufzubauen und seine Trümmer herzustellen, und daß sie uns eine Mauer gaben in Juda und Jerusalem.",
          "words": []
        },
        {
          "id": 10,
          "number": 10,
          "text": "Und nun, unser Gott, was sollen wir sagen nach alledem? Wir haben deine Gebote verlassen,",
          "words": []
        },
        {
          "id": 11,
          "number": 11,
          "text": "die du durch deine Knechte, die Propheten, befohlen hast, indem du sprachest: Das Land, in das ihr kommt, es einzunehmen, ist ein unreines Land, wegen der Unreinigkeit der Erdenvölker, wegen ihrer Greuel und ihrer Unreinigkeit, womit sie es von einem Ende bis zum andern erfüllt haben.",
          "words": []
        },
        {
          "id": 12,
          "number": 12,
          "text": "So sollt ihr nun eure Töchter nicht ihren Söhnen geben und ihre Töchter nicht für eure Söhne nehmen, und suchet ewiglich nicht ihren Frieden und ihr Wohlergehn, damit ihr erstarket und das Gut des Landes esset und es auf eure Kinder vererbet, auf ewige Zeiten!",
          "words": []
        },
        {
          "id": 13,
          "number": 13,
          "text": "Und nach alledem, was über uns gekommen ist, um unsrer bösen Taten und um unsrer großen Schuld willen (und doch hast du, weil du unser Gott bist, uns mehr verschont, als unsere Missetaten verdient haben, und hast uns so viele Entronnene geschenkt!).",
          "words": []
        },
        {
          "id": 14,
          "number": 14,
          "text": "sollten wir da wiederum deine Gebote brechen und uns mit den Völkern dieser Greuel verschwägern? Würdest du nicht über uns zürnen, bis es gar aus wäre, also daß niemand mehr übrigbliebe noch entrinnen könnte?",
          "words": []
        },
        {
          "id": 15,
          "number": 15,
          "text": "O HERR, Gott Israels, du bist gerecht; denn nur wir sind übriggeblieben und entronnen, wie es heute der Fall ist. Siehe, wir sind vor deinem Angesicht in unsern Schulden, denn darum vermögen wir vor dir nicht zu bestehen!",
          "words": []
        }
      ]
    },
    {
      "id": 10,
      "verses": [
        {
          "id": 1,
          "number": 1,
          "text": "Während nun Esra also betete und sein Bekenntnis ablegte, weinte und vor dem Hause Gottes lag, versammelte sich zu ihm aus Israel eine sehr große Gemeinde von Männern, Frauen und Kindern; denn das Volk weinte sehr.",
          "words": []
        },
        {
          "id": 2,
          "number": 2,
          "text": "Und Sechanja, der Sohn Jechiels, aus den Kindern Elams, antwortete und sprach zu Esra: Wir haben uns an unserm Gott versündigt, daß wir fremde Frauen aus den Völkern des Landes heimgeführt haben. Nun aber ist noch Hoffnung für Israel!",
          "words": []
        },
        {
          "id": 3,
          "number": 3,
          "text": "Lasset uns nun einen Bund mit unserm Gott machen, daß wir alle Frauen und die von ihnen geboren sind, hinaustun nach dem Rat meines Herrn und derer, welche das Gebot unsres Gottes fürchten, daß man tue nach dem Gesetz.",
          "words": []
        },
        {
          "id": 4,
          "number": 4,
          "text": "Mache dich auf; dir liegt die Sache ob, wir wollen dir beistehen; führe es mutig aus!",
          "words": []
        },
        {
          "id": 5,
          "number": 5,
          "text": "Da stand Esra auf und nahm einen Eid von den obersten Priestern, von den Leviten und von ganz Israel, daß sie nach diesem Wort tun wollten. Und sie schwuren.",
          "words": []
        },
        {
          "id": 6,
          "number": 6,
          "text": "Und Esra stand auf vor dem Hause und ging in die Kammer Johanans, des Sohnes Eljaschibs. Er ging dort hinein und aß kein Brot und trank kein Wasser; denn er trug Leid wegen der Übertretung derer, die gefangen gewesen.",
          "words": []
        },
        {
          "id": 7,
          "number": 7,
          "text": "Und man ließ in Juda und Jerusalem ausrufen, daß alle, die gefangen gewesen, sich nach Jerusalem versammeln sollten,",
          "words": []
        },
        {
          "id": 8,
          "number": 8,
          "text": "und wer innert drei Tagen gemäß dem Rat der Obersten und Ältesten nicht kommen würde, dessen ganze Habe solle mit dem Bann belegt und er selbst aus der Gemeinde der aus der Gefangenschaft Zurückgekehrten ausgeschlossen werden.",
          "words": []
        },
        {
          "id": 9,
          "number": 9,
          "text": "Da versammelten sich alle Männer von Juda und Benjamin in Jerusalem auf den dritten Tag, das war der zwanzigste Tag des neunten Monats. Und alles Volk saß auf dem Platze vor dem Hause Gottes, zitternd um der Sache willen und wegen des Regens.",
          "words": []
        },
        {
          "id": 10,
          "number": 10,
          "text": "Und Esra, der Priester, stand auf und sprach zu ihnen: Ihr habt euch versündigt und habt fremde Frauen heimgeführt, womit ihr die Schuld Israels noch größer machtet.",
          "words": []
        },
        {
          "id": 11,
          "number": 11,
          "text": "So leget nun dem HERRN, dem Gott eurer Väter, ein Bekenntnis ab und tut, was ihm wohlgefällig ist, und scheidet euch von den Völkern des Landes und von den fremden Frauen!",
          "words": []
        },
        {
          "id": 12,
          "number": 12,
          "text": "Da antwortete die ganze Gemeinde und sprach mit lauter Stimme: Es soll geschehen, wie du uns gesagt hast!",
          "words": []
        },
        {
          "id": 13,
          "number": 13,
          "text": "Aber des Volkes ist viel, und es ist Regenwetter, und man kann nicht hier draußen stehen; und es ist auch nicht ein Werk von einem oder zwei Tagen, denn wir haben der Übertretung zu viel gemacht.",
          "words": []
        },
        {
          "id": 14,
          "number": 14,
          "text": "Laßt doch unsere Obersten für die ganze Gemeinde einstehen; und alle, die in unsern Städten fremde Frauen heimgeführt haben, sollen zu bestimmten Zeiten kommen, und mit ihnen die Ältesten einer jeden Stadt und deren Richter, bis der Zorn unsres Gottes um dieser Sache willen von uns abgewandt wird.",
          "words": []
        },
        {
          "id": 15,
          "number": 15,
          "text": "Nur Jonatan, der Sohn Asahels, und Jehasia, der Sohn Tikwas, standen dagegen auf, und Mesullam und Sabbetai, der Levit, unterstützten sie.",
          "words": []
        },
        {
          "id": 16,
          "number": 16,
          "text": "Und die Kinder der Gefangenschaft taten also: der Priester Esra sonderte sich Männer aus, die Familienhäupter ihrer Stammhäuser, und diese alle mit Namen bezeichnet, die setzten sich am ersten Tage des zehnten Monats zur Untersuchung der Angelegenheit.",
          "words": []
        },
        {
          "id": 17,
          "number": 17,
          "text": "Und sie erledigten die ganze Angelegenheit der Männer, die fremde Frauen heimgeführt hatten, bis zum ersten Tag des ersten Monats.",
          "words": []
        },
        {
          "id": 18,
          "number": 18,
          "text": "Und es wurden unter den Söhnen der Priester, die fremde Frauen heimgeführt hatten, gefunden: von den Söhnen Jesuas, des Sohnes Jozadaks, und seinen Brüdern: Maaseja, Elieser, Jarib und Gedalja;",
          "words": []
        },
        {
          "id": 19,
          "number": 19,
          "text": "die gaben ihre Hand darauf, daß sie ihre Frauen ausstoßen wollten, und sie bekannten die Schuld und opferten einen Schafbock für ihre Schuld.",
          "words": []
        },
        {
          "id": 20,
          "number": 20,
          "text": "Von den Söhnen Immers: Hanani und Sebadja.",
          "words": []
        },
        {
          "id": 21,
          "number": 21,
          "text": "Von den Söhnen Harims: Maaseja, Elia, Semaja, Jehiel und Usija.",
          "words": []
        },
        {
          "id": 22,
          "number": 22,
          "text": "von den Söhnen Pashurs: Eljeonai, Maaseja, Ismael, Netaneel, Josabad und Eleasar.",
          "words": []
        },
        {
          "id": 23,
          "number": 23,
          "text": "Von den Leviten: Josabad, Simei, Kelajah, Petachia, Juda und Elieser.",
          "words": []
        },
        {
          "id": 24,
          "number": 24,
          "text": "Von den Sängern: Eliaschib. Von den Torhütern: Sallum, Telem und Uri.",
          "words": []
        },
        {
          "id": 25,
          "number": 25,
          "text": "Und von Israel: Von den Söhnen Parhos: Ramja, Jischja, Malchija, Mijamin, Eleaser, Malchija und Benaja.",
          "words": []
        },
        {
          "id": 26,
          "number": 26,
          "text": "Von den Söhnen Elams: Mattanja, Sacharja, Jechiel, Abdi, Jeremot und Elia.",
          "words": []
        },
        {
          "id": 27,
          "number": 27,
          "text": "Von den Söhnen Sattus: Eljoenai, Eljaschib, Mattanja, Jeremot, Sabad und Asisa.",
          "words": []
        },
        {
          "id": 28,
          "number": 28,
          "text": "Von den Söhnen Bebais: Johanan, Hananja, Sabbai, Atlai.",
          "words": []
        },
        {
          "id": 29,
          "number": 29,
          "text": "Von den Söhnen Banis: Mesullam, Mallach, Adaja, Jaschub, Scheal und Jeramot.",
          "words": []
        },
        {
          "id": 30,
          "number": 30,
          "text": "Von den Söhnen Pachat-Moabs: Adna, Kelal, Benaja, Maaseja, Mattanja, Bezaleel, Binnui und Manasse.",
          "words": []
        },
        {
          "id": 31,
          "number": 31,
          "text": "Von den Söhnen Harims: Elieser, Jischja, Malchija, Semaja, Simeon,",
          "words": []
        },
        {
          "id": 32,
          "number": 32,
          "text": "Benjamin, Mallach, Semarja.",
          "words": []
        },
        {
          "id": 33,
          "number": 33,
          "text": "Von den Söhnen Hasums: Mattenai, Mattatta, Sabad, Eliphelet, Jeremai, Manasse, Simei.",
          "words": []
        },
        {
          "id": 34,
          "number": 34,
          "text": "Von den Söhnen Banis: Mahadai, Amram und Uel,",
          "words": []
        },
        {
          "id": 35,
          "number": 35,
          "text": "Benaja, Bedja, Keluhu,",
          "words": []
        },
        {
          "id": 36,
          "number": 36,
          "text": "Vanja, Meremot, Eljaschib.",
          "words": []
        },
        {
          "id": 37,
          "number": 37,
          "text": "Mattanja, Mattenai, Jahasai,",
          "words": []
        },
        {
          "id": 38,
          "number": 38,
          "text": "Bani, Binnui, Simei,",
          "words": []
        },
        {
          "id": 39,
          "number": 39,
          "text": "Selemja, Natan, Adaja,",
          "words": []
        },
        {
          "id": 40,
          "number": 40,
          "text": "Machnadbai, Sasai, Sarai,",
          "words": []
        },
        {
          "id": 41,
          "number": 41,
          "text": "Asareel, Selemja, Semarja,",
          "words": []
        },
        {
          "id": 42,
          "number": 42,
          "text": "Sallum, Amarja, Joseph.",
          "words": []
        },
        {
          "id": 43,
          "number": 43,
          "text": "Von den Söhnen Nebos: Jechiel, Mattitja, Sabad, Sebina, Jaddai, Joel, Benaja.",
          "words": []
        },
        {
          "id": 44,
          "number": 44,
          "text": "Diese alle hatten fremde Frauen genommen; und unter diesen Frauen waren etliche, welche Kinder geboren hatten.",
          "words": []
        }
      ]
    }
  ]
}