{
  "id": 48,
  "name": "Galatians",
  "chapters": [
    {
      "id": 1,
      "verses": [
        {
          "id": 1,
          "number": 1,
          "text": "Paulus, Apostel, nicht von Menschen, auch nicht durch einen Menschen, sondern durch Jesus Christus und Gott, den Vater, der ihn auferweckt hat von den Toten;",
          "words": []
        },
        {
          "id": 2,
          "number": 2,
          "text": "und alle Brüder, die mit mir sind, an die Gemeinden in Galatien:",
          "words": []
        },
        {
          "id": 3,
          "number": 3,
          "text": "Gnade sei mit euch und Friede von Gott, dem Vater und unsrem Herrn Jesus Christus,",
          "words": []
        },
        {
          "id": 4,
          "number": 4,
          "text": "der sich selbst für unsere Sünden gegeben hat, damit er uns herausrette aus dem gegenwärtigen argen Weltlauf, nach dem Willen Gottes und unsres Vaters,",
          "words": []
        },
        {
          "id": 5,
          "number": 5,
          "text": "welchem die Ehre gebührt von Ewigkeit zu Ewigkeit. Amen.",
          "words": []
        },
        {
          "id": 6,
          "number": 6,
          "text": "Mich wundert, daß ihr so schnell übergehet von dem, der euch durch Christi Gnade berufen hat, zu einem anderen Evangelium, so es doch kein anderes gibt;",
          "words": []
        },
        {
          "id": 7,
          "number": 7,
          "text": "nur sind etliche da, die euch verwirren und das Evangelium Christi verdrehen wollen.",
          "words": []
        },
        {
          "id": 8,
          "number": 8,
          "text": "Aber wenn auch wir oder ein Engel vom Himmel euch etwas anderes als Evangelium predigen würde außer dem, was wir euch verkündigt haben, der sei verflucht!",
          "words": []
        },
        {
          "id": 9,
          "number": 9,
          "text": "Wie wir zuvor gesagt haben, so sage ich auch jetzt wiederum: Wenn jemand euch etwas anderes als Evangelium predigt außer dem, das ihr empfangen habt, der sei verflucht!",
          "words": []
        },
        {
          "id": 10,
          "number": 10,
          "text": "Rede ich denn jetzt Menschen oder Gott zuliebe? Oder suche ich Menschen zu gefallen? Wenn ich noch Menschen gefiele, so wäre ich nicht Christi Knecht.",
          "words": []
        },
        {
          "id": 11,
          "number": 11,
          "text": "Ich tue euch aber kund, Brüder, daß das von mir gepredigte Evangelium nicht von Menschen stammt;",
          "words": []
        },
        {
          "id": 12,
          "number": 12,
          "text": "ich habe es auch nicht von einem Menschen empfangen noch gelernt, sondern durch eine Offenbarung Jesu Christi.",
          "words": []
        },
        {
          "id": 13,
          "number": 13,
          "text": "Denn ihr habt von meinem ehemaligen Wandel im Judentum gehört, daß ich die Gemeinde Gottes über die Maßen verfolgte und sie zerstörte",
          "words": []
        },
        {
          "id": 14,
          "number": 14,
          "text": "und im Judentum viele meiner Altersgenossen in meinem Volk übertraf durch übermäßigen Eifer für die Überlieferungen meiner Väter.",
          "words": []
        },
        {
          "id": 15,
          "number": 15,
          "text": "Als es aber Gott, der mich von meiner Mutter Leib an ausgesondert und durch seine Gnade berufen hat, wohlgefiel,",
          "words": []
        },
        {
          "id": 16,
          "number": 16,
          "text": "seinen Sohn in mir zu offenbaren, damit ich ihn durch das Evangelium unter den Heiden verkündige, ging ich alsbald nicht mit Fleisch und Blut zu Rate,",
          "words": []
        },
        {
          "id": 17,
          "number": 17,
          "text": "zog auch nicht nach Jerusalem hinauf zu denen, die vor mir Apostel waren, sondern ging weg nach Arabien und kehrte wieder nach Damaskus zurück.",
          "words": []
        },
        {
          "id": 18,
          "number": 18,
          "text": "Darauf, nach drei Jahren, zog ich nach Jerusalem hinauf, um Petrus kennen zu lernen, und blieb fünfzehn Tage bei ihm.",
          "words": []
        },
        {
          "id": 19,
          "number": 19,
          "text": "Ich sah aber keinen der andern Apostel, außer Jakobus, den Bruder des Herrn.",
          "words": []
        },
        {
          "id": 20,
          "number": 20,
          "text": "Was ich euch aber schreibe, siehe, vor Gottes Angesicht: ich lüge nicht!",
          "words": []
        },
        {
          "id": 21,
          "number": 21,
          "text": "Darauf kam ich in die Gegenden von Syrien und Cilicien.",
          "words": []
        },
        {
          "id": 22,
          "number": 22,
          "text": "Ich war aber den Gemeinden von Judäa, die in Christus sind, von Angesicht unbekannt.",
          "words": []
        },
        {
          "id": 23,
          "number": 23,
          "text": "Sie hatten nur gehört: der, welcher uns einst verfolgte, predigt jetzt als Evangelium den Glauben, welchen er einst zerstörte!",
          "words": []
        },
        {
          "id": 24,
          "number": 24,
          "text": "Und sie priesen Gott meinethalben.",
          "words": []
        }
      ]
    },
    {
      "id": 2,
      "verses": [
        {
          "id": 1,
          "number": 1,
          "text": "Darauf, nach vierzehn Jahren, zog ich wiederum nach Jerusalem hinauf mit Barnabas und nahm auch Titus mit.",
          "words": []
        },
        {
          "id": 2,
          "number": 2,
          "text": "Ich zog aber hinauf infolge einer Offenbarung und legte ihnen, insbesondere den Angesehenen, das Evangelium vor, das ich unter den Heiden verkündige, damit ich nicht etwa vergeblich liefe oder gelaufen wäre.",
          "words": []
        },
        {
          "id": 3,
          "number": 3,
          "text": "Es wurde aber nicht einmal mein Begleiter, Titus, obschon er ein Grieche ist, gezwungen, sich beschneiden zu lassen.",
          "words": []
        },
        {
          "id": 4,
          "number": 4,
          "text": "Was aber die eingeschlichenen falschen Brüder betrifft, die sich eingedrängt hatten, um unsere Freiheit auszukundschaften, die wir in Christus Jesus haben, damit sie uns unterjochen könnten,",
          "words": []
        },
        {
          "id": 5,
          "number": 5,
          "text": "denen gaben wir auch nicht eine Stunde nach, daß wir uns ihnen unterworfen hätten, damit die Wahrheit des Evangeliums bei euch bestehen bliebe.",
          "words": []
        },
        {
          "id": 6,
          "number": 6,
          "text": "Von denen aber, die etwas gelten (was sie früher waren, ist mir gleich; Gott achtet das Ansehen der Person nicht), mir haben diese Angesehenen nichts weiter auferlegt;",
          "words": []
        },
        {
          "id": 7,
          "number": 7,
          "text": "sondern im Gegenteil, als sie sahen, daß ich mit dem Evangelium an die Unbeschnittenen betraut bin, gleichwie Petrus mit dem an die Beschneidung",
          "words": []
        },
        {
          "id": 8,
          "number": 8,
          "text": "denn der, welcher in Petrus kräftig wirkte zum Apostelamt unter der Beschneidung, der wirkte auch in mir kräftig für die Heiden,",
          "words": []
        },
        {
          "id": 9,
          "number": 9,
          "text": "und als sie die Gnade erkannten, die mir gegeben ist, reichten Jakobus und Kephas und Johannes, die für Säulen gelten, mir und Barnabas die Hand der Gemeinschaft, damit wir unter den Heiden, sie aber unter der Beschneidung wirkten;",
          "words": []
        },
        {
          "id": 10,
          "number": 10,
          "text": "nur sollten wir der Armen gedenken, was ich mich auch beflissen habe zu tun.",
          "words": []
        },
        {
          "id": 11,
          "number": 11,
          "text": "Als aber Petrus nach Antiochia kam, widerstand ich ihm ins Angesicht, denn er war angeklagt.",
          "words": []
        },
        {
          "id": 12,
          "number": 12,
          "text": "Bevor nämlich etliche von Jakobus kamen, aß er mit den Heiden; als sie aber kamen, zog er sich zurück und sonderte sich ab, weil er die aus der Beschneidung fürchtete.",
          "words": []
        },
        {
          "id": 13,
          "number": 13,
          "text": "Und es heuchelten mit ihm auch die übrigen Juden, so daß selbst Barnabas von ihrer Heuchelei mitfortgerissen wurde.",
          "words": []
        },
        {
          "id": 14,
          "number": 14,
          "text": "Als ich aber sah, daß sie nicht richtig wandelten nach der Wahrheit des Evangeliums, sprach ich zu Petrus vor allen: Wenn du, der du ein Jude bist, heidnisch lebst und nicht jüdisch, was zwingst du die Heiden, jüdisch zu leben?",
          "words": []
        },
        {
          "id": 15,
          "number": 15,
          "text": "Wir sind von Natur Juden und nicht Sünder aus den Heiden;",
          "words": []
        },
        {
          "id": 16,
          "number": 16,
          "text": "da wir aber erkannt haben, daß der Mensch nicht aus Gesetzeswerken gerechtfertigt wird, sondern durch den Glauben an Jesus Christus, so sind auch wir an Christus Jesus gläubig geworden, damit wir aus dem Glauben an Christus gerechtfertigt würden, und nicht aus Gesetzeswerken, weil aus Gesetzeswerken kein Fleisch gerechtfertigt wird.",
          "words": []
        },
        {
          "id": 17,
          "number": 17,
          "text": "Wenn wir aber, die wir in Christus gerechtfertigt zu werden suchen, auch selbst als Sünder erfunden würden, wäre demnach Christus ein Sündendiener? Das sei ferne!",
          "words": []
        },
        {
          "id": 18,
          "number": 18,
          "text": "Denn wenn ich das, was ich niedergerissen habe, wieder aufbaue, so stelle ich mich selbst als Übertreter hin.",
          "words": []
        },
        {
          "id": 19,
          "number": 19,
          "text": "Nun bin ich aber durchs Gesetz dem Gesetz gestorben, um Gott zu leben, ich bin mit Christus gekreuzigt.",
          "words": []
        },
        {
          "id": 20,
          "number": 20,
          "text": "Und nicht mehr lebe ich, sondern Christus lebt in mir; was ich aber jetzt im Fleische lebe, das lebe ich im Glauben an den Sohn Gottes, der mich geliebt und sich selbst für mich hingegeben hat.",
          "words": []
        },
        {
          "id": 21,
          "number": 21,
          "text": "Ich setze die Gnade Gottes nicht beiseite; denn wenn durch das Gesetz Gerechtigkeit kommt , so ist Christus vergeblich gestorben.",
          "words": []
        }
      ]
    },
    {
      "id": 3,
      "verses": [
        {
          "id": 1,
          "number": 1,
          "text": "O ihr unverständigen Galater, wer hat euch bezaubert, der Wahrheit nicht zu gehorchen, euch, denen Jesus Christus als unter euch gekreuzigt vor die Augen gemalt worden war?",
          "words": []
        },
        {
          "id": 2,
          "number": 2,
          "text": "Das allein will ich von euch lernen: Habt ihr den Geist durch Gesetzeswerke empfangen oder durch die Predigt vom Glauben?",
          "words": []
        },
        {
          "id": 3,
          "number": 3,
          "text": "Seid ihr so unverständig? Im Geiste habt ihr angefangen und wollt nun im Fleisch vollenden?",
          "words": []
        },
        {
          "id": 4,
          "number": 4,
          "text": "So viel habt ihr umsonst erlitten? Wenn es wirklich umsonst ist!",
          "words": []
        },
        {
          "id": 5,
          "number": 5,
          "text": "Der euch nun den Geist darreicht und Kräfte in euch wirken läßt, tut er es durch Gesetzeswerke oder durch die Predigt vom Glauben?",
          "words": []
        },
        {
          "id": 6,
          "number": 6,
          "text": "Gleichwie «Abraham Gott geglaubt hat und es ihm zur Gerechtigkeit gerechnet wurde»,",
          "words": []
        },
        {
          "id": 7,
          "number": 7,
          "text": "so erkennet auch, daß die aus dem Glauben Gerechten Abrahams Kinder sind.",
          "words": []
        },
        {
          "id": 8,
          "number": 8,
          "text": "Da es nun die Schrift voraussah, daß Gott die Heiden aus Glauben rechtfertigen würde, hat sie dem Abraham zum voraus das Evangelium verkündigt: «In dir sollen alle Völker gesegnet werden.»",
          "words": []
        },
        {
          "id": 9,
          "number": 9,
          "text": "So werden nun die, welche aus dem Glauben sind, gesegnet mit dem gläubigen Abraham.",
          "words": []
        },
        {
          "id": 10,
          "number": 10,
          "text": "Denn alle, die aus Gesetzeswerken sind, die sind unter dem Fluch; denn es steht geschrieben: «Verflucht ist jeder, der nicht bleibt in allem, was im Buche des Gesetzes geschrieben steht, es zu tun.»",
          "words": []
        },
        {
          "id": 11,
          "number": 11,
          "text": "Daß aber im Gesetz niemand vor Gott gerechtfertigt wird, ist offenbar; denn «der Gerechte wird aus Glauben leben.»",
          "words": []
        },
        {
          "id": 12,
          "number": 12,
          "text": "Das Gesetz aber lautet nicht: «Aus Glauben», sondern: «wer es tut, wird dadurch leben».",
          "words": []
        },
        {
          "id": 13,
          "number": 13,
          "text": "Christus hat uns losgekauft von dem Fluche des Gesetzes, indem er ein Fluch für uns wurde; denn es steht geschrieben: «Verflucht ist jeder, der am Holze hängt»,",
          "words": []
        },
        {
          "id": 14,
          "number": 14,
          "text": "damit der Segen Abrahams zu den Heiden käme in Christus Jesus, auf daß wir durch den Glauben den Geist empfingen, der verheißen worden war.",
          "words": []
        },
        {
          "id": 15,
          "number": 15,
          "text": "Brüder, ich rede nach Menschenweise: Sogar eines Menschen Testament, wenn es bestätigt ist, hebt niemand auf oder verordnet etwas dazu.",
          "words": []
        },
        {
          "id": 16,
          "number": 16,
          "text": "Nun aber sind die Verheißungen dem Abraham und seinem Samen zugesprochen worden. Es heißt nicht: «und den Samen», als von vielen, sondern als von einem: «und deinem Samen», welcher ist Christus.",
          "words": []
        },
        {
          "id": 17,
          "number": 17,
          "text": "Das aber sage ich: Ein von Gott auf Christus hin zuvor bestätigtes Testament wird durch das 430 Jahre hernach entstandene Gesetz nicht ungültig gemacht, so daß die Verheißung aufgehoben würde.",
          "words": []
        },
        {
          "id": 18,
          "number": 18,
          "text": "Denn käme das Erbe durchs Gesetz, so käme es nicht mehr durch Verheißung; dem Abraham aber hat es Gott durch Verheißung geschenkt.",
          "words": []
        },
        {
          "id": 19,
          "number": 19,
          "text": "Wozu nun das Gesetz? Der Übertretungen wegen wurde es hinzugefügt, bis der Same käme, dem die Verheißung gilt, und es ist durch Engel übermittelt worden in die Hand eines Mittlers.",
          "words": []
        },
        {
          "id": 20,
          "number": 20,
          "text": "Ein Mittler aber ist nicht nur Mittler von einem; Gott aber ist einer.",
          "words": []
        },
        {
          "id": 21,
          "number": 21,
          "text": "Ist nun das Gesetz wider die Verheißungen Gottes? Das sei ferne! Denn wenn ein Gesetz gegeben wäre, das Leben schaffen könnte, so käme die Gerechtigkeit wirklich aus dem Gesetz.",
          "words": []
        },
        {
          "id": 22,
          "number": 22,
          "text": "Aber die Schrift hat alles unter die Sünde zusammengeschlossen, damit die Verheißung durch den Glauben an Jesus Christus denen gegeben würde, die da glauben.",
          "words": []
        },
        {
          "id": 23,
          "number": 23,
          "text": "Bevor aber der Glaube kam, wurden wir unter dem Gesetz verwahrt und verschlossen auf den Glauben hin, der geoffenbart werden sollte.",
          "words": []
        },
        {
          "id": 24,
          "number": 24,
          "text": "So ist also das Gesetz unser Zuchtmeister geworden auf Christus hin, damit wir durch den Glauben gerechtfertigt würden.",
          "words": []
        },
        {
          "id": 25,
          "number": 25,
          "text": "Nachdem aber der Glaube gekommen ist, sind wir nicht mehr unter dem Zuchtmeister;",
          "words": []
        },
        {
          "id": 26,
          "number": 26,
          "text": "denn ihr alle seid Gottes Kinder durch den Glauben, in Christus Jesus;",
          "words": []
        },
        {
          "id": 27,
          "number": 27,
          "text": "denn so viele von euch in Christus getauft sind, die haben Christus angezogen.",
          "words": []
        },
        {
          "id": 28,
          "number": 28,
          "text": "Da ist weder Jude noch Grieche, da ist weder Knecht noch Freier, da ist weder Mann noch Weib; denn ihr seid alle einer in Christus Jesus.",
          "words": []
        },
        {
          "id": 29,
          "number": 29,
          "text": "Gehört ihr aber Christus an, so seid ihr Abrahams Same und nach der Verheißung Erben.",
          "words": []
        }
      ]
    },
    {
      "id": 4,
      "verses": [
        {
          "id": 1,
          "number": 1,
          "text": "Ich sage aber: Solange der Erbe unmündig ist, besteht zwischen ihm und einem Knechte kein Unterschied obwohl er Herr aller Güter ist;",
          "words": []
        },
        {
          "id": 2,
          "number": 2,
          "text": "sondern er steht unter Vormündern und Verwaltern bis zu der vom Vater festgesetzten Zeit.",
          "words": []
        },
        {
          "id": 3,
          "number": 3,
          "text": "Ebenso waren auch wir, als wir noch unmündig waren, den Elementen der Welt als Knechte unterworfen.",
          "words": []
        },
        {
          "id": 4,
          "number": 4,
          "text": "Als aber die Zeit erfüllt war, sandte Gott Seinen Sohn, von einem Weibe geboren und unter das Gesetz getan,",
          "words": []
        },
        {
          "id": 5,
          "number": 5,
          "text": "damit er die, welche unter dem Gesetz waren, loskaufte, auf daß wir das Sohnesrecht empfingen.",
          "words": []
        },
        {
          "id": 6,
          "number": 6,
          "text": "Weil ihr denn Söhne seid, hat Gott den Geist Seines Sohnes in eure Herzen gesandt, der schreit: Abba, Vater!",
          "words": []
        },
        {
          "id": 7,
          "number": 7,
          "text": "So bist du also nicht mehr Knecht, sondern Sohn; wenn aber Sohn, dann auch Erbe Gottes durch Christus.",
          "words": []
        },
        {
          "id": 8,
          "number": 8,
          "text": "Damals aber, als ihr Gott nicht kanntet, dientet ihr denen, die von Natur nicht Götter sind.",
          "words": []
        },
        {
          "id": 9,
          "number": 9,
          "text": "Nun aber, da ihr Gott erkannt habt, ja vielmehr von Gott erkannt seid, wie möget ihr euch wiederum den schwachen und armseligen Elementen zuwenden, denen ihr von neuem dienen wollt?",
          "words": []
        },
        {
          "id": 10,
          "number": 10,
          "text": "Ihr beobachtet Tage und Monate und heilige Zeiten und Jahre.",
          "words": []
        },
        {
          "id": 11,
          "number": 11,
          "text": "Ich fürchte für euch, daß ich am Ende vergeblich um euch gearbeitet habe.",
          "words": []
        },
        {
          "id": 12,
          "number": 12,
          "text": "Werdet doch wie ich, denn ich bin wie ihr. Ich bitte euch, meine Brüder! Ihr habt mir nichts zuleide getan;",
          "words": []
        },
        {
          "id": 13,
          "number": 13,
          "text": "ihr wisset aber, daß ich bei leiblicher Schwachheit euch zum erstenmal das Evangelium verkündigt habe.",
          "words": []
        },
        {
          "id": 14,
          "number": 14,
          "text": "Und ihr habt die mir am Fleische widerfahrene Anfechtung nicht gering angeschlagen oder gar verabscheut, sondern wie einen Engel Gottes nahmet ihr mich auf, wie Christus Jesus.",
          "words": []
        },
        {
          "id": 15,
          "number": 15,
          "text": "Was ist nun aus eurer Glückseligkeit geworden? Denn ich gebe euch das Zeugnis, daß ihr wenn möglich eure Augen ausgerissen und mir gegeben hättet.",
          "words": []
        },
        {
          "id": 16,
          "number": 16,
          "text": "Bin ich also euer Feind geworden, weil ich euch die Wahrheit sage?",
          "words": []
        },
        {
          "id": 17,
          "number": 17,
          "text": "Sie eifern um euch nicht in edler Weise, sondern wollen euch ausschließen, damit ihr um sie eifert.",
          "words": []
        },
        {
          "id": 18,
          "number": 18,
          "text": "Eifern ist gut, wenn es für das Gute geschieht, und zwar allezeit, nicht nur in meiner Gegenwart bei euch.",
          "words": []
        },
        {
          "id": 19,
          "number": 19,
          "text": "Meine Kindlein, um die ich abermals Geburtswehen leide, bis daß Christus in euch Gestalt gewinnt",
          "words": []
        },
        {
          "id": 20,
          "number": 20,
          "text": "wie gerne wollte ich jetzt bei euch sein und meine Stimme wandeln, denn ich weiß nicht, wo ich mit euch daran bin.",
          "words": []
        },
        {
          "id": 21,
          "number": 21,
          "text": "Saget mir, die ihr unter dem Gesetz sein wollt: höret ihr das Gesetz nicht?",
          "words": []
        },
        {
          "id": 22,
          "number": 22,
          "text": "Es steht doch geschrieben, daß Abraham zwei Söhne hatte, einen von der Sklavin, den andern von der Freien.",
          "words": []
        },
        {
          "id": 23,
          "number": 23,
          "text": "Der von der Sklavin war nach dem Fleisch geboren, der von der Freien aber kraft der Verheißung.",
          "words": []
        },
        {
          "id": 24,
          "number": 24,
          "text": "Das hat einen bildlichen Sinn: Es sind zwei Bündnisse; das eine von dem Berge Sinai, das zur Knechtschaft gebiert, das ist Hagar.",
          "words": []
        },
        {
          "id": 25,
          "number": 25,
          "text": "Denn «Hagar» bedeutet in Arabien den Berg Sinai und entspricht dem jetzigen Jerusalem, weil dieses samt seinen Kindern in Knechtschaft ist.",
          "words": []
        },
        {
          "id": 26,
          "number": 26,
          "text": "Das obere Jerusalem aber ist frei, und dieses ist unsere Mutter.",
          "words": []
        },
        {
          "id": 27,
          "number": 27,
          "text": "Denn es steht geschrieben: «Freue dich, Unfruchtbare, die du nicht gebierst; brich in Jubel aus und schreie, die du nicht in Wehen liegst, denn die Vereinsamte hat mehr Kinder als die, welche den Mann hat.»",
          "words": []
        },
        {
          "id": 28,
          "number": 28,
          "text": "Wir aber, Brüder, sind nach der Weise des Isaak Kinder der Verheißung.",
          "words": []
        },
        {
          "id": 29,
          "number": 29,
          "text": "Doch gleichwie damals der nach dem Fleisch Geborene den nach dem Geist Geborenen verfolgte, so auch jetzt.",
          "words": []
        },
        {
          "id": 30,
          "number": 30,
          "text": "Was sagt aber die Schrift: «Stoße aus die Sklavin und ihren Sohn! Denn der Sohn der Sklavin soll nicht erben mit dem Sohn der Freien.»",
          "words": []
        },
        {
          "id": 31,
          "number": 31,
          "text": "So sind wir also, meine Brüder, nicht Kinder der Sklavin, sondern der Freien.",
          "words": []
        }
      ]
    },
    {
      "id": 5,
      "verses": [
        {
          "id": 1,
          "number": 1,
          "text": "Für die Freiheit hat uns Christus befreit; so stehet nun fest und lasset euch nicht wieder in ein Joch der Knechtschaft spannen!",
          "words": []
        },
        {
          "id": 2,
          "number": 2,
          "text": "Siehe, ich Paulus, sage euch: Wenn ihr euch beschneiden lasset, wird euch Christus nichts nützen.",
          "words": []
        },
        {
          "id": 3,
          "number": 3,
          "text": "Ich bezeuge abermals einem jeden, der sich beschneiden läßt, daß er schuldig ist, das ganze Gesetz zu halten.",
          "words": []
        },
        {
          "id": 4,
          "number": 4,
          "text": "Ihr seid losgetrennt von Christus, die ihr durchs Gesetz gerecht werden wollt, ihr seid aus der Gnade gefallen.",
          "words": []
        },
        {
          "id": 5,
          "number": 5,
          "text": "Wir aber erwarten im Geiste durch den Glauben die Hoffnung der Gerechtigkeit;",
          "words": []
        },
        {
          "id": 6,
          "number": 6,
          "text": "denn in Christus Jesus gilt weder Beschneidung noch Unbeschnittensein etwas, sondern der Glaube, der durch Liebe wirksam ist.",
          "words": []
        },
        {
          "id": 7,
          "number": 7,
          "text": "Ihr liefet fein, wer hat euch aufgehalten, daß ihr der Wahrheit nicht gehorchet?",
          "words": []
        },
        {
          "id": 8,
          "number": 8,
          "text": "Die Überredung kommt nicht von dem, der euch berufen hat.",
          "words": []
        },
        {
          "id": 9,
          "number": 9,
          "text": "Ein wenig Sauerteig durchsäuert den ganzen Teig.",
          "words": []
        },
        {
          "id": 10,
          "number": 10,
          "text": "Ich traue euch aber zu in dem Herrn, daß ihr nicht anders gesinnt sein werdet. Wer euch aber verwirrt, der wird das Urteil tragen, wer er auch sei.",
          "words": []
        },
        {
          "id": 11,
          "number": 11,
          "text": "Ich aber, meine Brüder, wenn ich noch die Beschneidung predigte, würde ich dann noch verfolgt? Dann hätte das Ärgernis des Kreuzes aufgehört!",
          "words": []
        },
        {
          "id": 12,
          "number": 12,
          "text": "O, daß sie auch abgeschnitten würden, die euch verwirren!",
          "words": []
        },
        {
          "id": 13,
          "number": 13,
          "text": "Denn ihr, meine Brüder, seid zur Freiheit berufen; nur machet die Freiheit nicht zu einem Vorwand für das Fleisch, sondern durch die Liebe dienet einander.",
          "words": []
        },
        {
          "id": 14,
          "number": 14,
          "text": "Denn das ganze Gesetz wird in einem Worte erfüllt, in dem: «Du sollst deinen Nächsten lieben wie dich selbst.»",
          "words": []
        },
        {
          "id": 15,
          "number": 15,
          "text": "Wenn ihr einander aber beißet und fresset, so sehet zu, daß ihr nicht voneinander verzehrt werdet!",
          "words": []
        },
        {
          "id": 16,
          "number": 16,
          "text": "Ich sage aber: Wandelt im Geist, so werdet ihr die Lüste des Fleisches nicht vollbringen.",
          "words": []
        },
        {
          "id": 17,
          "number": 17,
          "text": "Denn das Fleisch gelüstet wider den Geist und den Geist wider das Fleisch; diese widerstreben einander, so daß ihr nicht tut, was ihr wollt.",
          "words": []
        },
        {
          "id": 18,
          "number": 18,
          "text": "Werdet ihr aber vom Geist geleitet, so seid ihr nicht unter dem Gesetz.",
          "words": []
        },
        {
          "id": 19,
          "number": 19,
          "text": "Offenbar sind aber die Werke des Fleisches, welche sind: Ehebruch, Unzucht, Unreinigkeit, Ausschweifung;",
          "words": []
        },
        {
          "id": 20,
          "number": 20,
          "text": "Götzendienst, Zauberei, Feindschaft, Hader, Eifersucht, Zorn, Ehrgeiz, Zwietracht, Spaltungen, Neid, Mord;",
          "words": []
        },
        {
          "id": 21,
          "number": 21,
          "text": "Trunkenheit, Gelage und dergleichen, wovon ich euch voraussage, wie ich schon zuvor gesagt habe, daß die, welche solches tun, das Reich Gottes nicht ererben werden.",
          "words": []
        },
        {
          "id": 22,
          "number": 22,
          "text": "Die Frucht des Geistes aber ist Liebe, Freude, Friede, Geduld, Freundlichkeit, Gütigkeit, Treue, Sanftmut, Enthaltsamkeit.",
          "words": []
        },
        {
          "id": 23,
          "number": 23,
          "text": "Gegen solche Dinge gibt es kein Gesetz.",
          "words": []
        },
        {
          "id": 24,
          "number": 24,
          "text": "Welche aber Christus angehören, die haben das Fleisch gekreuzigt samt den Leidenschaften und Begierden.",
          "words": []
        },
        {
          "id": 25,
          "number": 25,
          "text": "Wenn wir im Geiste leben, so lasset uns auch im Geiste wandeln.",
          "words": []
        },
        {
          "id": 26,
          "number": 26,
          "text": "Laßt uns nicht nach eitlem Ruhme gierig sein, einander nicht herausfordern noch beneiden!",
          "words": []
        }
      ]
    },
    {
      "id": 6,
      "verses": [
        {
          "id": 1,
          "number": 1,
          "text": "Brüder, wenn auch ein Mensch von einem Fehltritt übereilt würde, so helfet ihr, die ihr geistlich seid, einem solchen im Geiste der Sanftmut wieder zurecht; und sieh dabei auf dich selbst, daß du nicht auch versucht werdest!",
          "words": []
        },
        {
          "id": 2,
          "number": 2,
          "text": "Traget einer des andern Lasten, und so werdet ihr das Gesetz Christi erfüllen!",
          "words": []
        },
        {
          "id": 3,
          "number": 3,
          "text": "Denn wenn jemand glaubt, etwas zu sein, da er doch nichts ist, so betrügt er sich selbst.",
          "words": []
        },
        {
          "id": 4,
          "number": 4,
          "text": "Ein jeglicher aber prüfe sein eigenes Werk, und dann wird er für sich selbst den Ruhm haben und nicht für einen andern;",
          "words": []
        },
        {
          "id": 5,
          "number": 5,
          "text": "denn ein jeglicher soll seine eigene Bürde tragen.",
          "words": []
        },
        {
          "id": 6,
          "number": 6,
          "text": "Wer im Wort unterrichtet wird, der gebe dem, der ihn unterrichtet, Anteil an allen Gütern.",
          "words": []
        },
        {
          "id": 7,
          "number": 7,
          "text": "Irret euch nicht; Gott läßt seiner nicht spotten! Denn was der Mensch sät, das wird er ernten.",
          "words": []
        },
        {
          "id": 8,
          "number": 8,
          "text": "Denn wer auf sein Fleisch sät, wird vom Fleisch Verderben ernten; wer aber auf den Geist sät, wird vom Geist ewiges Leben ernten.",
          "words": []
        },
        {
          "id": 9,
          "number": 9,
          "text": "Laßt uns aber im Gutestun nicht müde werden; denn zu seiner Zeit werden wir auch ernten, wenn wir nicht ermatten.",
          "words": []
        },
        {
          "id": 10,
          "number": 10,
          "text": "So laßt uns nun, wo wir Gelegenheit haben, an jedermann Gutes tun, allermeist an den Glaubensgenossen.",
          "words": []
        },
        {
          "id": 11,
          "number": 11,
          "text": "Sehet, wie weitläufig ich euch geschrieben habe mit eigener Hand!",
          "words": []
        },
        {
          "id": 12,
          "number": 12,
          "text": "Alle, die im Fleische wohlangesehen sein wollen, nötigen euch, daß ihr euch beschneiden lasset, nur damit sie nicht mit dem Kreuze Christi verfolgt werden.",
          "words": []
        },
        {
          "id": 13,
          "number": 13,
          "text": "Denn nicht einmal sie, die beschnitten sind, halten das Gesetz, sondern sie verlangen, daß ihr euch beschneiden lasset, damit sie sich eures Fleisches rühmen können.",
          "words": []
        },
        {
          "id": 14,
          "number": 14,
          "text": "Von mir aber sei es ferne, mich zu rühmen, denn allein des Kreuzes unsres Herrn Jesus Christus, durch welches mir die Welt gekreuzigt ist und ich der Welt.",
          "words": []
        },
        {
          "id": 15,
          "number": 15,
          "text": "Denn in Christus Jesus gilt weder Beschnitten noch Unbeschnittensein etwas, sondern eine neue Kreatur.",
          "words": []
        },
        {
          "id": 16,
          "number": 16,
          "text": "Soviele nach dieser Regel wandeln, über die komme Frieden und Erbarmen, und über das Israel Gottes!",
          "words": []
        },
        {
          "id": 17,
          "number": 17,
          "text": "Im übrigen mache mir niemand weitere Mühe; denn ich trage die Malzeichen Jesu an meinem Leibe.",
          "words": []
        },
        {
          "id": 18,
          "number": 18,
          "text": "Die Gnade unsres Herrn Jesus Christus sei mit eurem Geist, ihr Brüder! Amen.",
          "words": []
        }
      ]
    }
  ]
}