{
  "id": 35,
  "name": "Habakkuk",
  "chapters": [
    {
      "id": 1,
      "verses": [
        {
          "id": 1,
          "number": 1,
          "text": "Die Last, welche der Prophet Habakuk geschaut hat:",
          "words": []
        },
        {
          "id": 2,
          "number": 2,
          "text": "Wie lange, o HERR, soll ich zu dir schreien, ohne daß du hörst, dir Unrecht klagen, ohne daß du hilfst?",
          "words": []
        },
        {
          "id": 3,
          "number": 3,
          "text": "Warum lässest du mich Elend sehen und schaust dem Jammer zu? Gewalttat und Frevel werden vor meinen Augen begangen, es entsteht Hader, und Streit erhebt sich.",
          "words": []
        },
        {
          "id": 4,
          "number": 4,
          "text": "Darum erlahmt das Gesetz, und das Recht bricht nimmermehr durch; denn der Gottlose umringt den Gerechten; darum kommt das Urteil verkehrt heraus!",
          "words": []
        },
        {
          "id": 5,
          "number": 5,
          "text": "Seht, ihr Verächter, und schaut umher, verwundert und entsetzt euch! Denn ich tue ein Werk in euren Tagen; ihr würdet es nicht glauben, wenn man es erzählte!",
          "words": []
        },
        {
          "id": 6,
          "number": 6,
          "text": "Denn siehe, ich erwecke die Chaldäer, ein bitterböses und behendes Volk, das die Breiten der Erde durchzieht, um Wohnsitze zu erobern, die ihm nicht gehören.",
          "words": []
        },
        {
          "id": 7,
          "number": 7,
          "text": "Es ist schrecklich und furchtbar; sein Recht und sein Ansehen gehen von ihm selber aus.",
          "words": []
        },
        {
          "id": 8,
          "number": 8,
          "text": "Schneller als Pardel sind seine Rosse und grimmiger als Wölfe am Abend; seine Reiter kommen im Galopp daher, von fernher kommen die Reiter; sie fliegen daher wie ein Adler, der zum Fraße eilt.",
          "words": []
        },
        {
          "id": 9,
          "number": 9,
          "text": "Nur auf Gewalttaten geht es aus, sein Angesicht ist stracks nach vorn gerichtet, und es bringt Gefangene ein wie Sand.",
          "words": []
        },
        {
          "id": 10,
          "number": 10,
          "text": "Es spottet der Könige, und Fürsten sind ihm ein Spaß; es lacht aller Festungen, schüttet Erde auf und erobert sie.",
          "words": []
        },
        {
          "id": 11,
          "number": 11,
          "text": "Dann gewinnt es neuen Mut, geht zu weit und versündigt sich; denn diese seine Kraft macht es zu seinem Gott.",
          "words": []
        },
        {
          "id": 12,
          "number": 12,
          "text": "Bist du, o HERR, nicht von Anfang an mein Gott, mein Heiliger? Wir werden nicht sterben. HERR, zum Gericht hast du ihn bestellt, und zur Strafe hast du, o Fels, ihn verordnet.",
          "words": []
        },
        {
          "id": 13,
          "number": 13,
          "text": "Deine Augen sind so rein, daß sie das Böse nicht sehen können; du kannst dem Jammer nicht zuschauen. Warum siehst du denn den Frevlern schweigend zu, während der Gottlose den verschlingt, der gerechter ist als er?",
          "words": []
        },
        {
          "id": 14,
          "number": 14,
          "text": "Du lässest die Menschen so behandeln wie die Fische im Meer, wie Gewürm, das keinen Herrscher hat.",
          "words": []
        },
        {
          "id": 15,
          "number": 15,
          "text": "Er fischt sie alle mit der Angel heraus, fängt sie mit seinem Netz und sammelt sie in sein Garn; darüber freut er sich und frohlockt.",
          "words": []
        },
        {
          "id": 16,
          "number": 16,
          "text": "Darum opfert er auch seinem Netz und räuchert seinem Garn; denn ihnen verdankt er seine fetten Bissen und seine kräftige Nahrung.",
          "words": []
        },
        {
          "id": 17,
          "number": 17,
          "text": "Sollte er aber darum sein Netz beständig auswerfen und ohne Erbarmen Völker erwürgen?",
          "words": []
        }
      ]
    },
    {
      "id": 2,
      "verses": [
        {
          "id": 1,
          "number": 1,
          "text": "Auf meine Warte will ich treten und mich stellen auf den Turm, damit ich erspähe und sehe, was er mir sagen wird und was für eine Antwort ich auf meine Klage bekommen werde.",
          "words": []
        },
        {
          "id": 2,
          "number": 2,
          "text": "Da antwortete mir der HERR und sprach: Schreibe das Gesicht nieder und grabe es auf Tafeln, damit man es geläufig lesen kann!",
          "words": []
        },
        {
          "id": 3,
          "number": 3,
          "text": "Denn das Gesicht gilt noch für die bestimmte Zeit und eilt dem Ende zu und wird nicht trügen; wenn es verzieht, so harre seiner, denn es wird gewiß kommen und sich nicht verspäten.",
          "words": []
        },
        {
          "id": 4,
          "number": 4,
          "text": "Siehe, der Aufgeblasene, unaufrichtig ist seine Seele in ihm; aber der Gerechte wird durch seinen Glauben leben.",
          "words": []
        },
        {
          "id": 5,
          "number": 5,
          "text": "Und dazu kommt noch der tückische Wein. Der Mann wird übermütig und bleibt nicht ruhig; er wird so begehrlich wie der Scheol und unersättlich wie der Tod, daß er alle Völker zu sich sammeln und alle Nationen an sich ziehen will.",
          "words": []
        },
        {
          "id": 6,
          "number": 6,
          "text": "Werden nicht diese alle einen Spruch über ihn machen und ein Spottlied in Rätseln auf ihn dichten? Man wird sagen: Wehe dem, der sich bereichert mit fremdem Gut (wie lange noch?), der sich mit Pfandgut beschwert!",
          "words": []
        },
        {
          "id": 7,
          "number": 7,
          "text": "Werden nicht plötzlich aufstehen, die dich betreiben werden, und aufwachen, die dich peinigen werden, so daß du ihnen zur Beute wirst?",
          "words": []
        },
        {
          "id": 8,
          "number": 8,
          "text": "Denn wie du viele Völker geplündert hast, so sollen alle übriggebliebenen Völker dich plündern wegen des vergossenen Menschenblutes und der Vergewaltigung des Landes, der Stadt und aller ihrer Bewohner!",
          "words": []
        },
        {
          "id": 9,
          "number": 9,
          "text": "Wehe dem, der nach bösem Gewinn trachtet für sein Haus, um dann sein Nest in der Höhe anzulegen und sicher zu sein vor der Hand des Bösewichts!",
          "words": []
        },
        {
          "id": 10,
          "number": 10,
          "text": "Du hast beschlossen, was deinem Haus zur Schande gereicht, die Vertilgung vieler Völker, und durch deine Sünden hast du deine Seele verwirkt.",
          "words": []
        },
        {
          "id": 11,
          "number": 11,
          "text": "Ja, der Stein wird aus der Mauer heraus schreien und die Sparre im Holzwerk ihm antworten.",
          "words": []
        },
        {
          "id": 12,
          "number": 12,
          "text": "Wehe dem, der die Stadt mit Blut baut und die Burg mit Ungerechtigkeit befestigt!",
          "words": []
        },
        {
          "id": 13,
          "number": 13,
          "text": "Siehe, kommt es nicht vom HERRN der Heerscharen, daß Völker fürs Feuer arbeiten und Nationen für nichts sich abmühen?",
          "words": []
        },
        {
          "id": 14,
          "number": 14,
          "text": "Denn die Erde wird voll werden der Erkenntnis der Herrlichkeit des HERRN, gleichwie die Wasser den Meeresgrund bedecken.",
          "words": []
        },
        {
          "id": 15,
          "number": 15,
          "text": "Wehe dem, der seinem Nächsten zu trinken gibt aus dem Becher seines Grimms und ihn sogar trunken macht, damit er seine Blöße sehe!",
          "words": []
        },
        {
          "id": 16,
          "number": 16,
          "text": "Du hast dich von Schande gesättigt, statt von Ehre; so trinke auch du und entblöße dich. Die Reihe wird auch an dich kommen, den Becher zu nehmen aus der rechten Hand des HERRN, und Schande wird fallen auf deine Herrlichkeit.",
          "words": []
        },
        {
          "id": 17,
          "number": 17,
          "text": "Denn der Frevel am Libanon wird auf dir lasten, und die Verheerung der wilden Tiere wird dich schrecken, um des vergossenen Menschenblutes willen und wegen der Vergewaltigung des Landes, der Stadt und aller ihrer Bewohner.",
          "words": []
        },
        {
          "id": 18,
          "number": 18,
          "text": "Was nützt ein gemeißeltes Bild, daß der Bildhauer es geschaffen hat, ein gegossenes Bild und ein Lügenlehrer dazu? Denn der es gemacht hat, vertraut auf sein eigenes Machwerk, so daß er stumme Götzen verfertigt.",
          "words": []
        },
        {
          "id": 19,
          "number": 19,
          "text": "Wehe dem, der zum Holz spricht: «Wache auf!» und zum stummen Stein: «Stehe auf!» Kann er lehren? Siehe, er ist in Gold und Silber gefaßt, und es ist gar kein Geist in ihm!",
          "words": []
        },
        {
          "id": 20,
          "number": 20,
          "text": "Aber der HERR ist in seinem heiligen Tempel, stille sei vor ihm alle Welt!",
          "words": []
        }
      ]
    },
    {
      "id": 3,
      "verses": [
        {
          "id": 1,
          "number": 1,
          "text": "Ein Gebet des Propheten Habakuk, nach Art einer Ode.",
          "words": []
        },
        {
          "id": 2,
          "number": 2,
          "text": "O HERR, ich habe die Kunde von dir vernommen, ich bin erschrocken. O HERR, belebe dein Werk inmitten der Jahre! Inmitten der Jahre tue dich kund! Im Zorn sei eingedenk deiner Barmherzigkeit!",
          "words": []
        },
        {
          "id": 3,
          "number": 3,
          "text": "Gott kommt von Teman her und der Heilige vom Berge Paran (Pause). Seine Pracht bedeckt den Himmel, und seines Lobes ist die Erde voll.",
          "words": []
        },
        {
          "id": 4,
          "number": 4,
          "text": "Ein Glanz entsteht, wie Licht; Strahlen gehen aus seiner Hand hervor, und daselbst ist seine Kraft verborgen.",
          "words": []
        },
        {
          "id": 5,
          "number": 5,
          "text": "Vor ihm her geht die Pestilenz, und die Seuche folgt ihm auf dem Fuße.",
          "words": []
        },
        {
          "id": 6,
          "number": 6,
          "text": "Bleibt er stehen, so erbebt die Erde, sieht er die Völker an, so schrecken sie auf, und die uralten Berge zerstieben, es sinken die ewigen Hügel; er wandelt ewige Pfade.",
          "words": []
        },
        {
          "id": 7,
          "number": 7,
          "text": "In Nöten sehe ich die Hütten Kuschans, es zittern die Zelte des Landes Midian.",
          "words": []
        },
        {
          "id": 8,
          "number": 8,
          "text": "Ist der HERR über die Ströme ergrimmt? Ergießt sich dein Zorn über die Flüsse, dein Grimm über das Meer, daß du auf deinen Rossen reitest, auf deinen Wagen des Heils?",
          "words": []
        },
        {
          "id": 9,
          "number": 9,
          "text": "Bloß, enthüllt ist dein Bogen; deine Eide sind die Pfeile, gemäß deinem Wort (Pause). Durch Ströme zerteilst du das Land.",
          "words": []
        },
        {
          "id": 10,
          "number": 10,
          "text": "Wenn die Berge dich sehen, erzittern sie; die Wasserfluten wogen einher, der Ozean läßt seine Stimme hören, hoch gehen seine Wellen.",
          "words": []
        },
        {
          "id": 11,
          "number": 11,
          "text": "Sonne und Mond bleiben in ihrer Wohnung beim Leuchten deiner fliegenden Pfeile, beim Glanz deines blitzenden Speers.",
          "words": []
        },
        {
          "id": 12,
          "number": 12,
          "text": "Im Grimm schreitest du über die Erde, im Zorn zerdrischest du die Heiden.",
          "words": []
        },
        {
          "id": 13,
          "number": 13,
          "text": "Du ziehst aus zum Heil deines Volkes, zum Heil deines Gesalbten; du zerschmetterst das Haupt von dem Hause des Gottlosen, entblößest den Grund bis an den Hals (Pause).",
          "words": []
        },
        {
          "id": 14,
          "number": 14,
          "text": "Du durchbohrst mit ihren eigenen Speeren das Haupt seiner Horden; sie stürmten einher, um mich in die Flucht zu schlagen, und erhoben ihr Freudengeschrei, als wollten sie den Elenden im Verborgenen verzehren.",
          "words": []
        },
        {
          "id": 15,
          "number": 15,
          "text": "Du betrittst das Meer mit deinen Rossen, die schäumenden Wassermassen.",
          "words": []
        },
        {
          "id": 16,
          "number": 16,
          "text": "Als ich das hörte, erzitterte mein Leib; ob dieser Stimme erbebten meine Lippen; Fäulnis drang in mein Gebein, und meine Füße zitterten, denn sollte ich ruhig sein können am Tage der Not, da gegen das Volk heranzieht, der es angreifen will?",
          "words": []
        },
        {
          "id": 17,
          "number": 17,
          "text": "Denn der Feigenbaum wird nicht ausschlagen und der Weinstock keinen Ertrag abwerfen; die Frucht des Ölbaums wird trügen, und die Äcker werden keine Nahrung liefern; die Schafe werden aus den Hürden verschwinden und kein Rind mehr in den Ställen sein.",
          "words": []
        },
        {
          "id": 18,
          "number": 18,
          "text": "Ich aber will mich im HERRN freuen und frohlocken über den Gott meines Heils!",
          "words": []
        },
        {
          "id": 19,
          "number": 19,
          "text": "Der HERR, der Herr, ist meine Kraft; er hat meine Füße denen der Hindinnen gleich gemacht und wird mich auf meine Höhen treten lassen! Dem Vorsteher, auf meinem Saiteninstrument.",
          "words": []
        }
      ]
    }
  ]
}