{
  "id": 37,
  "name": "Haggai",
  "chapters": [
    {
      "id": 1,
      "verses": [
        {
          "id": 1,
          "number": 1,
          "text": "Im zweiten Jahre des Königs Darius, am ersten Tage des sechsten Monats, erging das Wort des HERRN durch den Propheten Haggai an Serubbabel, den Sohn Sealtiels, den Statthalter von Juda, und an Josua, den Sohn Jozadaks, den Hohenpriester, also:",
          "words": []
        },
        {
          "id": 2,
          "number": 2,
          "text": "So spricht der HERR der Heerscharen: Dies Volk sagt: «Die Zeit ist noch nicht gekommen, daß das Haus des HERRN gebaut werde!»",
          "words": []
        },
        {
          "id": 3,
          "number": 3,
          "text": "Da erging das Wort des HERRN durch den Propheten Haggai also:",
          "words": []
        },
        {
          "id": 4,
          "number": 4,
          "text": "Ist es aber für euch an der Zeit, in euren getäfelten Häusern zu wohnen, während dieses Haus in Trümmern liegt?",
          "words": []
        },
        {
          "id": 5,
          "number": 5,
          "text": "Und nun spricht der HERR der Heerscharen also: Achtet auf eure Wege!",
          "words": []
        },
        {
          "id": 6,
          "number": 6,
          "text": "Ihr säet viel und bringet wenig ein; ihr esset und werdet doch nicht satt; ihr trinket und habt doch nicht genug; ihr kleidet euch und werdet doch nicht warm; und wer einen Lohn verdient, der legt ihn in einen durchlöcherten Beutel!",
          "words": []
        },
        {
          "id": 7,
          "number": 7,
          "text": "So spricht der HERR der Heerscharen: Achtet genau auf eure Wege!",
          "words": []
        },
        {
          "id": 8,
          "number": 8,
          "text": "Geht auf den Berg und holet Holz und bauet das Haus! Das wird mir gefallen und mir zur Ehre gereichen, spricht der HERR.",
          "words": []
        },
        {
          "id": 9,
          "number": 9,
          "text": "Ihr erwartet viel, aber es ward wenig daraus; und brachtet ihr es heim, so blies ich es weg! Warum das? So spricht der HERR der Heerscharen: Um meines Hauses willen, das wüste liegt, während jeder von euch seinem Hause zuläuft!",
          "words": []
        },
        {
          "id": 10,
          "number": 10,
          "text": "Darum hat der Himmel über euch seinen Tau zurückgehalten und die Erde ihren Ertrag.",
          "words": []
        },
        {
          "id": 11,
          "number": 11,
          "text": "Und ich habe die Dürre gerufen ins Land und über die Berge, über Korn, Most und Öl und über alles, was der Erdboden hervorbringt, auch über Menschen und Vieh und über alle Arbeit der Hände.",
          "words": []
        },
        {
          "id": 12,
          "number": 12,
          "text": "Da horchten Serubbabel, der Sohn Sealtiels, und Josua, der Sohn Jozadaks, der Hohepriester, und alles übrige Volk auf die Stimme des HERRN, ihres Gottes, und auf die Worte des Propheten Haggai, weil der HERR, ihr Gott, ihn gesandt hatte, und das Volk fürchtete sich vor dem HERRN.",
          "words": []
        },
        {
          "id": 13,
          "number": 13,
          "text": "Da sprach Haggai, der Bote des HERRN, im Auftrage des HERRN zum Volk: Ich bin mit euch! spricht der HERR.",
          "words": []
        },
        {
          "id": 14,
          "number": 14,
          "text": "Und der HERR erweckte den Geist Serubbabels, des Sohnes Sealtiels, des Statthalters von Juda, und den Geist Josuas, des Sohnes Jozadaks, des Hohenpriesters, auch den Geist des ganzen übrigen Volkes, daß sie kamen und ihre Arbeit am Hause des HERRN der Heerscharen, ihres Gottes, in Angriff nahmen",
          "words": []
        },
        {
          "id": 15,
          "number": 15,
          "text": "am vierundzwanzigsten Tage des sechsten Monats, im zweiten Jahre des Königs Darius.",
          "words": []
        }
      ]
    },
    {
      "id": 2,
      "verses": [
        {
          "id": 1,
          "number": 1,
          "text": "Am einundzwanzigsten Tage des siebenten Monats erging das Wort des HERRN durch den Propheten Haggai also:",
          "words": []
        },
        {
          "id": 2,
          "number": 2,
          "text": "Sage doch zu Serubbabel, dem Sohne Sealtiels, dem Statthalter von Juda, und zu Josua, dem Sohne Jozadaks, dem Hohenpriester, und zu dem übrigen Volk und sprich:",
          "words": []
        },
        {
          "id": 3,
          "number": 3,
          "text": "Wer ist unter euch übriggeblieben, der dies Haus in seiner frühern Herrlichkeit gesehen hat? Und wie sehet ihr es jetzt? Ist es nicht so viel wie nichts in euren Augen?",
          "words": []
        },
        {
          "id": 4,
          "number": 4,
          "text": "Aber nun sei stark, Serubbabel, spricht der HERR; auch du Josua, sei stark, du Sohn Jozadaks, du Hoherpriester, und alles Volk des Landes, seid stark, spricht der HERR, und arbeitet! Denn ich bin mit euch, spricht der HERR der Heerscharen.",
          "words": []
        },
        {
          "id": 5,
          "number": 5,
          "text": "Das Wort, gemäß welchem ich mit euch einen Bund gemacht habe, als ihr aus Ägypten zoget, soll bestehen, und mein Geist bleibt in eurer Mitte; fürchtet euch nicht!",
          "words": []
        },
        {
          "id": 6,
          "number": 6,
          "text": "Denn also spricht der HERR der Heerscharen: Noch einen kleinen Augenblick, und ich erschüttere den Himmel und die Erde, das Meer und das Trockene;",
          "words": []
        },
        {
          "id": 7,
          "number": 7,
          "text": "und ich will auch alle Nationen erschüttern, und es werden die Kostbarkeiten aller Nationen kommen, und ich will dieses Haus mit Herrlichkeit erfüllen, spricht der HERR der Heerscharen.",
          "words": []
        },
        {
          "id": 8,
          "number": 8,
          "text": "Mein ist das Silber, und mein ist das Gold, spricht der HERR der Heerscharen.",
          "words": []
        },
        {
          "id": 9,
          "number": 9,
          "text": "Es soll die Herrlichkeit dieses letzten Hauses größer werden, als die des ersten war, spricht der HERR der Heerscharen; und an diesem Orte will ich Frieden geben, spricht der HERR der Heerscharen.",
          "words": []
        },
        {
          "id": 10,
          "number": 10,
          "text": "AM vierundzwanzigsten Tage des neunten Monats, im zweiten Jahre des Darius, erging das Wort des HERRN durch den Propheten Haggai also:",
          "words": []
        },
        {
          "id": 11,
          "number": 11,
          "text": "So spricht der HERR der Heerscharen: Frage doch die Priester über das Gesetz und sprich:",
          "words": []
        },
        {
          "id": 12,
          "number": 12,
          "text": "Wenn jemand heiliges Fleisch im Zipfel seines Kleides trägt und mit seinem Zipfel Brot oder ein Gericht oder Wein oder Öl oder irgend eine Speise berührt, wird dieses dadurch heilig? Die Priester antworteten und sprachen: Nein!",
          "words": []
        },
        {
          "id": 13,
          "number": 13,
          "text": "Da sprach Haggai: Wenn aber jemand, der sich an einer Leiche verunreinigt hat, eines von diesen Dingen anrührt, wird es dadurch unrein? Die Priester antworteten: Es wird unrein!",
          "words": []
        },
        {
          "id": 14,
          "number": 14,
          "text": "Da antwortete Haggai und sprach: Ebenso ist auch dieses Volk und diese Nation vor mir, spricht der HERR; so ist jedes Werk ihrer Hände und was sie daselbst opfern: unrein ist es!",
          "words": []
        },
        {
          "id": 15,
          "number": 15,
          "text": "Und nun, beachtet doch, wie es euch ergangen ist vor diesem Tage und früher, ehe man Stein auf Stein legte am Tempel des HERRN!",
          "words": []
        },
        {
          "id": 16,
          "number": 16,
          "text": "Bevor dies geschah, kam man zum Kornhaufen von zwanzig Scheffeln, so waren es nur zehn; kam man zur Kufe, um fünfzig Eimer zu schöpfen, so waren es bloß zwanzig!",
          "words": []
        },
        {
          "id": 17,
          "number": 17,
          "text": "Ich schlug euch mit Getreidebrand und mit Vergilben und Hagel alles Werk eurer Hände; dennoch seid ihr nicht umgekehrt zu mir, spricht der HERR.",
          "words": []
        },
        {
          "id": 18,
          "number": 18,
          "text": "Gebt nun acht von diesem Tage an und weiterhin, vom vierundzwanzigsten Tage des neunten Monats an, von dem Tage an, da der Tempel des HERRN gegründet worden ist, merket auf!",
          "words": []
        },
        {
          "id": 19,
          "number": 19,
          "text": "Ist etwa der Same noch im Speicher? So hat auch der Weinstock, der Feigen, Granatäpfel und Olivenbaum noch nichts getragen; aber von diesem Tage an will ich segnen!",
          "words": []
        },
        {
          "id": 20,
          "number": 20,
          "text": "Und das Wort des HERRN erging zum zweitenmal an Haggai am vierundzwanzigsten Tage des Monats also:",
          "words": []
        },
        {
          "id": 21,
          "number": 21,
          "text": "Sage zu Serubbabel, dem Statthalter von Juda: Ich erschüttere den Himmel und die Erde",
          "words": []
        },
        {
          "id": 22,
          "number": 22,
          "text": "und will Königsthrone umstoßen und die Macht der heidnischen Königreiche zertrümmern, und ich will die Kriegswagen umstoßen samt ihren Reitern, daß Roß und Mann zu Boden sinken und ein jeder umkomme durch das Schwert des andern.",
          "words": []
        },
        {
          "id": 23,
          "number": 23,
          "text": "An jenem Tage, spricht der HERR der Heerscharen, will ich dich, Serubbabel, Sohn Sealtiels, meinen Knecht, nehmen und dich anstecken wie einen Siegelring; denn dich habe ich erwählt, spricht der HERR der Heerscharen!",
          "words": []
        }
      ]
    }
  ]
}