{
  "id": 58,
  "name": "Hebrews",
  "chapters": [
    {
      "id": 1,
      "verses": [
        {
          "id": 1,
          "number": 1,
          "text": "Nachdem Gott vor Zeiten manchmal und auf mancherlei Weise zu den Vätern geredet hat durch die Propheten, hat er zuletzt in diesen Tagen zu uns geredet durch den Sohn,",
          "words": []
        },
        {
          "id": 2,
          "number": 2,
          "text": "welchen er zum Erben von allem eingesetzt, durch welchen er auch die Weltzeiten gemacht hat;",
          "words": []
        },
        {
          "id": 3,
          "number": 3,
          "text": "welcher, da er die Ausstrahlung seiner Herrlichkeit und der Ausdruck seines Wesens ist und alle Dinge trägt mit dem Wort seiner Kraft, und nachdem er die Reinigung unserer Sünden durch sich selbst vollbracht, sich zur Rechten der Majestät in der Höhe gesetzt hat",
          "words": []
        },
        {
          "id": 4,
          "number": 4,
          "text": "und um so viel mächtiger geworden ist als die Engel, als der Name, den er ererbt hat, ihn vor ihnen auszeichnet.",
          "words": []
        },
        {
          "id": 5,
          "number": 5,
          "text": "Denn zu welchem von den Engeln hat er jemals gesagt: «Du bist mein Sohn; heute habe ich dich gezeugt»? Und wiederum: «Ich werde sein Vater sein, und er wird mein Sohn sein»?",
          "words": []
        },
        {
          "id": 6,
          "number": 6,
          "text": "Und wie er den Erstgeborenen wiederum in die Welt einführt, spricht er: «Und es sollen ihn alle Engel Gottes anbeten!»",
          "words": []
        },
        {
          "id": 7,
          "number": 7,
          "text": "Von den Engeln zwar heißt es: «Er macht seine Engel zu Winden und seine Diener zu Feuerflammen»;",
          "words": []
        },
        {
          "id": 8,
          "number": 8,
          "text": "aber von dem Sohn: «Dein Thron, o Gott, währt von Ewigkeit zu Ewigkeit. Das Zepter deines Reiches ist ein gerades Zepter;",
          "words": []
        },
        {
          "id": 9,
          "number": 9,
          "text": "du hast Gerechtigkeit geliebt und Ungerechtigkeit gehaßt, darum hat dich, Gott, dein Gott mit Freudenöl gesalbt, mehr als deine Genossen!»",
          "words": []
        },
        {
          "id": 10,
          "number": 10,
          "text": "Und: «Du, Herr, hast im Anfang die Erde gegründet, und die Himmel sind deiner Hände Werk.",
          "words": []
        },
        {
          "id": 11,
          "number": 11,
          "text": "Sie werden vergehen, du aber bleibst; sie werden alle veralten wie ein Kleid,",
          "words": []
        },
        {
          "id": 12,
          "number": 12,
          "text": "und wie einen Mantel wirst du sie zusammenrollen, und sie sollen verwandelt werden. Du aber bleibst, der du bist, und deine Jahre nehmen kein Ende.»",
          "words": []
        },
        {
          "id": 13,
          "number": 13,
          "text": "Zu welchem von den Engeln aber hat er jemals gesagt: «Setze dich zu meiner Rechten, bis ich deine Feinde hinlege als Schemel deiner Füße»?",
          "words": []
        },
        {
          "id": 14,
          "number": 14,
          "text": "Sind sie nicht allzumal dienstbare Geister, ausgesandt zum Dienste um derer willen, welche das Heil ererben sollen?",
          "words": []
        }
      ]
    },
    {
      "id": 2,
      "verses": [
        {
          "id": 1,
          "number": 1,
          "text": "Darum sollen wir desto mehr auf das achten, was wir gehört haben, damit wir nicht etwa daran vorbeigleiten.",
          "words": []
        },
        {
          "id": 2,
          "number": 2,
          "text": "Denn wenn das durch Engel gesprochene Wort zuverlässig war und jede Übertretung und jeder Ungehorsam den gerechten Lohn empfing,",
          "words": []
        },
        {
          "id": 3,
          "number": 3,
          "text": "wie wollen wir entfliehen, wenn wir ein so großes Heil versäumen, welches zuerst durch den Herrn gepredigt wurde und dann von denen, die ihn gehört hatten, uns bestätigt worden ist?",
          "words": []
        },
        {
          "id": 4,
          "number": 4,
          "text": "Und Gott gab sein Zeugnis dazu mit Zeichen und Wundern und mancherlei Kraftwirkungen und Austeilungen des heiligen Geistes nach seinem Willen.",
          "words": []
        },
        {
          "id": 5,
          "number": 5,
          "text": "Denn nicht Engeln hat er die zukünftige Welt, von der wir reden, unterstellt.",
          "words": []
        },
        {
          "id": 6,
          "number": 6,
          "text": "Es bezeugt aber einer irgendwo und spricht: «Was ist der Mensch, daß du seiner gedenkst, oder des Menschen Sohn, daß du zu ihm siehst?",
          "words": []
        },
        {
          "id": 7,
          "number": 7,
          "text": "Du hast ihn ein wenig niedriger gemacht als die Engel, mit Herrlichkeit und Ehre hast du ihn gekrönt; alles hast du unter seine Füße getan.»",
          "words": []
        },
        {
          "id": 8,
          "number": 8,
          "text": "Indem er ihm aber alles unterwarf, ließ er ihm nichts ununterworfen; jetzt aber sehen wir, daß ihm noch nicht alles unterworfen ist;",
          "words": []
        },
        {
          "id": 9,
          "number": 9,
          "text": "den aber, der ein wenig unter die Engel erniedrigt worden ist, Jesus, sehen wir wegen des Todesleidens mit Herrlichkeit und Ehre gekrönt, damit er durch Gottes Gnade für jedermann den Tod schmeckte.",
          "words": []
        },
        {
          "id": 10,
          "number": 10,
          "text": "Denn es ziemte dem, um dessentwillen alles und durch den alles ist, als er viele Kinder zur Herrlichkeit führte, den Anführer ihres Heils durch Leiden zu vollenden.",
          "words": []
        },
        {
          "id": 11,
          "number": 11,
          "text": "Denn sowohl der, welcher heiligt, als auch die, welche geheiligt werden, stammen alle von einem ab.",
          "words": []
        },
        {
          "id": 12,
          "number": 12,
          "text": "Aus diesem Grunde schämt er sich auch nicht, sie Brüder zu nennen, sondern spricht: «Ich will deinen Namen meinen Brüdern verkündigen; inmitten der Gemeinde will ich dir lobsingen!»",
          "words": []
        },
        {
          "id": 13,
          "number": 13,
          "text": "Und wiederum: «Ich will mein Vertrauen auf ihn setzen»; und wiederum: «Siehe, ich und die Kinder, die mir Gott gegeben hat.»",
          "words": []
        },
        {
          "id": 14,
          "number": 14,
          "text": "Da nun die Kinder Fleisch und Blut gemeinsam haben, ist er in ähnlicher Weise dessen teilhaftig geworden, damit er durch den Tod den außer Wirksamkeit setzte, der des Todes Gewalt hat, nämlich den Teufel,",
          "words": []
        },
        {
          "id": 15,
          "number": 15,
          "text": "und alle diejenigen befreite, welche durch Todesfurcht ihr ganzes Leben hindurch in Knechtschaft gehalten wurden.",
          "words": []
        },
        {
          "id": 16,
          "number": 16,
          "text": "Denn er nimmt sich ja nicht der Engel an, sondern des Samens Abrahams nimmt er sich an.",
          "words": []
        },
        {
          "id": 17,
          "number": 17,
          "text": "Daher mußte er in allem den Brüdern ähnlich werden, damit er barmherzig würde und ein treuer Hoherpriester vor Gott, um die Sünden des Volkes zu sühnen;",
          "words": []
        },
        {
          "id": 18,
          "number": 18,
          "text": "denn worin er selbst gelitten hat, als er versucht wurde, kann er denen helfen, die versucht werden.",
          "words": []
        }
      ]
    },
    {
      "id": 3,
      "verses": [
        {
          "id": 1,
          "number": 1,
          "text": "Daher, ihr heiligen Brüder, Genossen einer himmlischen Berufung, betrachtet den Apostel und Hohenpriester unsres Bekenntnisses, Jesus,",
          "words": []
        },
        {
          "id": 2,
          "number": 2,
          "text": "welcher treu ist dem, der ihn gemacht hat, wie auch Mose, in seinem ganzen Hause.",
          "words": []
        },
        {
          "id": 3,
          "number": 3,
          "text": "Denn dieser ist größerer Ehre wertgeachtet worden als Mose, wie ja doch der, welcher ein Haus bereitet hat, mehr Ehre verdient als das Haus selbst.",
          "words": []
        },
        {
          "id": 4,
          "number": 4,
          "text": "Denn jedes Haus wird von jemand bereitet; der aber alles bereitet hat, ist Gott.",
          "words": []
        },
        {
          "id": 5,
          "number": 5,
          "text": "Auch Mose zwar ist treu gewesen in seinem ganzen Hause als Diener, zum Zeugnis dessen, was gesagt werden sollte,",
          "words": []
        },
        {
          "id": 6,
          "number": 6,
          "text": "Christus aber als Sohn über sein eigenes Haus; sein Haus sind wir, wenn wir die Freimütigkeit und den Ruhm der Hoffnung bis zum Ende fest behalten.",
          "words": []
        },
        {
          "id": 7,
          "number": 7,
          "text": "Darum, wie der heilige Geist spricht: «Heute, wenn ihr seine Stimme hören werdet, so verstocket eure Herzen nicht,",
          "words": []
        },
        {
          "id": 8,
          "number": 8,
          "text": "wie in der Verbitterung am Tage der Versuchung in der Wüste, da mich eure Väter versuchten;",
          "words": []
        },
        {
          "id": 9,
          "number": 9,
          "text": "sie prüften mich und sahen meine Werke vierzig Jahre lang.",
          "words": []
        },
        {
          "id": 10,
          "number": 10,
          "text": "Darum ward ich entrüstet über dieses Geschlecht und sprach: Immerdar irren sie mit ihrem Herzen!",
          "words": []
        },
        {
          "id": 11,
          "number": 11,
          "text": "Sie aber erkannten meine Wege nicht, so daß ich schwur in meinem Zorn: Sie sollen nicht eingehen in meine Ruhe!»",
          "words": []
        },
        {
          "id": 12,
          "number": 12,
          "text": "Sehet zu, ihr Brüder, daß nicht jemand von euch ein böses, ungläubiges Herz habe, im Abfall begriffen von dem lebendigen Gott;",
          "words": []
        },
        {
          "id": 13,
          "number": 13,
          "text": "sondern ermahnet einander jeden Tag, solange es «heute» heißt, damit nicht jemand unter euch verstockt werde durch Betrug der Sünde!",
          "words": []
        },
        {
          "id": 14,
          "number": 14,
          "text": "Denn wir sind Christi Genossen geworden, wenn wir die anfängliche Zuversicht bis ans Ende festbehalten,",
          "words": []
        },
        {
          "id": 15,
          "number": 15,
          "text": "solange gesagt wird: «Heute, wenn ihr seine Stimme hören werdet, so verstocket eure Herzen nicht, wie in der Verbitterung.»",
          "words": []
        },
        {
          "id": 16,
          "number": 16,
          "text": "Welche wurden denn verbittert, als sie es hörten? Waren es denn nicht alle, die unter Mose aus Ägypten ausgezogen waren?",
          "words": []
        },
        {
          "id": 17,
          "number": 17,
          "text": "Welchen zürnte er aber vierzig Jahre lang? Waren es nicht die, welche gesündigt hatten, deren Leiber in der Wüste fielen?",
          "words": []
        },
        {
          "id": 18,
          "number": 18,
          "text": "Welchen schwur er aber, daß sie nicht in seine Ruhe eingehen sollten, als nur denen, die ungehorsam gewesen waren?",
          "words": []
        },
        {
          "id": 19,
          "number": 19,
          "text": "Und wir sehen, daß sie nicht eingehen konnten wegen des Unglaubens.",
          "words": []
        }
      ]
    },
    {
      "id": 4,
      "verses": [
        {
          "id": 1,
          "number": 1,
          "text": "So laßt uns nun fürchten, daß nicht etwa, während doch eine Verheißung zum Eingang in seine Ruhe hinterlassen ist, jemand von euch als zu spät gekommen erscheine!",
          "words": []
        },
        {
          "id": 2,
          "number": 2,
          "text": "Denn auch uns ist die gute Botschaft verkündigt worden, gleichwie jenen; aber das Wort der Predigt half jenen nicht, weil es durch die Hörer nicht mit dem Glauben verbunden wurde.",
          "words": []
        },
        {
          "id": 3,
          "number": 3,
          "text": "Denn wir, die wir gläubig geworden sind, gehen in die Ruhe ein, wie er gesagt hat: «Daß ich schwur in meinem Zorn, sie sollen nicht in meine Ruhe eingehen».",
          "words": []
        },
        {
          "id": 4,
          "number": 4,
          "text": "Und doch waren die Werke seit Grundlegung der Welt beendigt; denn er hat irgendwo von dem siebenten Tag also gesprochen: «Und Gott ruhte am siebenten Tag von allen seinen Werken»,",
          "words": []
        },
        {
          "id": 5,
          "number": 5,
          "text": "und in dieser Stelle wiederum: «Sie sollen nicht in meine Ruhe eingehen!»",
          "words": []
        },
        {
          "id": 6,
          "number": 6,
          "text": "Da nun noch vorbehalten bleibt, daß etliche in sie eingehen sollen, und die, welchen zuerst die gute Botschaft verkündigt worden ist, wegen ihres Ungehorsams nicht eingegangen sind,",
          "words": []
        },
        {
          "id": 7,
          "number": 7,
          "text": "so bestimmt er wiederum einen Tag, ein «Heute», indem er nach so langer Zeit durch David sagt, wie schon angeführt: «Heute, wenn ihr seine Stimme hören werdet, so verstocket eure Herzen nicht!»",
          "words": []
        },
        {
          "id": 8,
          "number": 8,
          "text": "Denn hätte Josua sie zur Ruhe gebracht, so würde nicht hernach von einem anderen Tage gesprochen.",
          "words": []
        },
        {
          "id": 9,
          "number": 9,
          "text": "Also bleibt dem Volke Gottes noch eine Sabbatruhe vorbehalten;",
          "words": []
        },
        {
          "id": 10,
          "number": 10,
          "text": "denn wer in seine Ruhe eingegangen ist, der ruht auch selbst von seinen Werken, gleichwie Gott von den seinigen.",
          "words": []
        },
        {
          "id": 11,
          "number": 11,
          "text": "So wollen wir uns denn befleißigen, in jene Ruhe einzugehen, damit nicht jemand als gleiches Beispiel des Unglaubens zu Fall komme.",
          "words": []
        },
        {
          "id": 12,
          "number": 12,
          "text": "Denn das Wort Gottes ist lebendig und wirksam und schärfer als jedes zweischneidige Schwert, und es dringt durch, bis es scheidet Seele und Geist, auch Mark und Bein, und ist ein Richter der Gedanken und Gesinnungen des Herzens;",
          "words": []
        },
        {
          "id": 13,
          "number": 13,
          "text": "und keine Kreatur ist vor ihm unsichtbar, es ist aber alles bloß und aufgedeckt vor den Augen dessen, welchem wir Rechenschaft zu geben haben.",
          "words": []
        },
        {
          "id": 14,
          "number": 14,
          "text": "Da wir nun einen großen Hohenpriester haben, der die Himmel durchschritten hat, Jesus, den Sohn Gottes, so lasset uns festhalten an dem Bekenntnis!",
          "words": []
        },
        {
          "id": 15,
          "number": 15,
          "text": "Denn wir haben nicht einen Hohenpriester, der kein Mitleid haben könnte mit unsren Schwachheiten, sondern der in allem gleich wie wir versucht worden ist, doch ohne Sünde.",
          "words": []
        },
        {
          "id": 16,
          "number": 16,
          "text": "So lasset uns nun mit Freimütigkeit hinzutreten zum Thron der Gnade, damit wir Barmherzigkeit erlangen und Gnade finden zu rechtzeitiger Hilfe!",
          "words": []
        }
      ]
    },
    {
      "id": 5,
      "verses": [
        {
          "id": 1,
          "number": 1,
          "text": "Denn jeder aus Menschen genommene Hohepriester wird für Menschen eingesetzt, zum Dienst vor Gott, um sowohl Gaben darzubringen, als auch Opfer für Sünden.",
          "words": []
        },
        {
          "id": 2,
          "number": 2,
          "text": "Ein solcher kann Nachsicht üben mit den Unwissenden und Irrenden, da er auch selbst mit Schwachheit behaftet ist;",
          "words": []
        },
        {
          "id": 3,
          "number": 3,
          "text": "und ihretwegen muß er, wie für das Volk, so auch für sich selbst, opfern für die Sünden.",
          "words": []
        },
        {
          "id": 4,
          "number": 4,
          "text": "Und keiner nimmt sich selbst die Würde, sondern er wird von Gott berufen, gleichwie Aaron.",
          "words": []
        },
        {
          "id": 5,
          "number": 5,
          "text": "So hat auch Christus sich nicht selbst die hohepriesterliche Würde beigelegt, sondern der, welcher zu ihm sprach: «Du bist mein Sohn; heute habe ich dich gezeugt.»",
          "words": []
        },
        {
          "id": 6,
          "number": 6,
          "text": "Wie er auch an anderer Stelle spricht: «Du bist ein Priester in Ewigkeit nach der Ordnung Melchisedeks.»",
          "words": []
        },
        {
          "id": 7,
          "number": 7,
          "text": "Und er hat in den Tagen seines Fleisches Bitten und Flehen mit starkem Geschrei und Tränen dem dargebracht, der ihn vom Tode retten konnte, und ist auch erhört und befreit worden von dem Zagen.",
          "words": []
        },
        {
          "id": 8,
          "number": 8,
          "text": "Und wiewohl er Sohn war, hat er doch an dem, was er litt, den Gehorsam gelernt;",
          "words": []
        },
        {
          "id": 9,
          "number": 9,
          "text": "und so zur Vollendung gelangt, ist er allen, die ihm gehorchen, der Urheber ewigen Heils geworden,",
          "words": []
        },
        {
          "id": 10,
          "number": 10,
          "text": "von Gott zubenannt: Hoherpriester «nach der Ordnung Melchisedeks».",
          "words": []
        },
        {
          "id": 11,
          "number": 11,
          "text": "Davon haben wir nun viel zu sagen, und solches, was schwer zu erklären ist, weil ihr träge geworden seid zum Hören;",
          "words": []
        },
        {
          "id": 12,
          "number": 12,
          "text": "und obschon ihr der Zeit nach Lehrer sein solltet, habt ihr wieder nötig, daß man euch gewisse Anfangsgründe der Aussprüche Gottes lehre, und seid der Milch bedürftig geworden und nicht fester Speise.",
          "words": []
        },
        {
          "id": 13,
          "number": 13,
          "text": "Denn wer noch Milch genießt, der ist unerfahren im Worte der Gerechtigkeit; denn er ist unmündig.",
          "words": []
        },
        {
          "id": 14,
          "number": 14,
          "text": "Die feste Speise aber ist für die Gereiften, deren Sinne durch Übung geschult sind zur Unterscheidung des Guten und des Bösen.",
          "words": []
        }
      ]
    },
    {
      "id": 6,
      "verses": [
        {
          "id": 1,
          "number": 1,
          "text": "Darum wollen wir jetzt die Anfangslehre von Christus verlassen und zur Vollkommenheit übergehen, nicht abermals den Grund legen mit der Buße von toten Werken und dem Glauben an Gott,",
          "words": []
        },
        {
          "id": 2,
          "number": 2,
          "text": "mit der Lehre von Taufen, von der Handauflegung, der Totenauferstehung und dem ewigen Gericht.",
          "words": []
        },
        {
          "id": 3,
          "number": 3,
          "text": "Und das wollen wir tun, wenn Gott es zuläßt.",
          "words": []
        },
        {
          "id": 4,
          "number": 4,
          "text": "Denn es ist unmöglich, die, welche einmal erleuchtet worden sind und die himmlische Gabe geschmeckt haben und des heiligen Geistes teilhaftig geworden sind",
          "words": []
        },
        {
          "id": 5,
          "number": 5,
          "text": "und das gute Wort Gottes, dazu Kräfte der zukünftigen Welt geschmeckt haben,",
          "words": []
        },
        {
          "id": 6,
          "number": 6,
          "text": "wenn sie dann abgefallen sind, wieder zu erneuern zur Buße, während sie sich selbst den Sohn Gottes wiederum kreuzigen und zum Gespött machen!",
          "words": []
        },
        {
          "id": 7,
          "number": 7,
          "text": "Denn ein Erdreich, welches den Regen trinkt, der sich öfters darüber ergießt und nützliches Gewächs hervorbringt denen, für die es bebaut wird, empfängt Segen von Gott;",
          "words": []
        },
        {
          "id": 8,
          "number": 8,
          "text": "welches aber Dornen und Disteln trägt, ist untauglich und dem Fluche nahe, es wird zuletzt verbrannt.",
          "words": []
        },
        {
          "id": 9,
          "number": 9,
          "text": "Wir sind aber überzeugt, Brüder, daß euer Zustand besser ist und dem Heile näher kommt, obgleich wir so reden.",
          "words": []
        },
        {
          "id": 10,
          "number": 10,
          "text": "Denn Gott ist nicht ungerecht, daß er eurer Arbeit und der Liebe vergäße, die ihr gegen seinen Namen bewiesen habt, indem ihr den Heiligen dientet und noch dienet.",
          "words": []
        },
        {
          "id": 11,
          "number": 11,
          "text": "Wir wünschen aber, daß jeder von euch denselben Fleiß bis ans Ende beweise, entsprechend der vollen Gewißheit der Hoffnung,",
          "words": []
        },
        {
          "id": 12,
          "number": 12,
          "text": "daß ihr ja nicht träge werdet, sondern Nachfolger derer, welche durch Glauben und Geduld die Verheißungen ererben.",
          "words": []
        },
        {
          "id": 13,
          "number": 13,
          "text": "Denn als Gott dem Abraham die Verheißung gab, schwur er, da er bei keinem Größeren schwören konnte, bei sich selbst",
          "words": []
        },
        {
          "id": 14,
          "number": 14,
          "text": "und sprach: «Wahrlich, ich will dich reichlich segnen und mächtig vermehren!»",
          "words": []
        },
        {
          "id": 15,
          "number": 15,
          "text": "Und da er sich so geduldete, erlangte er die Verheißung.",
          "words": []
        },
        {
          "id": 16,
          "number": 16,
          "text": "Menschen schwören ja bei dem Größeren, und für sie ist der Eid das Ende alles Widerspruchs und dient als Bürgschaft.",
          "words": []
        },
        {
          "id": 17,
          "number": 17,
          "text": "Darum ist Gott, als er den Erben der Verheißung in noch stärkerem Maße beweisen wollte, wie unwandelbar sein Ratschluß sei, mit einem Eid ins Mittel getreten,",
          "words": []
        },
        {
          "id": 18,
          "number": 18,
          "text": "damit wir durch zwei unwandelbare Tatsachen, bei welchen Gott unmöglich lügen konnte, einen starken Trost haben, wir, die wir unsere Zuflucht dazu nehmen, die dargebotene Hoffnung zu ergreifen,",
          "words": []
        },
        {
          "id": 19,
          "number": 19,
          "text": "und welche wir festhalten als einen sicheren und festen Anker der Seele, der auch hineinreicht ins Innere, hinter den Vorhang,",
          "words": []
        },
        {
          "id": 20,
          "number": 20,
          "text": "wohin als Vorläufer Jesus für uns eingegangen ist, nach der Ordnung Melchisedeks Hoherpriester geworden in Ewigkeit.",
          "words": []
        }
      ]
    },
    {
      "id": 7,
      "verses": [
        {
          "id": 1,
          "number": 1,
          "text": "Denn dieser Melchisedek (König zu Salem, Priester Gottes, des Allerhöchsten, der Abraham entgegenkam, als er von der Niederwerfung der Könige zurückkehrte, und ihn segnete,",
          "words": []
        },
        {
          "id": 2,
          "number": 2,
          "text": "dem auch Abraham den Zehnten von allem gab, der zunächst, wenn man seinen Namen übersetzt, «König der Gerechtigkeit» heißt, dann aber auch «König von Salem», das heißt König des Friedens,",
          "words": []
        },
        {
          "id": 3,
          "number": 3,
          "text": "ohne Vater, ohne Mutter, ohne Geschlechtsregister, der weder Anfang der Tage noch Ende des Lebens hat), der ist mit dem Sohne Gottes verglichen und bleibt Priester für immerdar.",
          "words": []
        },
        {
          "id": 4,
          "number": 4,
          "text": "Sehet aber, wie groß der ist, dem auch Abraham, der Patriarch, den Zehnten von der Beute gab!",
          "words": []
        },
        {
          "id": 5,
          "number": 5,
          "text": "Zwar haben auch diejenigen von den Söhnen Levis, welche das Priesteramt empfangen, den Auftrag, vom Volke den Zehnten zu nehmen nach dem Gesetz, also von ihren Brüdern, obschon diese aus Abrahams Lenden hervorgegangen sind;",
          "words": []
        },
        {
          "id": 6,
          "number": 6,
          "text": "der aber, der sein Geschlecht nicht von ihnen herleitet, hat von Abraham den Zehnten genommen und den gesegnet, der die Verheißungen hatte!",
          "words": []
        },
        {
          "id": 7,
          "number": 7,
          "text": "Nun ist es aber unwidersprechlich so, daß das Geringere von dem Höheren gesegnet wird;",
          "words": []
        },
        {
          "id": 8,
          "number": 8,
          "text": "und hier zwar nehmen sterbliche Menschen den Zehnten, dort aber einer, von welchem bezeugt wird, daß er lebt.",
          "words": []
        },
        {
          "id": 9,
          "number": 9,
          "text": "Und sozusagen ist durch Abraham auch für Levi, den Zehntenempfänger, der Zehnte entrichtet worden;",
          "words": []
        },
        {
          "id": 10,
          "number": 10,
          "text": "denn er war noch in der Lende des Vaters, als dieser mit Melchisedek zusammentraf!",
          "words": []
        },
        {
          "id": 11,
          "number": 11,
          "text": "Wenn nun das Vollkommenheit wäre, was durch das levitische Priestertum kam (denn unter diesem hat das Volk das Gesetz empfangen), wozu wäre es noch nötig, daß ein anderer Priester «nach der Ordnung Melchisedeks» auftrete und nicht einer «nach der Ordnung Aarons» bezeichnet werde?",
          "words": []
        },
        {
          "id": 12,
          "number": 12,
          "text": "Denn wenn das Priestertum verändert wird, so muß notwendigerweise auch eine Änderung des Gesetzes erfolgen.",
          "words": []
        },
        {
          "id": 13,
          "number": 13,
          "text": "Denn der, auf welchen sich jener Ausspruch bezieht, gehört einem andern Stamme an, von welchem keiner des Altars gepflegt hat;",
          "words": []
        },
        {
          "id": 14,
          "number": 14,
          "text": "denn es ist ja bekannt, daß unser Herr aus Juda entsprossen ist, zu welchem Stamm Mose nichts auf Priester bezügliches geredet hat.",
          "words": []
        },
        {
          "id": 15,
          "number": 15,
          "text": "Und noch viel klarer liegt die Sache, wenn nach der Ähnlichkeit mit Melchisedek ein anderer Priester aufsteht,",
          "words": []
        },
        {
          "id": 16,
          "number": 16,
          "text": "welcher es nicht nach dem Gesetz eines fleischlichen Gebotes geworden ist, sondern nach der Kraft unauflöslichen Lebens;",
          "words": []
        },
        {
          "id": 17,
          "number": 17,
          "text": "denn es wird bezeugt: «Du bist Priester in Ewigkeit nach der Ordnung Melchisedeks.»",
          "words": []
        },
        {
          "id": 18,
          "number": 18,
          "text": "Da erfolgt ja sogar eine Aufhebung des vorher gültigen Gebotes, seiner Schwachheit und Nutzlosigkeit wegen",
          "words": []
        },
        {
          "id": 19,
          "number": 19,
          "text": "(denn das Gesetz hat nichts zur Vollkommenheit gebracht), zugleich aber die Einführung einer besseren Hoffnung, durch welche wir Gott nahen können.",
          "words": []
        },
        {
          "id": 20,
          "number": 20,
          "text": "Und um so mehr, als dies nicht ohne Eidschwur geschah; denn jene sind ohne Eidschwur Priester geworden,",
          "words": []
        },
        {
          "id": 21,
          "number": 21,
          "text": "dieser aber mit einem Eid durch den, der zu ihm sprach: «Der Herr hat geschworen und es wird ihn nicht gereuen: Du bist Priester in Ewigkeit»;",
          "words": []
        },
        {
          "id": 22,
          "number": 22,
          "text": "um so viel mehr ist Jesus auch eines bessern Bundes Bürge geworden.",
          "words": []
        },
        {
          "id": 23,
          "number": 23,
          "text": "Und jene sind in großer Anzahl Priester geworden, weil der Tod sie am Bleiben verhinderte;",
          "words": []
        },
        {
          "id": 24,
          "number": 24,
          "text": "er aber hat, weil er in Ewigkeit bleibt, ein unübertragbares Priestertum.",
          "words": []
        },
        {
          "id": 25,
          "number": 25,
          "text": "Daher kann er auch bis aufs äußerste die retten, welche durch ihn zu Gott kommen, da er immerdar lebt, um für sie einzutreten!",
          "words": []
        },
        {
          "id": 26,
          "number": 26,
          "text": "Denn ein solcher Hoherpriester geziemte uns, der heilig, unschuldig, unbefleckt, von den Sündern abgesondert und höher als der Himmel ist,",
          "words": []
        },
        {
          "id": 27,
          "number": 27,
          "text": "der nicht wie die Hohenpriester täglich nötig hat, zuerst für die eigenen Sünden Opfer darzubringen, darnach für die des Volkes; denn das hat er ein für allemal getan, indem er sich selbst zum Opfer brachte.",
          "words": []
        },
        {
          "id": 28,
          "number": 28,
          "text": "Denn das Gesetz macht Menschen zu Hohenpriestern, die mit Schwachheit behaftet sind, das Wort des Eidschwurs aber, der nach der Zeit des Gesetzes erfolgte, den Sohn, welcher für alle Ewigkeit vollendet ist.",
          "words": []
        }
      ]
    },
    {
      "id": 8,
      "verses": [
        {
          "id": 1,
          "number": 1,
          "text": "Die Hauptsache aber bei dem, was wir sagten, ist: Wir haben einen solchen Hohenpriester, der zur Rechten des Thrones der Majestät im Himmel sitzt,",
          "words": []
        },
        {
          "id": 2,
          "number": 2,
          "text": "einen Diener des Heiligtums und der wahrhaftigen Stiftshütte, welche der Herr errichtet hat, und nicht ein Mensch.",
          "words": []
        },
        {
          "id": 3,
          "number": 3,
          "text": "Denn jeder Hoherpriester wird eingesetzt, um Gaben und Opfer darzubringen; daher muß auch dieser etwas haben, was er darbringen kann.",
          "words": []
        },
        {
          "id": 4,
          "number": 4,
          "text": "Wenn er sich nun auf Erden befände, so wäre er nicht einmal Priester, weil hier solche sind, die nach dem Gesetz die Gaben opfern.",
          "words": []
        },
        {
          "id": 5,
          "number": 5,
          "text": "Diese dienen einem Abbild und Schatten des Himmlischen, gemäß der Weisung, die Mose erhielt, als er die Stiftshütte anfertigen wollte: «Siehe zu», hieß es, «daß du alles nach dem Vorbild machst, das dir auf dem Berge gezeigt worden ist!»",
          "words": []
        },
        {
          "id": 6,
          "number": 6,
          "text": "Nun aber hat er einen um so bedeutenderen Dienst erlangt, als er auch eines besseren Bundes Mittler ist, der auf besseren Verheißungen ruht.",
          "words": []
        },
        {
          "id": 7,
          "number": 7,
          "text": "Denn wenn jener erste Bund tadellos gewesen wäre, so würde nicht Raum für einen zweiten gesucht.",
          "words": []
        },
        {
          "id": 8,
          "number": 8,
          "text": "Denn er tadelt sie doch, indem er spricht: «Siehe, es kommen Tage, spricht der Herr, da ich mit dem Hause Israel und mit dem Hause Juda einen neuen Bund schließen werde;",
          "words": []
        },
        {
          "id": 9,
          "number": 9,
          "text": "nicht wie der Bund, den ich mit ihren Vätern gemacht habe an dem Tage, als ich sie bei der Hand nahm, um sie aus Ägyptenland zu führen (denn sie sind nicht in meinem Bund geblieben, und ich ließ sie gehen, spricht der Herr),",
          "words": []
        },
        {
          "id": 10,
          "number": 10,
          "text": "sondern das ist der Bund, den ich mit dem Hause Israel machen will nach jenen Tagen, spricht der Herr: Ich will ihnen meine Gesetze in den Sinn geben und sie in ihre Herzen schreiben, und ich will ihr Gott sein, und sie sollen mein Volk sein.",
          "words": []
        },
        {
          "id": 11,
          "number": 11,
          "text": "Und es wird keiner mehr seinen Mitbürger und keiner mehr seinen Bruder lehren und sagen: Erkenne den Herrn! denn es werden mich alle kennen, vom Kleinsten bis zum Größten unter ihnen;",
          "words": []
        },
        {
          "id": 12,
          "number": 12,
          "text": "denn ich werde gnädig sein gegen ihre Ungerechtigkeiten und ihrer Sünden nicht mehr gedenken.»",
          "words": []
        },
        {
          "id": 13,
          "number": 13,
          "text": "Indem er sagt: «Einen neuen», hat er den ersten für veraltet erklärt; was aber veraltet ist und sich überlebt hat, das wird bald verschwinden.",
          "words": []
        }
      ]
    },
    {
      "id": 9,
      "verses": [
        {
          "id": 1,
          "number": 1,
          "text": "Es hatte nun zwar auch der erste Bund gottesdienstliche Ordnungen und das irdische Heiligtum.",
          "words": []
        },
        {
          "id": 2,
          "number": 2,
          "text": "Denn es war ein Zelt aufgerichtet, das vordere, in welchem sich der Leuchter und der Tisch und die Schaubrote befanden; dieses wird das Heilige genannt.",
          "words": []
        },
        {
          "id": 3,
          "number": 3,
          "text": "Hinter dem zweiten Vorhang aber befand sich das Zelt, welches das Allerheiligste heißt;",
          "words": []
        },
        {
          "id": 4,
          "number": 4,
          "text": "zu diesem gehört der goldene Räucheraltar und die Bundeslade, allenthalben mit Gold überzogen, und in dieser war der goldene Krug mit dem Manna und die Rute Aarons, die geblüht hatte, und die Tafeln des Bundes;",
          "words": []
        },
        {
          "id": 5,
          "number": 5,
          "text": "oben über ihr aber die Cherubim der Herrlichkeit, die den Sühndeckel überschatteten, worüber jetzt nicht im einzelnen zu reden ist.",
          "words": []
        },
        {
          "id": 6,
          "number": 6,
          "text": "Da nun dieses so eingerichtet ist, betreten zwar die Priester allezeit das vordere Zelt zur Verrichtung des Gottesdienstes;",
          "words": []
        },
        {
          "id": 7,
          "number": 7,
          "text": "in das zweite Zelt aber geht einmal im Jahr nur der Hohepriester, nicht ohne Blut, das er für sich selbst und für die Versehen des Volkes darbringt.",
          "words": []
        },
        {
          "id": 8,
          "number": 8,
          "text": "Damit zeigt der heilige Geist deutlich, daß der Weg zum Heiligtum noch nicht geoffenbart sei, solange das vordere Zelt Bestand habe.",
          "words": []
        },
        {
          "id": 9,
          "number": 9,
          "text": "Dieses ist ein Gleichnis für die gegenwärtige Zeit, da noch Gaben und Opfer dargebracht werden, welche, was das Gewissen anbelangt, den nicht vollkommen machen können, der den Gottesdienst verrichtet,",
          "words": []
        },
        {
          "id": 10,
          "number": 10,
          "text": "da er sich nur auf Speisen und Getränke und verschiedene Waschungen bezieht, auf fleischliche Verordnungen, welche bis zur Zeit der Zurechtbringung auferlegt sind.",
          "words": []
        },
        {
          "id": 11,
          "number": 11,
          "text": "Als aber Christus kam als ein Hoherpriester der zukünftigen Güter, ist er durch das größere und vollkommenere Zelt, das nicht mit Händen gemacht, das heißt nicht von dieser Schöpfung ist,",
          "words": []
        },
        {
          "id": 12,
          "number": 12,
          "text": "auch nicht durch das Blut von Böcken und Kälbern, sondern durch sein eigenes Blut ein für allemal in das Heiligtum eingegangen und hat eine ewige Erlösung erfunden.",
          "words": []
        },
        {
          "id": 13,
          "number": 13,
          "text": "Denn wenn das Blut von Böcken und Stieren und die Besprengung mit der Asche der jungen Kuh die Verunreinigten heiligt zu leiblicher Reinigkeit,",
          "words": []
        },
        {
          "id": 14,
          "number": 14,
          "text": "wieviel mehr wird das Blut Christi, der durch ewigen Geist sich selbst als ein tadelloses Opfer Gott dargebracht hat, unser Gewissen reinigen von toten Werken, zu dienen dem lebendigen Gott!",
          "words": []
        },
        {
          "id": 15,
          "number": 15,
          "text": "Darum ist er auch Mittler eines neuen Bundes, damit (nach Verbüßung des Todes zur Erlösung von den unter dem ersten Bunde begangenen Übertretungen) die Berufenen das verheißene ewige Erbe empfingen.",
          "words": []
        },
        {
          "id": 16,
          "number": 16,
          "text": "Denn wo ein Testament ist, da muß notwendig der Tod des Testators erwiesen werden;",
          "words": []
        },
        {
          "id": 17,
          "number": 17,
          "text": "denn ein Testament tritt auf Todesfall hin in kraft, da es keine Gültigkeit hat, solange der Testator lebt.",
          "words": []
        },
        {
          "id": 18,
          "number": 18,
          "text": "Daher wurde auch der erste Bund nicht ohne Blut eingeweiht.",
          "words": []
        },
        {
          "id": 19,
          "number": 19,
          "text": "Denn nachdem jedes einzelne Gebot nach dem Gesetz von Mose dem ganzen Volke vorgelegt worden war, nahm er das Blut der Kälber und Böcke mit Wasser und Purpurwolle und Ysop und besprengte sowohl das Buch selbst als auch das ganze Volk,",
          "words": []
        },
        {
          "id": 20,
          "number": 20,
          "text": "wobei er sprach: «Dies ist das Blut des Bundes, welchen Gott euch verordnet hat!»",
          "words": []
        },
        {
          "id": 21,
          "number": 21,
          "text": "Auch das Zelt und alle Geräte des Gottesdienstes besprengte er in gleicher Weise mit Blut;",
          "words": []
        },
        {
          "id": 22,
          "number": 22,
          "text": "und fast alles wird nach dem Gesetz mit Blut gereinigt, und ohne Blutvergießen geschieht keine Vergebung.",
          "words": []
        },
        {
          "id": 23,
          "number": 23,
          "text": "So ist es also notwendig, daß die Abbilder der im Himmel befindlichen Dinge durch solches gereinigt werden, die himmlischen Dinge selbst aber durch bessere Opfer als diese.",
          "words": []
        },
        {
          "id": 24,
          "number": 24,
          "text": "Denn nicht in ein mit Händen gemachtes Heiligtum, in ein Nachbild des wahrhaften, ist Christus eingegangen, sondern in den Himmel selbst, um jetzt zu erscheinen vor dem Angesichte Gottes für uns;",
          "words": []
        },
        {
          "id": 25,
          "number": 25,
          "text": "auch nicht, um sich selbst öfters zu opfern, gleichwie der Hohepriester jedes Jahr mit fremdem Blut ins Heiligtum hineingeht; denn sonst hätte er ja öfters leiden müssen von Grundlegung der Welt an!",
          "words": []
        },
        {
          "id": 26,
          "number": 26,
          "text": "Nun aber ist er einmal gegen das Ende der Weltzeiten hin erschienen zur Aufhebung der Sünde durch das Opfer seiner selbst;",
          "words": []
        },
        {
          "id": 27,
          "number": 27,
          "text": "und so gewiß den Menschen bestimmt ist, einmal zu sterben, darnach aber das Gericht,",
          "words": []
        },
        {
          "id": 28,
          "number": 28,
          "text": "so wird auch Christus, nachdem er sich einmal zum Opfer dargebracht hat, um die Sünden vieler auf sich zu nehmen, zum zweitenmal ohne Sünde denen erscheinen, die auf ihn warten, zum Heil.",
          "words": []
        }
      ]
    },
    {
      "id": 10,
      "verses": [
        {
          "id": 1,
          "number": 1,
          "text": "Denn weil das Gesetz nur einen Schatten der zukünftigen Güter hat, nicht das Ebenbild der Dinge selbst, so kann es auch mit den gleichen alljährlichen Opfern, welche man immer wieder darbringt, die Hinzutretenden niemals vollkommen machen!",
          "words": []
        },
        {
          "id": 2,
          "number": 2,
          "text": "Hätte man sonst nicht aufgehört, Opfer darzubringen, wenn die, welche den Gottesdienst verrichten, einmal gereinigt, kein Bewußtsein von Sünden mehr gehabt hätten?",
          "words": []
        },
        {
          "id": 3,
          "number": 3,
          "text": "Statt dessen erfolgt durch dieselben nur alle Jahre eine Erinnerung an die Sünden.",
          "words": []
        },
        {
          "id": 4,
          "number": 4,
          "text": "Denn unmöglich kann Blut von Ochsen und Böcken Sünden wegnehmen!",
          "words": []
        },
        {
          "id": 5,
          "number": 5,
          "text": "Darum spricht er bei seinem Eintritt in die Welt: «Opfer und Gaben hast du nicht gewollt; einen Leib aber hast du mir zubereitet.",
          "words": []
        },
        {
          "id": 6,
          "number": 6,
          "text": "Brandopfer und Sündopfer gefallen dir nicht.",
          "words": []
        },
        {
          "id": 7,
          "number": 7,
          "text": "Da sprach ich: Siehe, ich komme (in der Buchrolle steht von mir geschrieben), daß ich tue, o Gott, deinen Willen.»",
          "words": []
        },
        {
          "id": 8,
          "number": 8,
          "text": "Indem er oben sagt: «Opfer und Gaben, Brandopfer und Sündopfer hast du nicht gewollt, sie gefallen dir auch nicht» (die nach dem Gesetz dargebracht werden),",
          "words": []
        },
        {
          "id": 9,
          "number": 9,
          "text": "und dann fortfährt: «Siehe, ich komme, zu tun deinen Willen», hebt er das erstere auf, um das andere einzusetzen.",
          "words": []
        },
        {
          "id": 10,
          "number": 10,
          "text": "In diesem Willen sind wir geheiligt durch die Aufopferung des Leibes Jesu Christi ein für allemal.",
          "words": []
        },
        {
          "id": 11,
          "number": 11,
          "text": "Und jeder Priester steht da und verrichtet täglich den Gottesdienst und bringt öfters dieselben Opfer dar, welche doch niemals Sünden wegnehmen können;",
          "words": []
        },
        {
          "id": 12,
          "number": 12,
          "text": "dieser aber hat sich, nachdem er ein einziges Opfer für die Sünden dargebracht hat, für immer zur Rechten Gottes gesetzt",
          "words": []
        },
        {
          "id": 13,
          "number": 13,
          "text": "und wartet hinfort, bis alle seine Feinde als Schemel seiner Füße hingelegt werden;",
          "words": []
        },
        {
          "id": 14,
          "number": 14,
          "text": "denn mit einem einzigen Opfer hat er die, welche geheiligt werden, für immer vollendet.",
          "words": []
        },
        {
          "id": 15,
          "number": 15,
          "text": "Das bezeugt uns aber auch der heilige Geist;",
          "words": []
        },
        {
          "id": 16,
          "number": 16,
          "text": "denn, nachdem gesagt worden ist: «Das ist der Bund, den ich mit ihnen schließen will nach diesen Tagen», spricht der Herr: «Ich will meine Gesetze in ihre Herzen geben und sie in ihre Sinne schreiben,",
          "words": []
        },
        {
          "id": 17,
          "number": 17,
          "text": "und ihrer Sünden und ihrer Ungerechtigkeiten will ich nicht mehr gedenken.»",
          "words": []
        },
        {
          "id": 18,
          "number": 18,
          "text": "Wo aber Vergebung für diese ist, da ist kein Opfer mehr für Sünde.",
          "words": []
        },
        {
          "id": 19,
          "number": 19,
          "text": "Da wir nun, ihr Brüder, kraft des Blutes Jesu Freimütigkeit haben zum Eingang in das Heiligtum,",
          "words": []
        },
        {
          "id": 20,
          "number": 20,
          "text": "welchen er uns eingeweiht hat als neuen und lebendigen Weg durch den Vorhang hindurch, das heißt, durch sein Fleisch,",
          "words": []
        },
        {
          "id": 21,
          "number": 21,
          "text": "und einen so großen Priester über das Haus Gottes haben,",
          "words": []
        },
        {
          "id": 22,
          "number": 22,
          "text": "so lasset uns hinzutreten mit wahrhaftigem Herzen, in voller Glaubenszuversicht, durch Besprengung der Herzen los vom bösen Gewissen und gewaschen am Leibe mit reinem Wasser.",
          "words": []
        },
        {
          "id": 23,
          "number": 23,
          "text": "Lasset uns festhalten am Bekenntnis der Hoffnung, ohne zu wanken (denn er ist treu, der die Verheißung gegeben hat);",
          "words": []
        },
        {
          "id": 24,
          "number": 24,
          "text": "und lasset uns aufeinander achten, uns gegenseitig anzuspornen zur Liebe und zu guten Werken,",
          "words": []
        },
        {
          "id": 25,
          "number": 25,
          "text": "indem wir unsere eigene Versammlung nicht verlassen, wie etliche zu tun pflegen, sondern einander ermahnen, und das um so viel mehr, als ihr den Tag herannahen sehet!",
          "words": []
        },
        {
          "id": 26,
          "number": 26,
          "text": "Denn wenn wir freiwillig sündigen, nachdem wir die Erkenntnis der Wahrheit empfangen haben, so bleibt für Sünden kein Opfer mehr übrig,",
          "words": []
        },
        {
          "id": 27,
          "number": 27,
          "text": "sondern ein schreckliches Erwarten des Gerichts und Feuereifers, der die Widerspenstigen verzehren wird.",
          "words": []
        },
        {
          "id": 28,
          "number": 28,
          "text": "Wenn jemand das Gesetz Moses mißachtet, muß er ohne Barmherzigkeit auf die Aussage von zwei oder drei Zeugen hin sterben,",
          "words": []
        },
        {
          "id": 29,
          "number": 29,
          "text": "wieviel ärgerer Strafe, meinet ihr, wird derjenige schuldig erachtet werden, der den Sohn Gottes mit Füßen getreten und das Blut des Bundes, durch welches er geheiligt wurde, für gemein geachtet und den Geist der Gnade geschmäht hat?",
          "words": []
        },
        {
          "id": 30,
          "number": 30,
          "text": "Denn wir kennen den, der da sagt: «Die Rache ist mein; ich will vergelten!» und wiederum: «Der Herr wird sein Volk richten».",
          "words": []
        },
        {
          "id": 31,
          "number": 31,
          "text": "Schrecklich ist es, in die Hände des lebendigen Gottes zu fallen!",
          "words": []
        },
        {
          "id": 32,
          "number": 32,
          "text": "Gedenket aber der früheren Tage, in welchen ihr nach eurer Erleuchtung unter Leiden viel Kampf erduldet habt,",
          "words": []
        },
        {
          "id": 33,
          "number": 33,
          "text": "da ihr teils selbst Schmähungen und Drangsalen öffentlich preisgegeben waret, teils mit denen Gemeinschaft hattet, welche so behandelt wurden;",
          "words": []
        },
        {
          "id": 34,
          "number": 34,
          "text": "denn ihr habt den Gefangenen Teilnahme bewiesen und den Raub eurer Güter mit Freuden hingenommen, in der Erkenntnis, daß ihr selbst ein besseres und bleibendes Gut besitzet.",
          "words": []
        },
        {
          "id": 35,
          "number": 35,
          "text": "So werfet nun eure Freimütigkeit nicht weg, welche eine große Belohnung hat!",
          "words": []
        },
        {
          "id": 36,
          "number": 36,
          "text": "Denn Ausdauer tut euch not, damit ihr nach Erfüllung des göttlichen Willens die Verheißung erlanget.",
          "words": []
        },
        {
          "id": 37,
          "number": 37,
          "text": "Denn noch eine kleine, ganz kleine Weile, so wird kommen, der da kommen soll und nicht verziehen.",
          "words": []
        },
        {
          "id": 38,
          "number": 38,
          "text": "«Mein Gerechter aber wird aus Glauben leben; zieht er sich aber aus Feigheit zurück, so wird meine Seele kein Wohlgefallen an ihm haben.»",
          "words": []
        },
        {
          "id": 39,
          "number": 39,
          "text": "Wir aber sind nicht von denen, die feige zurückweichen zum Verderben, sondern die da glauben zur Rettung der Seele.",
          "words": []
        }
      ]
    },
    {
      "id": 11,
      "verses": [
        {
          "id": 1,
          "number": 1,
          "text": "Es ist aber der Glaube ein Beharren auf dem, was man hofft, eine Überzeugung von Tatsachen, die man nicht sieht.",
          "words": []
        },
        {
          "id": 2,
          "number": 2,
          "text": "Durch solchen haben die Alten ein gutes Zeugnis erhalten.",
          "words": []
        },
        {
          "id": 3,
          "number": 3,
          "text": "Durch Glauben erkennen wir, daß die Weltzeiten durch Gottes Wort bereitet worden sind, also das, was man sieht, aus Unsichtbarem entstanden ist.",
          "words": []
        },
        {
          "id": 4,
          "number": 4,
          "text": "Durch Glauben brachte Abel Gott ein größeres Opfer dar als Kain; durch ihn erhielt er das Zeugnis, daß er gerecht sei, indem Gott über seine Gaben Zeugnis ablegte, und durch ihn redet er noch, wiewohl er gestorben ist.",
          "words": []
        },
        {
          "id": 5,
          "number": 5,
          "text": "Durch Glauben wurde Enoch entrückt, so daß er den Tod nicht sah, und er wurde nicht mehr gefunden, weil Gott ihn entrückt hatte; denn vor seiner Entrückung wurde ihm das Zeugnis gegeben, daß er Gott wohlgefallen habe.",
          "words": []
        },
        {
          "id": 6,
          "number": 6,
          "text": "Ohne Glauben aber ist es unmöglich, ihm wohlzugefallen; denn wer zu Gott kommen soll, muß glauben, daß er ist und die, welche ihn suchen, belohnen wird.",
          "words": []
        },
        {
          "id": 7,
          "number": 7,
          "text": "Durch Glauben baute Noah, als er betreffs dessen, was man noch nicht sah, eine Weissagung empfangen hatte, in ehrerbietiger Scheu eine Arche zur Rettung seines Hauses; durch ihn verurteilte er die Welt und wurde ein Erbe der Glaubensgerechtigkeit.",
          "words": []
        },
        {
          "id": 8,
          "number": 8,
          "text": "Durch Glauben gehorchte Abraham, als er berufen wurde, nach einem Ort auszuziehen, den er zum Erbteil empfangen sollte; und er zog aus, ohne zu wissen, wohin er komme.",
          "words": []
        },
        {
          "id": 9,
          "number": 9,
          "text": "Durch Glauben siedelte er sich im Lande der Verheißung an, als in einem fremden, und wohnte in Zelten mit Isaak und Jakob, den Miterben derselben Verheißung;",
          "words": []
        },
        {
          "id": 10,
          "number": 10,
          "text": "denn er wartete auf die Stadt, welche die Grundfesten hat, deren Baumeister und Schöpfer Gott ist.",
          "words": []
        },
        {
          "id": 11,
          "number": 11,
          "text": "Durch Glauben erhielt auch Sara Kraft zur Gründung einer Nachkommenschaft trotz ihres Alters, weil sie den für treu achtete, der es verheißen hatte.",
          "words": []
        },
        {
          "id": 12,
          "number": 12,
          "text": "Darum sind auch von einem einzigen, und zwar erstorbenen Leibe Kinder entsprossen wie die Sterne des Himmels an Menge und wie der Sand am Gestade des Meeres, der nicht zu zählen ist.",
          "words": []
        },
        {
          "id": 13,
          "number": 13,
          "text": "Diese alle sind im Glauben gestorben, ohne das Verheißene empfangen zu haben, sondern sie haben es nur von ferne gesehen und begrüßt und bekannt, daß sie Fremdlinge und Pilgrime seien auf Erden;",
          "words": []
        },
        {
          "id": 14,
          "number": 14,
          "text": "denn die solches sagen, zeigen damit an, daß sie ein Vaterland suchen.",
          "words": []
        },
        {
          "id": 15,
          "number": 15,
          "text": "Und hätten sie dabei an jenes gedacht, von welchem sie ausgezogen waren, so hätten sie ja Zeit gehabt zurückzukehren;",
          "words": []
        },
        {
          "id": 16,
          "number": 16,
          "text": "nun aber trachten sie nach einem besseren, nämlich einem himmlischen. Darum schämt sich Gott nicht, ihr Gott zu heißen; denn er hat ihnen eine Stadt zubereitet.",
          "words": []
        },
        {
          "id": 17,
          "number": 17,
          "text": "Durch Glauben brachte Abraham den Isaak dar, als er versucht wurde, und opferte den Eingeborenen, er, der die Verheißungen empfangen hatte,",
          "words": []
        },
        {
          "id": 18,
          "number": 18,
          "text": "zu welchem gesagt worden war: «In Isaak soll dir ein Same berufen werden.»",
          "words": []
        },
        {
          "id": 19,
          "number": 19,
          "text": "Er zählte eben darauf, daß Gott imstande sei, auch von den Toten zu erwecken, weshalb er ihn auch, wie durch ein Gleichnis, wieder erhielt.",
          "words": []
        },
        {
          "id": 20,
          "number": 20,
          "text": "Durch Glauben segnete auch Isaak den Jakob und Esau betreffs der zukünftigen Dinge.",
          "words": []
        },
        {
          "id": 21,
          "number": 21,
          "text": "Durch Glauben segnete Jakob bei seinem Sterben einen jeden der Söhne Josephs und betete an, auf seinen Stab gestützt.",
          "words": []
        },
        {
          "id": 22,
          "number": 22,
          "text": "Durch Glauben gedachte Joseph bei seinem Ende des Auszuges der Kinder Israel und gab Befehl wegen seiner Gebeine.",
          "words": []
        },
        {
          "id": 23,
          "number": 23,
          "text": "Durch Glauben wurde Mose nach seiner Geburt von seinen Eltern drei Monate lang verborgen gehalten, weil sie sahen, daß er ein schönes Kind war, und sie des Königs Gebot nicht fürchteten.",
          "words": []
        },
        {
          "id": 24,
          "number": 24,
          "text": "Durch Glauben weigerte sich Mose, als er groß geworden war, ein Sohn der Tochter des Pharao zu heißen.",
          "words": []
        },
        {
          "id": 25,
          "number": 25,
          "text": "Er wollte lieber mit dem Volke Gottes Ungemach leiden, als zeitliche Ergötzung der Sünde haben,",
          "words": []
        },
        {
          "id": 26,
          "number": 26,
          "text": "da er die Schmach Christi für größeren Reichtum hielt als die Schätze Ägyptens; denn er sah die Belohnung an.",
          "words": []
        },
        {
          "id": 27,
          "number": 27,
          "text": "Durch Glauben verließ er Ägypten, ohne den Grimm des Königs zu fürchten; denn er hielt sich an den Unsichtbaren, als sähe er ihn.",
          "words": []
        },
        {
          "id": 28,
          "number": 28,
          "text": "Durch Glauben hat er das Passah veranstaltet und das Besprengen mit Blut, damit der Würgengel ihre Erstgeborenen nicht anrühre.",
          "words": []
        },
        {
          "id": 29,
          "number": 29,
          "text": "Durch Glauben gingen sie durch das Rote Meer wie durch trockenes Land; während die Ägypter, als sie das auch versuchten, ertranken.",
          "words": []
        },
        {
          "id": 30,
          "number": 30,
          "text": "Durch Glauben fielen die Mauern von Jericho, nachdem sie sieben Tage umzogen worden waren.",
          "words": []
        },
        {
          "id": 31,
          "number": 31,
          "text": "Durch Glauben kam Rahab, die Dirne, nicht mit den Ungehorsamen um, weil sie die Kundschafter mit Frieden aufgenommen hatte.",
          "words": []
        },
        {
          "id": 32,
          "number": 32,
          "text": "Und was soll ich noch sagen? Die Zeit würde mir fehlen, wenn ich erzählen wollte von Gideon, Barak, Simson, Jephta, David und Samuel und den Propheten,",
          "words": []
        },
        {
          "id": 33,
          "number": 33,
          "text": "welche durch Glauben Königreiche bezwangen, Gerechtigkeit wirkten, Verheißungen erlangten, der Löwen Rachen verstopften.",
          "words": []
        },
        {
          "id": 34,
          "number": 34,
          "text": "Sie haben die Gewalt des Feuers ausgelöscht, sind des Schwertes Schärfe entronnen, von Schwachheit zu Kraft gekommen, stark geworden im Streit, haben der Fremden Heere in die Flucht gejagt.",
          "words": []
        },
        {
          "id": 35,
          "number": 35,
          "text": "Frauen erhielten ihre Toten durch Auferstehung wieder; andere aber ließen sich martern und nahmen die Befreiung nicht an, um eine bessere Auferstehung zu erlangen.",
          "words": []
        },
        {
          "id": 36,
          "number": 36,
          "text": "Andere erfuhren Spott und Geißelung, dazu Ketten und Gefängnis;",
          "words": []
        },
        {
          "id": 37,
          "number": 37,
          "text": "sie wurden gesteinigt, verbrannt, zersägt, erlitten den Tod durchs Schwert, zogen umher in Schafspelzen und Ziegenfellen, erlitten Mangel, Bedrückung, Mißhandlung;",
          "words": []
        },
        {
          "id": 38,
          "number": 38,
          "text": "sie, derer die Welt nicht wert war, irrten umher in Wüsten und Gebirgen, in Höhlen und Löchern der Erde.",
          "words": []
        },
        {
          "id": 39,
          "number": 39,
          "text": "Und diese alle, obschon sie hinsichtlich des Glaubens ein gutes Zeugnis erhielten, haben das Verheißene nicht erlangt,",
          "words": []
        },
        {
          "id": 40,
          "number": 40,
          "text": "weil Gott für uns etwas Besseres vorgesehen hat, damit sie nicht ohne uns vollendet würden.",
          "words": []
        }
      ]
    },
    {
      "id": 12,
      "verses": [
        {
          "id": 1,
          "number": 1,
          "text": "Darum auch wir, weil wir eine solche Wolke von Zeugen um uns haben, lasset uns jede Last und die uns so leicht umstrickende Sünde ablegen und mit Ausdauer die Rennbahn durchlaufen, welche vor uns liegt,",
          "words": []
        },
        {
          "id": 2,
          "number": 2,
          "text": "im Aufblick auf Jesus, den Anfänger und Vollender des Glaubens, welcher für die vor ihm liegende Freude das Kreuz erduldete, die Schande nicht achtete und sich zur Rechten des Thrones Gottes gesetzt hat.",
          "words": []
        },
        {
          "id": 3,
          "number": 3,
          "text": "Achtet auf ihn, der solchen Widerspruch von den Sündern gegen sich erduldet hat, damit ihr nicht müde werdet und den Mut verliert!",
          "words": []
        },
        {
          "id": 4,
          "number": 4,
          "text": "Ihr habt noch nicht bis aufs Blut widerstanden im Kampf wider die Sünde",
          "words": []
        },
        {
          "id": 5,
          "number": 5,
          "text": "und habt das Trostwort vergessen, womit ihr als Söhne angeredet werdet: «Mein Sohn, achte nicht gering die Züchtigung des Herrn und verzage nicht, wenn du von ihm gestraft wirst!",
          "words": []
        },
        {
          "id": 6,
          "number": 6,
          "text": "Denn welchen der Herr lieb hat, den züchtigt er, und er geißelt einen jeglichen Sohn, den er aufnimmt.»",
          "words": []
        },
        {
          "id": 7,
          "number": 7,
          "text": "Wenn ihr Züchtigung erduldet, so behandelt euch Gott ja als Söhne; denn wo ist ein Sohn, den der Vater nicht züchtigt?",
          "words": []
        },
        {
          "id": 8,
          "number": 8,
          "text": "Seid ihr aber ohne Züchtigung, derer sie alle teilhaftig geworden sind, so seid ihr ja unecht und keine Söhne!",
          "words": []
        },
        {
          "id": 9,
          "number": 9,
          "text": "Sodann hatten wir auch unsere leiblichen Väter zu Zuchtmeistern und scheuten sie; sollten wir jetzt nicht vielmehr dem Vater der Geister untertan sein und leben?",
          "words": []
        },
        {
          "id": 10,
          "number": 10,
          "text": "Denn jene haben uns für wenige Tage gezüchtigt, nach ihrem Gutdünken; er aber zu unsrem Besten, damit wir seiner Heiligkeit teilhaftig werden.",
          "words": []
        },
        {
          "id": 11,
          "number": 11,
          "text": "Alle Züchtigung aber, wenn sie da ist, dünkt uns nicht zur Freude, sondern zur Traurigkeit zu dienen; hernach aber gibt sie eine friedsame Frucht der Gerechtigkeit denen, die dadurch geübt sind.",
          "words": []
        },
        {
          "id": 12,
          "number": 12,
          "text": "Darum «recket wieder aus die schlaff gewordenen Hände und die erlahmten Knie»",
          "words": []
        },
        {
          "id": 13,
          "number": 13,
          "text": "und «tut gerade Tritte mit euren Füßen», damit das Lahme nicht abweiche, sondern vielmehr geheilt werde!",
          "words": []
        },
        {
          "id": 14,
          "number": 14,
          "text": "Jaget nach dem Frieden mit jedermann und der Heiligung, ohne welche niemand den Herrn sehen wird!",
          "words": []
        },
        {
          "id": 15,
          "number": 15,
          "text": "Und sehet darauf, daß nicht jemand die Gnade Gottes versäume, daß nicht etwa eine bittere Wurzel aufwachse und Störungen verursache und viele dadurch befleckt werden,",
          "words": []
        },
        {
          "id": 16,
          "number": 16,
          "text": "daß nicht jemand ein Unzüchtiger oder ein gemeiner Mensch sei wie Esau, der um einer Speise willen sein Erstgeburtsrecht verkaufte.",
          "words": []
        },
        {
          "id": 17,
          "number": 17,
          "text": "Denn ihr wisset, daß er nachher, als er den Segen ererben wollte, verworfen wurde, denn er fand keinen Raum zur Buße, obschon er den Segen mit Tränen suchte.",
          "words": []
        },
        {
          "id": 18,
          "number": 18,
          "text": "Denn ihr seid nicht zu dem Berg gekommen, den man anrühren konnte, und zu dem glühenden Feuer, noch zu dem Dunkel, der Finsternis und dem Ungewitter,",
          "words": []
        },
        {
          "id": 19,
          "number": 19,
          "text": "noch zu dem Schall der Posaune und der Stimme der Worte, bei der die Zuhörer sich erbaten, daß nicht weiter zu ihnen geredet werde; denn sie ertrugen nicht, was befohlen war:",
          "words": []
        },
        {
          "id": 20,
          "number": 20,
          "text": "«Und wenn ein Tier den Berg berührt, soll es gesteinigt werden!»",
          "words": []
        },
        {
          "id": 21,
          "number": 21,
          "text": "und so schrecklich war die Erscheinung, daß Mose sprach: «Ich bin erschrocken und zittere!»",
          "words": []
        },
        {
          "id": 22,
          "number": 22,
          "text": "sondern ihr seid gekommen zu dem Berge Zion und zu der Stadt des lebendigen Gottes, dem himmlischen Jerusalem, und zu Zehntausenden von Engeln,",
          "words": []
        },
        {
          "id": 23,
          "number": 23,
          "text": "zur Festversammlung und Gemeinde der Erstgeborenen, die im Himmel angeschrieben sind, und zu Gott, dem Richter über alle, und zu den Geistern der vollendeten Gerechten",
          "words": []
        },
        {
          "id": 24,
          "number": 24,
          "text": "und zu Jesus, dem Mittler des neuen Bundes, und zu dem Blut der Besprengung, das Besseres redet als Abels Blut.",
          "words": []
        },
        {
          "id": 25,
          "number": 25,
          "text": "Sehet zu, daß ihr den nicht abweiset, der da redet! Denn wenn jene nicht entflohen sind, die es sich verbaten, als er auf Erden redete, wieviel weniger wir, wenn wir uns von dem abwenden, der es vom Himmel herab tut,",
          "words": []
        },
        {
          "id": 26,
          "number": 26,
          "text": "dessen Stimme damals die Erde bewegte; nun aber hat er verheißen: «Noch einmal will ich bewegen, nicht allein die Erde, sondern auch den Himmel!»",
          "words": []
        },
        {
          "id": 27,
          "number": 27,
          "text": "Dieses «noch einmal» deutet hin auf die Veränderung des Beweglichen, weil Erschaffenen, damit das Unbewegliche bleibe.",
          "words": []
        },
        {
          "id": 28,
          "number": 28,
          "text": "Darum, weil wir ein unbewegliches Reich empfangen, lasset uns Dank beweisen, durch welchen wir Gott wohlgefällig dienen wollen mit Scheu und Furcht!",
          "words": []
        },
        {
          "id": 29,
          "number": 29,
          "text": "Denn auch unser Gott ist ein verzehrendes Feuer.",
          "words": []
        }
      ]
    },
    {
      "id": 13,
      "verses": [
        {
          "id": 1,
          "number": 1,
          "text": "Die Bruderliebe soll bleiben!",
          "words": []
        },
        {
          "id": 2,
          "number": 2,
          "text": "Gastfrei zu sein vergesset nicht; denn dadurch haben etliche ohne ihr Wissen Engel beherbergt.",
          "words": []
        },
        {
          "id": 3,
          "number": 3,
          "text": "Gedenket der Gefangenen als Mitgefangene und derer, die Ungemach leiden, als solche, die selbst auch noch im Leibe leben.",
          "words": []
        },
        {
          "id": 4,
          "number": 4,
          "text": "Die Ehe ist von allen in Ehren zu halten und das Ehebett unbefleckt; denn Hurer und Ehebrecher wird Gott richten!",
          "words": []
        },
        {
          "id": 5,
          "number": 5,
          "text": "Der Wandel sei ohne Geiz! Begnüget euch mit dem Vorhandenen! Denn er selbst hat gesagt: «Ich will dich nicht verlassen noch versäumen!»",
          "words": []
        },
        {
          "id": 6,
          "number": 6,
          "text": "Also daß wir getrost sagen mögen: «Der Herr ist mein Helfer; ich fürchte mich nicht! Was können Menschen mir tun?»",
          "words": []
        },
        {
          "id": 7,
          "number": 7,
          "text": "Gedenket eurer Führer, die euch das Wort Gottes gesagt haben; schauet das Ende ihres Wandels an und ahmet ihren Glauben nach!",
          "words": []
        },
        {
          "id": 8,
          "number": 8,
          "text": "Jesus Christus ist gestern und heute und derselbe auch in Ewigkeit!",
          "words": []
        },
        {
          "id": 9,
          "number": 9,
          "text": "Lasset euch nicht von mancherlei und fremden Lehren umhertreiben; denn es ist gut, daß das Herz durch Gnade befestigt werde, nicht durch Speisen, mit welchen sich abzugeben noch niemand Nutzen gebracht hat.",
          "words": []
        },
        {
          "id": 10,
          "number": 10,
          "text": "Es gibt einen Altar, von welchem die Diener der Stiftshütte nicht essen dürfen.",
          "words": []
        },
        {
          "id": 11,
          "number": 11,
          "text": "Denn von den Tieren, deren Blut für die Sünde durch den Hohenpriester ins Allerheiligste getragen wird, werden die Leiber außerhalb des Lagers verbrannt.",
          "words": []
        },
        {
          "id": 12,
          "number": 12,
          "text": "Darum hat auch Jesus, um das Volk durch sein eigenes Blut zu heiligen, außerhalb des Tores gelitten.",
          "words": []
        },
        {
          "id": 13,
          "number": 13,
          "text": "So lasset uns nun zu ihm hinausgehen, außerhalb des Lagers, und seine Schmach tragen!",
          "words": []
        },
        {
          "id": 14,
          "number": 14,
          "text": "Denn wir haben hier keine bleibende Stadt, sondern suchen die zukünftige.",
          "words": []
        },
        {
          "id": 15,
          "number": 15,
          "text": "Durch ihn lasset uns nun Gott allezeit ein Opfer des Lobes darbringen, das ist die «Frucht der Lippen», die seinen Namen bekennen!",
          "words": []
        },
        {
          "id": 16,
          "number": 16,
          "text": "Wohlzutun und mitzuteilen vergesset nicht; denn solche Opfer gefallen Gott wohl!",
          "words": []
        },
        {
          "id": 17,
          "number": 17,
          "text": "Gehorchet euren Führern und folget ihnen; denn sie wachen über eure Seelen als solche, die Rechenschaft ablegen sollen, damit sie das mit Freuden tun mögen und nicht mit Seufzen; denn das wäre euch zum Schaden!",
          "words": []
        },
        {
          "id": 18,
          "number": 18,
          "text": "Betet für uns! Denn wir sind überzeugt, ein gutes Gewissen zu haben, da wir uns allenthalben eines anständigen Lebenswandels befleißigen.",
          "words": []
        },
        {
          "id": 19,
          "number": 19,
          "text": "Um so mehr aber ermahne ich euch, solches zu tun, damit ich euch desto bälder wiedergeschenkt werde.",
          "words": []
        },
        {
          "id": 20,
          "number": 20,
          "text": "Der Gott des Friedens aber, der den großen Hirten der Schafe von den Toten ausgeführt hat, mit dem Blut eines ewigen Bundes, unsren Herrn Jesus,",
          "words": []
        },
        {
          "id": 21,
          "number": 21,
          "text": "der rüste euch mit allem Guten aus, seinen Willen zu tun, indem er selbst in euch schafft, was vor ihm wohlgefällig ist, durch Jesus Christus. Ihm sei die Ehre von Ewigkeit zu Ewigkeit! Amen.",
          "words": []
        },
        {
          "id": 22,
          "number": 22,
          "text": "Ich ermahne euch aber, ihr Brüder, nehmet das Wort der Ermahnung an! Denn ich habe euch mit kurzen Worten geschrieben.",
          "words": []
        },
        {
          "id": 23,
          "number": 23,
          "text": "Wisset, daß unser Bruder Timotheus freigelassen worden ist; wenn er bald kommt, will ich euch mit ihm besuchen.",
          "words": []
        },
        {
          "id": 24,
          "number": 24,
          "text": "Grüßet alle eure Führer und alle Heiligen! Es grüßen euch die von Italien!",
          "words": []
        },
        {
          "id": 25,
          "number": 25,
          "text": "Die Gnade sei mit euch allen!",
          "words": []
        }
      ]
    }
  ]
}