{
  "id": 28,
  "name": "Hosea",
  "chapters": [
    {
      "id": 1,
      "verses": [
        {
          "id": 1,
          "number": 1,
          "text": "Dies ist das Wort des HERRN, welches an Hosea, den Sohn Beeris erging, in den Tagen Ussijas, Jotams, Ahas und Hiskias, der Könige von Juda, und in den Tagen Jerobeams, des Sohnes des Joas, des Königs von Israel.",
          "words": []
        },
        {
          "id": 2,
          "number": 2,
          "text": "Im Anfang, da der HERR durch Hosea zu reden begann, sprach der HERR zu ihm: Geh, nimm dir ein Hurenweib und Hurenkinder; denn das Land ist dem HERRN untreu geworden und treibt Hurerei!",
          "words": []
        },
        {
          "id": 3,
          "number": 3,
          "text": "Da ging Hosea hin und nahm Gomer, die Tochter Diblaims; und sie empfing und gebar einen Sohn.",
          "words": []
        },
        {
          "id": 4,
          "number": 4,
          "text": "Der HERR aber sprach zu ihm: Nenne ihn Jesreel; denn in kurzem werde ich das zu Jesreel vergossene Blut am Hause Jehus rächen und dem Königtum des Hauses Israel ein Ende machen.",
          "words": []
        },
        {
          "id": 5,
          "number": 5,
          "text": "An jenem Tage will ich den Bogen Israels im Tale Jesreel zerbrechen.",
          "words": []
        },
        {
          "id": 6,
          "number": 6,
          "text": "Und als sie wiederum empfing und eine Tochter gebar, sprach er zu ihm: Nenne sie Lo-Ruchama; denn ich werde mich des Hauses Israel fortan nicht mehr erbarmen, daß ich ihnen vergäbe!",
          "words": []
        },
        {
          "id": 7,
          "number": 7,
          "text": "Dagegen will ich mich des Hauses Juda erbarmen und sie retten durch den HERRN, ihren Gott, und nicht durch Bogen, Schwert und Kampf, nicht durch Rosse noch Reiter.",
          "words": []
        },
        {
          "id": 8,
          "number": 8,
          "text": "Als sie nun Lo-Ruchama entwöhnt hatte, empfing sie wieder und gebar einen Sohn.",
          "words": []
        },
        {
          "id": 9,
          "number": 9,
          "text": "Da sprach er: Nenne ihn Lo-Ammi; denn ihr seid nicht mein Volk, und ich bin nicht der Eurige!",
          "words": []
        },
        {
          "id": 10,
          "number": 10,
          "text": "(H2-1) Es wird aber die Zahl der Kinder Israel werden wie der Sand am Meer, der nicht zu messen noch zu zählen ist; und es soll geschehen, an dem Ort, da zu ihnen gesagt worden ist: «Ihr seid nicht mein Volk», sollen sie Kinder des lebendigen Gottes genannt werden.",
          "words": []
        },
        {
          "id": 11,
          "number": 11,
          "text": "(H2-2) Alsdann werden die Kinder Juda und die Kinder Israel sich einmütig versammeln und über sich ein einziges Oberhaupt setzen und werden aus dem Lande heraufziehen; denn groß wird sein der Tag von Jesreel.",
          "words": []
        }
      ]
    },
    {
      "id": 2,
      "verses": [
        {
          "id": 1,
          "number": 1,
          "text": "(H2-3) Nennet eure Brüder «Mein Volk», und eure Schwestern: «Begnadigte»!",
          "words": []
        },
        {
          "id": 2,
          "number": 2,
          "text": "(H2-4) Hadert mit eurer Mutter, hadert! (denn sie ist nicht mein Weib, und ich bin nicht ihr Mann), damit sie ihre Hurerei von ihrem Angesicht wegschaffe und ihre Ehebrecherei von ihren Brüsten;",
          "words": []
        },
        {
          "id": 3,
          "number": 3,
          "text": "(H2-5) sonst werde ich sie nackt ausziehen und sie hinstellen, wie sie war am Tage ihrer Geburt, und sie der Wüste gleichmachen, einem dürren Land, und sie sterben lassen vor Durst!",
          "words": []
        },
        {
          "id": 4,
          "number": 4,
          "text": "(H2-6) Und ihrer Kinder werde ich mich nicht erbarmen, weil sie Hurenkinder sind.",
          "words": []
        },
        {
          "id": 5,
          "number": 5,
          "text": "(H2-7) Denn ihre Mutter hat Unzucht getrieben; die sie geboren, hat sich schändlich aufgeführt; denn sie sprach: «Ich will doch meinen Liebhabern nachlaufen, die mir mein Brot und Wasser geben, meine Wolle, meinen Flachs, mein Öl und meinen Most!»",
          "words": []
        },
        {
          "id": 6,
          "number": 6,
          "text": "(H2-8) Darum siehe, ich will ihren Weg mit Dornen verzäunen und mit einer Mauer versperren, daß sie ihren Pfad nicht mehr finden soll.",
          "words": []
        },
        {
          "id": 7,
          "number": 7,
          "text": "(H2-9) Wenn sie alsdann ihren Liebhabern nachjagt und sie nicht mehr einholt, wenn sie dieselben sucht, aber nicht findet, so wird sie dann sagen: Ich will doch wieder zu meinem ersten Mann zurückkehren, denn damals hatte ich es besser als jetzt!",
          "words": []
        },
        {
          "id": 8,
          "number": 8,
          "text": "(H2-10) Sie merkte ja nicht, daß ich es war, der ihr das Korn, den Most und das Öl gab und das viele Silber und Gold, das sie für den Baal verwandt haben.",
          "words": []
        },
        {
          "id": 9,
          "number": 9,
          "text": "(H2-11) Darum will ich mein Korn zurücknehmen zu seiner Zeit und meinen Most zu seiner Frist und will ihr meine Wolle und meinen Flachs, womit sie ihre Blöße deckt, entziehen.",
          "words": []
        },
        {
          "id": 10,
          "number": 10,
          "text": "(H2-12) Und ich will nun ihre Schande enthüllen vor den Augen ihrer Liebhaber, und niemand wird sie aus meiner Hand erretten;",
          "words": []
        },
        {
          "id": 11,
          "number": 11,
          "text": "(H2-13) und ich will aller ihrer Freude ein Ende machen, ihrem Fest, ihrem Neumond und ihrem Sabbat und allen ihren Feiertagen.",
          "words": []
        },
        {
          "id": 12,
          "number": 12,
          "text": "(H2-14) Ich will auch ihren Weinstock und ihren Feigenbaum verwüsten, wovon sie sagt: «Das ist der Lohn, den mir meine Liebhaber gegeben haben»; ich will sie in eine Wildnis verwandeln, wovon sich die Tiere des Feldes nähren sollen.",
          "words": []
        },
        {
          "id": 13,
          "number": 13,
          "text": "(H2-15) Ich will sie strafen für die Baalstage, an welchen sie ihnen räucherte und sich mit ihrem Nasenring und Geschmeide schmückte und ihren Liebhabern nachlief und meiner vergaß, spricht der HERR.",
          "words": []
        },
        {
          "id": 14,
          "number": 14,
          "text": "(H2-16) Darum siehe, ich will sie locken und in die Wüste führen und ihr zu Herzen reden;",
          "words": []
        },
        {
          "id": 15,
          "number": 15,
          "text": "(H2-17) und ich will ihr von dort aus ihre Weinberge wiedergeben und ihr das Tal Achor zu einer Tür der Hoffnung machen, daß sie daselbst singen soll wie in den Tagen ihrer Jugend und wie an dem Tage, da sie aus Ägypten zog.",
          "words": []
        },
        {
          "id": 16,
          "number": 16,
          "text": "(H2-18) An jenem Tage wird es geschehen, spricht der HERR, daß du mich «mein Mann» und nicht mehr «mein Baal» nennen wirst;",
          "words": []
        },
        {
          "id": 17,
          "number": 17,
          "text": "(H2-19) und ich werde die Namen der Baale aus ihrem Munde entfernen, daß ihrer Namen nicht mehr gedacht werden soll.",
          "words": []
        },
        {
          "id": 18,
          "number": 18,
          "text": "(H2-20) An jenem Tage will ich auch für sie einen Bund schließen mit den Tieren des Feldes und mit den Vögeln des Himmels und mit allem, was auf Erden kriecht, und will Bogen, Schwert und alles Kriegsgerät im Lande zerbrechen und sie sicher wohnen lassen.",
          "words": []
        },
        {
          "id": 19,
          "number": 19,
          "text": "(H2-21) Und ich will dich mir verloben auf ewig und will dich mir verloben in Recht und Gerechtigkeit, in Gnade und Erbarmen,",
          "words": []
        },
        {
          "id": 20,
          "number": 20,
          "text": "(H2-22) und will dich mir verloben in Treue, und du wirst den HERRN erkennen!",
          "words": []
        },
        {
          "id": 21,
          "number": 21,
          "text": "(H2-23) Und es soll geschehen an jenem Tage, spricht der HERR, da will ich antworten; ich will dem Himmel antworten, und er soll der Erde antworten;",
          "words": []
        },
        {
          "id": 22,
          "number": 22,
          "text": "(H2-24) und die Erde wird antworten mit Korn, Most und Öl, und diese werden Jesreel antworten.",
          "words": []
        },
        {
          "id": 23,
          "number": 23,
          "text": "(H2-25) Und ich will sie mir im Lande ansäen und mich der «Unbegnadigten» erbarmen und zu «Nicht-mein-Volk» sagen: Du bist mein Volk! und es wird sagen: Du bist mein Gott!",
          "words": []
        }
      ]
    },
    {
      "id": 3,
      "verses": [
        {
          "id": 1,
          "number": 1,
          "text": "Und der HERR sprach zu mir: Geh nochmals hin und liebe ein Weib, das von einem Freunde geliebt wird und im Ehebruch lebt, gleichwie der HERR die Kinder Israel liebt, wiewohl sie sich andern Göttern zuwenden und Traubenkuchen lieben!",
          "words": []
        },
        {
          "id": 2,
          "number": 2,
          "text": "Da erkaufte ich sie mir um fünfzehn Silberlinge und um ein Chomer und ein Letech Gerste.",
          "words": []
        },
        {
          "id": 3,
          "number": 3,
          "text": "Und ich sprach zu ihr: «Du sollst mir viele Tage bleiben und nicht buhlen und keines andern Mannes werden; ebenso will auch ich mich verhalten gegen dich!»",
          "words": []
        },
        {
          "id": 4,
          "number": 4,
          "text": "Denn die Kinder Israel werden viele Tage ohne König bleiben und ohne Fürsten, auch ohne Opfer, ohne Bildsäule, ohne priesterliches Schulterkleid und ohne Hausgötzen.",
          "words": []
        },
        {
          "id": 5,
          "number": 5,
          "text": "Darnach werden die Kinder Israel umkehren und den HERRN, ihren Gott, und David, ihren König, suchen und werden sich bebend zu dem HERRN und zu seiner Güte flüchten am Ende der Tage.",
          "words": []
        }
      ]
    },
    {
      "id": 4,
      "verses": [
        {
          "id": 1,
          "number": 1,
          "text": "Hört des HERRN Wort, ihr Kinder Israel! Denn der HERR hat zu rechten mit den Bewohnern des Landes, weil keine Treue, kein Erbarmen und keine Gotteserkenntnis im Lande ist.",
          "words": []
        },
        {
          "id": 2,
          "number": 2,
          "text": "Fluchen und Lügen, Morden, Stehlen und Ehebrechen hat überhand genommen, und Blutschuld reiht sich an Blutschuld.",
          "words": []
        },
        {
          "id": 3,
          "number": 3,
          "text": "Darob trauert das Land und müssen verschmachten alle, die darin wohnen; die Tiere des Feldes, die Vögel des Himmels und auch die Fische im Meer werden dahingerafft.",
          "words": []
        },
        {
          "id": 4,
          "number": 4,
          "text": "Nur hadere niemand und strafe keiner! Aber mit dir, du Priester, will ich hadern!",
          "words": []
        },
        {
          "id": 5,
          "number": 5,
          "text": "Du sollst bei Tage straucheln, und auch der Prophet wird mit dir straucheln des Nachts, und ich will deine Mutter vertilgen.",
          "words": []
        },
        {
          "id": 6,
          "number": 6,
          "text": "Mein Volk geht aus Mangel an Erkenntnis zugrunde; denn du hast die Erkenntnis verworfen, darum will ich auch dich verwerfen, daß du nicht mehr mein Priester seiest; und weil du das Gesetz deines Gottes vergessen hast, will auch ich deiner Kinder vergessen!",
          "words": []
        },
        {
          "id": 7,
          "number": 7,
          "text": "Je mehr ihrer wurden, desto mehr sündigten sie wider mich; darum will ich ihre Ehre in Schande verwandeln.",
          "words": []
        },
        {
          "id": 8,
          "number": 8,
          "text": "Von der Sünde meines Volkes nähren sie sich und sind gierig nach ihren Missetaten.",
          "words": []
        },
        {
          "id": 9,
          "number": 9,
          "text": "Aber es soll dem Priester ergehen wie dem Volk, ich werde an ihm heimsuchen seinen Wandel und ihm seine Taten vergelten.",
          "words": []
        },
        {
          "id": 10,
          "number": 10,
          "text": "Sie werden essen und nicht satt werden, Unzucht treiben und sich doch nicht vermehren; denn sie haben davon abgelassen, auf den HERRN zu achten.",
          "words": []
        },
        {
          "id": 11,
          "number": 11,
          "text": "Unzucht, Wein und Most rauben den Verstand.",
          "words": []
        },
        {
          "id": 12,
          "number": 12,
          "text": "Mein Volk befragt sein Holz, und sein Stab soll ihm wahrsagen; denn der Geist der Unzucht hat sie verführt, daß sie ihrem Gott untreu geworden sind.",
          "words": []
        },
        {
          "id": 13,
          "number": 13,
          "text": "Sie opfern auf den Bergeshöhen und räuchern auf den Hügeln, unter Eichen, Pappeln und Terebinthen; denn ihr Schatten ist angenehm. Darum treiben eure Töchter Unzucht und brechen eure Bräute die Ehe.",
          "words": []
        },
        {
          "id": 14,
          "number": 14,
          "text": "Ich kann es an euren Töchtern nicht strafen, daß sie Unzucht treiben, noch an euren Bräuten, daß sie die Ehe brechen; denn sie selbst gehen mit Huren abseits und opfern mit den Tempeldirnen, und das unverständige Volk stürzt sich selbst ins Verderben.",
          "words": []
        },
        {
          "id": 15,
          "number": 15,
          "text": "Wenn du, Israel, Unzucht treibst, so soll sich doch Juda nicht versündigen! Geht doch nicht nach Gilgal, zieht nicht nach Beth-Aven hinauf und schwört nicht: «So wahr der HERR lebt!»",
          "words": []
        },
        {
          "id": 16,
          "number": 16,
          "text": "Denn Israel ist wie eine störrische Kuh; sollte sie der HERR weiden können wie ein Lamm auf weiter Trift?",
          "words": []
        },
        {
          "id": 17,
          "number": 17,
          "text": "Ephraim ist an die Götzen gebunden; laß ihn in Ruh!",
          "words": []
        },
        {
          "id": 18,
          "number": 18,
          "text": "Ihr Wein geht zur Neige, sie haben ausgehurt; ihre Beschützer haben die Schande geliebt.",
          "words": []
        },
        {
          "id": 19,
          "number": 19,
          "text": "Der Wind hat sie mit seinen Flügeln erfaßt, daß sie mit ihren Opfern zuschanden werden.",
          "words": []
        }
      ]
    },
    {
      "id": 5,
      "verses": [
        {
          "id": 1,
          "number": 1,
          "text": "Hört dies, ihr Priester, und du, Haus Israel, merke auf, und du, Königshaus, horche! Denn euch droht das Gericht; denn ihr seid eine Schlinge geworden für Mizpa und ein ausgebreitetes Fangnetz auf dem Tabor.",
          "words": []
        },
        {
          "id": 2,
          "number": 2,
          "text": "Die Abtrünnigen schlachten im Verborgenen; aber ich habe ihnen allen eine Züchtigung zugedacht.",
          "words": []
        },
        {
          "id": 3,
          "number": 3,
          "text": "Ich kenne Ephraim wohl, und Israel ist vor mir nicht verborgen; ich weiß , daß du, Ephraim, jetzt Unzucht getrieben, daß Israel sich verunreinigt hat.",
          "words": []
        },
        {
          "id": 4,
          "number": 4,
          "text": "Ihre Taten erlauben ihnen nicht, zu ihrem Gott zurückzukehren; denn ein Geist der Unzucht ist in ihren Herzen, und den HERRN erkennen sie nicht.",
          "words": []
        },
        {
          "id": 5,
          "number": 5,
          "text": "Aber Israels Stolz wird sich als Zeuge wider ihn erheben; und Israel und Ephraim werden fallen durch eigene Schuld, auch Juda wird mit ihnen fallen.",
          "words": []
        },
        {
          "id": 6,
          "number": 6,
          "text": "Mit ihren Schafen und mit ihren Rindern werden sie kommen, den HERRN zu suchen; aber sie werden ihn nicht finden; er hat sich von ihnen entfernt.",
          "words": []
        },
        {
          "id": 7,
          "number": 7,
          "text": "Sie sind dem HERRN untreu geworden; denn sie haben fremde Kinder gezeugt; jetzt wird ein Neumond sie fressen samt ihren Erbteilen.",
          "words": []
        },
        {
          "id": 8,
          "number": 8,
          "text": "Stoßt in die Posaune zu Gibea, in die Trompete zu Rama; schlaget Lärm in Beth-Aven, nimm dich in acht, Benjamin!",
          "words": []
        },
        {
          "id": 9,
          "number": 9,
          "text": "Ephraim soll zur Wüste werden am Tage der Züchtigung; was ich den Stämmen Israels angekündigt habe, das kommt gewiß!",
          "words": []
        },
        {
          "id": 10,
          "number": 10,
          "text": "Die Fürsten Judas sind denen gleich, welche die Grenze verrücken; über sie will ich meinen Grimm ausschütten wie Wasser.",
          "words": []
        },
        {
          "id": 11,
          "number": 11,
          "text": "Ephraim wird unterdrückt, untertreten im Gericht; denn er ist so gern Menschensatzungen nachgelaufen.",
          "words": []
        },
        {
          "id": 12,
          "number": 12,
          "text": "Ich aber ward für Ephraim wie eine Motte und für das Haus Juda wie ein nagender Wurm.",
          "words": []
        },
        {
          "id": 13,
          "number": 13,
          "text": "Und als Ephraim seine Krankheit sah und Juda sein Geschwür, da lief Ephraim zu Assur und sandte zum König Jareb; er aber konnte euch nicht heilen und das Geschwür nicht von euch nehmen.",
          "words": []
        },
        {
          "id": 14,
          "number": 14,
          "text": "Denn ich bin wie ein Löwe gegen Ephraim und wie ein junger Leu gegen das Haus Juda; ich, ja ich, zerreiße und gehe davon und nehme weg, daß niemand erretten kann.",
          "words": []
        },
        {
          "id": 15,
          "number": 15,
          "text": "Ich will wiederum an meinen Ort gehen, bis sie ihre Schuld erkennen und mein Angesicht suchen werden; in ihrer Not werden sie mich ernstlich suchen:",
          "words": []
        }
      ]
    },
    {
      "id": 6,
      "verses": [
        {
          "id": 1,
          "number": 1,
          "text": "Kommt, wir wollen wieder umkehren zum HERRN! Er hat uns zerrissen, er wird uns auch heilen; er hat uns verwundet, er wird uns auch verbinden;",
          "words": []
        },
        {
          "id": 2,
          "number": 2,
          "text": "nach zwei Tagen wird er uns lebendig machen, am dritten Tage wird er uns aufrichten, daß wir vor ihm leben;",
          "words": []
        },
        {
          "id": 3,
          "number": 3,
          "text": "und laßt uns erkennen, ja, eifrig trachten nach dem Erkennen des HERRN! Sein Erscheinen ist so sicher wie das Aufgehen der Morgenröte, und er wird zu uns kommen wie ein Regenguß, wie ein Spätregen, der das Land benetzt!",
          "words": []
        },
        {
          "id": 4,
          "number": 4,
          "text": "Was soll ich dir tun, Ephraim? Was soll ich dir tun, Juda? Eure Frömmigkeit ist so flüchtig wie eine Morgenwolke, ja, wie der Tau, der früh vergeht!",
          "words": []
        },
        {
          "id": 5,
          "number": 5,
          "text": "Darum habe ich sie behauen durch die Propheten, sie getötet durch die Worte meines Mundes, und mein Recht muß hervorgehen wie das Licht!",
          "words": []
        },
        {
          "id": 6,
          "number": 6,
          "text": "Denn an Liebe habe ich Wohlgefallen und nicht am Opfer, an der Gotteserkenntnis mehr als an Brandopfern.",
          "words": []
        },
        {
          "id": 7,
          "number": 7,
          "text": "Sie aber haben wie Adam den Bund übertreten, daselbst sind sie mir untreu geworden.",
          "words": []
        },
        {
          "id": 8,
          "number": 8,
          "text": "Gilead ist eine Stadt von Übeltätern, voller Blutspuren;",
          "words": []
        },
        {
          "id": 9,
          "number": 9,
          "text": "gleich lauernden Straßenräubern ist die Bande der Priester: am Wege nach Sichem morden sie; ja, Schandtaten haben sie begangen!",
          "words": []
        },
        {
          "id": 10,
          "number": 10,
          "text": "Im Hause Israel habe ich Schauderhaftes gesehen; daselbst treibt Ephraim Unzucht, befleckt sich Israel.",
          "words": []
        },
        {
          "id": 11,
          "number": 11,
          "text": "Auch dir, Juda, ist eine Ernte bestimmt, wenn ich die Gefangenschaft meines Volkes wende!",
          "words": []
        }
      ]
    },
    {
      "id": 7,
      "verses": [
        {
          "id": 1,
          "number": 1,
          "text": "Wenn ich Israel heilen will, so offenbaren sich Ephraims Schuld und die Übel Samariens; denn sie verüben Betrug, und der Dieb dringt ein, und Räuberbanden plündern draußen.",
          "words": []
        },
        {
          "id": 2,
          "number": 2,
          "text": "Und sie bedenken nicht in ihrem Herzen, daß ich all ihrer Bosheit gedenke; nun sollen aber ihre Übeltaten sie umringen, die vor meinen Augen geschehen sind!",
          "words": []
        },
        {
          "id": 3,
          "number": 3,
          "text": "Durch ihre Bosheit erfreuen sie den König und durch ihre Lügen die Fürsten.",
          "words": []
        },
        {
          "id": 4,
          "number": 4,
          "text": "Sie alle sind Ehebrecher, gleichen einem Ofen, welcher vom Bäcker angezündet ist, der nach dem Kneten des Teiges das Schüren nur so lange unterläßt, bis er ganz durchsäuert ist.",
          "words": []
        },
        {
          "id": 5,
          "number": 5,
          "text": "Am Festtage unsres Königs sind die Fürsten fieberkrank geworden vom Wein; er hat seine Hand den Spöttern gereicht.",
          "words": []
        },
        {
          "id": 6,
          "number": 6,
          "text": "Denn sie haben ihr Herz in ihrer Hinterlist einem Ofen gleich gemacht: ihr Bäcker schläft die ganze Nacht, am Morgen brennt er lichterloh.",
          "words": []
        },
        {
          "id": 7,
          "number": 7,
          "text": "Sie glühen alle wie ein Ofen und verzehren ihre Richter; alle ihre Könige sind gefallen: keiner von ihnen ruft mich an.",
          "words": []
        },
        {
          "id": 8,
          "number": 8,
          "text": "Ephraim hat sich mit den andern Völkern vermengt; Ephraim ist wie ein Kuchen, den man nicht umgewendet hat.",
          "words": []
        },
        {
          "id": 9,
          "number": 9,
          "text": "Fremde haben seine Kraft verzehrt, und er hat es nicht gemerkt; auch ist sein Haar mit Grau gesprenkelt, ohne daß er es merkt.",
          "words": []
        },
        {
          "id": 10,
          "number": 10,
          "text": "Wiewohl aber Israels Stolz sich als Zeuge wider ihn erhebt, sind sie doch nicht zu dem HERRN, ihrem Gott, umgekehrt und haben ihn trotz alledem nicht gesucht;",
          "words": []
        },
        {
          "id": 11,
          "number": 11,
          "text": "sondern Ephraim hat sich benommen wie eine einfältige, unverständige Taube; die Ägypter haben sie herbeigerufen, zu den Assyrern sind sie gelaufen.",
          "words": []
        },
        {
          "id": 12,
          "number": 12,
          "text": "Wohin sie aber auch gehen, breite ich mein Netz aus über sie, ziehe sie wie Vögel vom Himmel herunter und züchtige sie, wie es ihrer Gemeinde gepredigt worden ist.",
          "words": []
        },
        {
          "id": 13,
          "number": 13,
          "text": "Wehe ihnen, daß sie von mir weggeflogen sind! Unglück komme über sie, daß sie mir abtrünnig geworden sind! Ich wollte sie erlösen, aber sie redeten Lügen wider mich!",
          "words": []
        },
        {
          "id": 14,
          "number": 14,
          "text": "Und sie schrieen nicht von Herzen zu mir, sondern heulten auf ihren Lagern. Wegen Getreide und Most regen sie sich auf und weichen von mir.",
          "words": []
        },
        {
          "id": 15,
          "number": 15,
          "text": "Und ich lehrte und stärkte doch ihren Arm; aber sie machten böse Anschläge gegen mich.",
          "words": []
        },
        {
          "id": 16,
          "number": 16,
          "text": "Sie wenden sich wohl um, aber nicht nach oben; sie sind wie ein trügerischer Bogen. Ihre Fürsten sollen durchs Schwert fallen wegen ihrer trotzigen Reden, welche ihnen nur Spott eintragen im Lande Ägypten.",
          "words": []
        }
      ]
    },
    {
      "id": 8,
      "verses": [
        {
          "id": 1,
          "number": 1,
          "text": "Setze die Posaune an deinen Mund! Es kommt etwas wie ein Adler wider das Haus des HERRN! Warum haben sie meinen Bund übertreten und sich gegen mein Gesetz vergangen?",
          "words": []
        },
        {
          "id": 2,
          "number": 2,
          "text": "Zu mir werden sie schreien: Du bist mein Gott; wir Israeliten kennen dich!",
          "words": []
        },
        {
          "id": 3,
          "number": 3,
          "text": "Israel hat das Gute von sich gestoßen; jetzt soll es der Feind verfolgen!",
          "words": []
        },
        {
          "id": 4,
          "number": 4,
          "text": "Sie haben Könige eingesetzt ohne meinen Willen, Fürsten, ohne daß ich es wußte; aus ihrem Silber und Gold haben sie sich Götzen gemacht, zu dem Zwecke, daß sie sich selbst zu Grunde richteten.",
          "words": []
        },
        {
          "id": 5,
          "number": 5,
          "text": "Dein Kalb ist mir verhaßt, Samaria! Mein Zorn ist entbrannt über sie! Wie lange noch können sie Straflosigkeit nicht ertragen?",
          "words": []
        },
        {
          "id": 6,
          "number": 6,
          "text": "Denn aus Israel stammt es, und ein Künstler hat es gemacht; es ist kein Gott, sondern zu Splittern soll es zerschlagen werden, das Kalb von Samaria!",
          "words": []
        },
        {
          "id": 7,
          "number": 7,
          "text": "Denn Wind säen sie, und Sturm werden sie ernten; da wächst kein Halm; das Gewächs ergibt kein Mehl; und sollte es etwas geben, so würden Fremde es verschlingen.",
          "words": []
        },
        {
          "id": 8,
          "number": 8,
          "text": "Verschlungen wird Israel! Schon sind sie unter den Heiden geworden wie ein Gefäß, an welchem man kein Wohlgefallen hat!",
          "words": []
        },
        {
          "id": 9,
          "number": 9,
          "text": "Denn sie sind nach Assur gegangen, (ein Wildesel, der für sich lebt, ist Ephraim!) sie haben sich Liebhaber gedungen.",
          "words": []
        },
        {
          "id": 10,
          "number": 10,
          "text": "Weil sie sich denn Völker dingen, so will ich dieselben jetzt auch haufenweise herbeibringen, und bald werden sie zu leiden haben unter der Last des Königs der Fürsten.",
          "words": []
        },
        {
          "id": 11,
          "number": 11,
          "text": "Weil Ephraim viele Altäre baute, um zu sündigen, so sind ihm die Altäre auch zur Sünde geworden.",
          "words": []
        },
        {
          "id": 12,
          "number": 12,
          "text": "Schreibe ich ihm mein Gesetz zehntausendmal vor, so erachten sie es doch als etwas Unbekanntes!",
          "words": []
        },
        {
          "id": 13,
          "number": 13,
          "text": "Die Schlachtopfer, die sie mir schenken, bringen sie dar wie gewöhnliches Fleisch und essen es. Der HERR hat kein Wohlgefallen an ihnen. Jetzt wird er ihrer Schuld gedenken und ihre Sünden strafen; sie sollen nach Ägypten zurückkehren!",
          "words": []
        },
        {
          "id": 14,
          "number": 14,
          "text": "Weil Israel seinen Schöpfer vergessen und sich Paläste erbaut, und weil Juda viele Städte befestigt hat, so will ich Feuer in seine Städte senden, das seine Gebäude verzehren soll.",
          "words": []
        }
      ]
    },
    {
      "id": 9,
      "verses": [
        {
          "id": 1,
          "number": 1,
          "text": "Freue dich nicht, Israel, wie die Völker frohlocken; denn du bist deinem Gott untreu geworden, hast gerne Buhlerlohn genommen auf allen Korntennen!",
          "words": []
        },
        {
          "id": 2,
          "number": 2,
          "text": "Tenne und Kelter werden sie nicht nähren, und der Most wird sie im Stiche lassen.",
          "words": []
        },
        {
          "id": 3,
          "number": 3,
          "text": "Sie sollen nicht bleiben im Lande des HERRN, sondern Ephraim muß nach Ägypten zurückkehren und in Assyrien unreine Speisen essen.",
          "words": []
        },
        {
          "id": 4,
          "number": 4,
          "text": "Sie sollen dem HERRN keinen Wein zum Trankopfer spenden, und an ihren Schlachtopfern wird er kein Wohlgefallen haben; wie Trauerbrot sollen sie ihnen sein, alle, die davon essen, verunreinigen sich damit; denn ihr Brot ist nur für ihren Hunger; es soll nicht kommen ins Haus des HERRN!",
          "words": []
        },
        {
          "id": 5,
          "number": 5,
          "text": "Was wollt ihr am Feiertag tun, am Tage des Festes des HERRN?",
          "words": []
        },
        {
          "id": 6,
          "number": 6,
          "text": "Denn siehe, wenn sie wegen der Verwüstung weggezogen sind, so wird Ägypten sie aufnehmen, Memphis sie begraben; Disteln werden ihre silbernen Kleinodien überwuchern, Dornen ihre Hütten.",
          "words": []
        },
        {
          "id": 7,
          "number": 7,
          "text": "Die Tage der Heimsuchung sind gekommen, die Tage der Vergeltung sind da! Israel soll erfahren, ob der Prophet ein Narr sei, wahnsinnig der Geistesmensch! Und das um deiner großen Schuld willen, weil du so feindselig warst.",
          "words": []
        },
        {
          "id": 8,
          "number": 8,
          "text": "Ephraim liegt auf der Lauer gegen meinen Gott; dem Propheten sind auf allen seinen Wegen Vogelfallen gelegt; im Hause seines Gottes feindet man ihn an.",
          "words": []
        },
        {
          "id": 9,
          "number": 9,
          "text": "In tiefe Verderbnis sind sie versunken, wie vor Zeiten zu Gibea; ihrer Missetat soll gedacht werden, ihre Sünden werden bestraft.",
          "words": []
        },
        {
          "id": 10,
          "number": 10,
          "text": "Wie Trauben in der Wüste, so fand ich Israel; wie eine frühreife Frucht am jungen Feigenbaum erblickte ich eure Väter; als sie aber zum Baal-Peor kamen, weihten sie sich der Schande und wurden zum Greuel gleich dem, welchen sie liebten.",
          "words": []
        },
        {
          "id": 11,
          "number": 11,
          "text": "Ephraims Herrlichkeit fliegt wie ein Vogel davon; keine Geburt mehr, keine Empfängnis, keine Zeugung!",
          "words": []
        },
        {
          "id": 12,
          "number": 12,
          "text": "Ja, wenn sie auch ihre Söhne aufziehen, so mache ich sie doch kinderlos, daß kein Mensch mehr da ist; denn wehe ihnen, wenn ich mich von ihnen wende!",
          "words": []
        },
        {
          "id": 13,
          "number": 13,
          "text": "Ephraim ist, wie ich sehe, gepflanzt wie Tyrus in der Aue; aber er muß seine Söhne zu dem hinausführen, der sie erwürgen wird!",
          "words": []
        },
        {
          "id": 14,
          "number": 14,
          "text": "Gib ihnen, HERR, (was willst du ihnen geben?) gib ihnen einen unfruchtbaren Leib und trockene Brüste!",
          "words": []
        },
        {
          "id": 15,
          "number": 15,
          "text": "Alle ihre Bosheit stammt von Gilgal her, so daß ich sie dort zu hassen begann; wegen ihrer schlimmen Handlungen will ich sie aus meinem Hause vertreiben; ich kann sie nicht mehr lieben; alle ihre Fürsten sind Abtrünnige.",
          "words": []
        },
        {
          "id": 16,
          "number": 16,
          "text": "Ephraim ist geschlagen; ihre Wurzel verdorrt, sie bringen keine Frucht; wenn sie auch Kinder bekommen, so töte ich ihre Lieblinge doch.",
          "words": []
        },
        {
          "id": 17,
          "number": 17,
          "text": "Mein Gott wird sie verwerfen; denn sie haben ihm nicht gehorcht; darum müssen sie umherirren unter den Heiden.",
          "words": []
        }
      ]
    },
    {
      "id": 10,
      "verses": [
        {
          "id": 1,
          "number": 1,
          "text": "Israel ist ein rankender Weinstock, der Frucht ansetzt. Je mehr Früchte er brachte, desto mehr Altäre bauten sie; je besser ihr Land war, desto schönere Götzenbilder machten sie.",
          "words": []
        },
        {
          "id": 2,
          "number": 2,
          "text": "Ihr Herz ist geteilt, nun sollen sie es büßen: er wird ihre Altäre zerbrechen, ihre Götzenbilder zertrümmern.",
          "words": []
        },
        {
          "id": 3,
          "number": 3,
          "text": "Dann werden sie bekennen müssen: «Wir haben keinen König mehr, weil wir den HERRN nicht fürchteten; und ein König, was kann der uns helfen?»",
          "words": []
        },
        {
          "id": 4,
          "number": 4,
          "text": "Leere Worte reden, falsche Eide schwören, Bündnisse schließen, so daß das Gericht aufsproßt wie Unkraut aus den Furchen des Ackers!",
          "words": []
        },
        {
          "id": 5,
          "number": 5,
          "text": "Um das Kalb von Beth-Aven wird den Einwohnern von Samarien bange sein; ja, seine Bevölkerung trauert darum, und seine Priester zittern seinetwegen, wegen seiner Herrlichkeit, weil sie von ihnen weggeführt wird.",
          "words": []
        },
        {
          "id": 6,
          "number": 6,
          "text": "Ja, es selbst wird nach Assur gebracht, als Geschenk für den König Jareb: Scham erfaßt Ephraim, und Israel muß sich seines Rates schämen.",
          "words": []
        },
        {
          "id": 7,
          "number": 7,
          "text": "Samariens König fährt dahin wie ein Zweig, der auf der Wasserfläche schwimmt;",
          "words": []
        },
        {
          "id": 8,
          "number": 8,
          "text": "so werden die Höhen von Aven, die Sünde Israels, verwüstet; Dornen und Disteln werden auf ihren Altären wachsen. Da werden sie zu den Bergen sagen: Bedecket uns, und zu den Hügeln: Fallt über uns!",
          "words": []
        },
        {
          "id": 9,
          "number": 9,
          "text": "Seit den Tagen Gibeas hast du, Israel, gesündigt! Daselbst sind sie stehen geblieben. Sollte sie nun nicht auch zu Gibea der Krieg erreichen, der wider die frevelhaften Kinder geführt wird?",
          "words": []
        },
        {
          "id": 10,
          "number": 10,
          "text": "Ich will sie züchtigen nach Herzenslust, und es sollen Völker wider sie versammelt werden zur Züchtigung für ihre zwiefache Schuld!",
          "words": []
        },
        {
          "id": 11,
          "number": 11,
          "text": "Ephraim ist eine Kuh, die ans Dreschen gewöhnt ist und es gerne tut; aber ich fahre über ihren schönen Hals; ich will Ephraim anspannen, Juda soll pflügen, Jakob soll ihm eggen!",
          "words": []
        },
        {
          "id": 12,
          "number": 12,
          "text": "Säet euch Gerechtigkeit, erntet nach Maßgabe der Güte! Pflüget einen Neubruch, denn es ist Zeit, den HERRN zu suchen, bis daß er komme und euch Gerechtigkeit regnen lasse!",
          "words": []
        },
        {
          "id": 13,
          "number": 13,
          "text": "Da ihr Gesetzlosigkeit pflügtet, habt ihr Unheil geerntet und Früchte der Falschheit gegessen. Weil du dich auf deine Wagen und die Menge deiner Helden verlassen hast,",
          "words": []
        },
        {
          "id": 14,
          "number": 14,
          "text": "so soll sich Kriegslärm wider deine Völker erheben, und alle deine Festungen sollen zerstört werden, wie Schalman am Streittag Beth-Arbel zerstörte und die Mutter samt den Kindern zu Boden streckte.",
          "words": []
        },
        {
          "id": 15,
          "number": 15,
          "text": "Dergleichen bringt Bethel über euch um eurer großen Bosheit willen; beim Morgenrot wird der König Israels vertilgt sein.",
          "words": []
        }
      ]
    },
    {
      "id": 11,
      "verses": [
        {
          "id": 1,
          "number": 1,
          "text": "Als Israel jung war, liebte ich ihn, und aus Ägypten habe ich meinen Sohn berufen.",
          "words": []
        },
        {
          "id": 2,
          "number": 2,
          "text": "Aber man rief sie; sofort gingen sie von mir weg. Den Baalen opferten sie, und den Bildern räucherten sie.",
          "words": []
        },
        {
          "id": 3,
          "number": 3,
          "text": "Und doch habe ich Ephraim gegängelt! Ich nahm sie auf meine Arme; sie aber haben nicht gemerkt, daß ich sie heilte.",
          "words": []
        },
        {
          "id": 4,
          "number": 4,
          "text": "Mit menschlichen Banden zog ich sie, mit Seilen der Liebe, ich hob ihnen gleichsam das Joch auf vom Kinn und ließ sie gemütlich fressen.",
          "words": []
        },
        {
          "id": 5,
          "number": 5,
          "text": "Er soll nicht nach Ägypten zurückkehren, sondern der Assyrer soll ihr König werden, weil sie nicht umkehren wollen!",
          "words": []
        },
        {
          "id": 6,
          "number": 6,
          "text": "Und das Schwert soll in ihren Städten umgehen und ihre Prahler umbringen und sie wegen ihrer Ratschläge verzehren.",
          "words": []
        },
        {
          "id": 7,
          "number": 7,
          "text": "Mein Volk ist geneigt zum Abfall von mir; ruft man es nach oben, so erhebt sich gar niemand!",
          "words": []
        },
        {
          "id": 8,
          "number": 8,
          "text": "Wie könnte ich dich hergeben, Ephraim, wie könnte ich dich preisgeben, Israel? Wie könnte ich dich behandeln gleich Adma, dich machen wie Zeboim? Mein Herz sträubt sich dagegen, mein ganzes Mitleid ist erregt!",
          "words": []
        },
        {
          "id": 9,
          "number": 9,
          "text": "Ich will nicht tun nach meines Zornes Glut, will Ephraim nicht wiederum verderben; denn ich bin Gott und nicht ein Mensch, als der Heilige bin ich in deiner Mitte und komme nicht in grimmigem Zorn.",
          "words": []
        },
        {
          "id": 10,
          "number": 10,
          "text": "Sie werden dem HERRN nachfolgen, der brüllen wird wie ein Löwe; wenn er brüllt, so werden die Söhne zitternd vom Meer her kommen;",
          "words": []
        },
        {
          "id": 11,
          "number": 11,
          "text": "zitternd wie ein Vogel werden sie aus Ägypten kommen und wie eine Taube aus dem Lande Assur; und ich will sie in ihren eigenen Häusern wohnen lassen, spricht der HERR.",
          "words": []
        },
        {
          "id": 12,
          "number": 12,
          "text": "(H12-1) Ephraim hat mich mit Lügen umgangen und das Haus Israel mit Betrug; Juda aber schweift noch umher neben Gott und neben dem echten Heiligtum.",
          "words": []
        }
      ]
    },
    {
      "id": 12,
      "verses": [
        {
          "id": 1,
          "number": 1,
          "text": "(H12-2) Ephraim nährt sich von Wind und läuft dem Ostwind nach; es wird täglich verlogener und frecher; ein Bündnis mit Assur wollen sie schließen, und Öl wird nach Ägypten geführt.",
          "words": []
        },
        {
          "id": 2,
          "number": 2,
          "text": "(H12-3) Auch mit Juda hat der HERR zu rechten, und er muß Jakob strafen nach seinen Wegen, er wird ihm vergelten nach seinen Taten.",
          "words": []
        },
        {
          "id": 3,
          "number": 3,
          "text": "(H12-4) Schon im Mutterschoß hielt er seines Bruders Ferse, und in seiner Manneskraft kämpfte er mit Gott;",
          "words": []
        },
        {
          "id": 4,
          "number": 4,
          "text": "(H12-5) er kämpfte mit dem Engel und siegte, er weinte und flehte zu ihm; zu Bethel hat er ihn gefunden, und daselbst redete er mit uns,",
          "words": []
        },
        {
          "id": 5,
          "number": 5,
          "text": "(H12-6) nämlich der HERR, der Gott der Heerscharen, dessen Name HERR ist.",
          "words": []
        },
        {
          "id": 6,
          "number": 6,
          "text": "(H12-7) So kehre denn zu deinem Gott zurück, halte fest an Liebe und Recht und hoffe stets auf deinen Gott!",
          "words": []
        },
        {
          "id": 7,
          "number": 7,
          "text": "(H12-8) Der Kanaaniter hat eine falsche Waage in der Hand, er übervorteilt gern.",
          "words": []
        },
        {
          "id": 8,
          "number": 8,
          "text": "(H12-9) Auch Ephraim spricht: «Ich bin doch reich geworden, ich habe mir ein Vermögen erworben; an all meinem Erwerb wird man mir kein Unrecht nachweisen können, das Sünde wäre!»",
          "words": []
        },
        {
          "id": 9,
          "number": 9,
          "text": "(H12-10) Ich aber, der HERR, bin dein Gott vom Lande Ägypten her, ich werde dich wieder in Zelten wohnen lassen wie zur Zeit des Festes.",
          "words": []
        },
        {
          "id": 10,
          "number": 10,
          "text": "(H12-11) Ich habe zu den Propheten geredet und viele Gesichte gegeben und durch die Propheten in Gleichnissen gelehrt.",
          "words": []
        },
        {
          "id": 11,
          "number": 11,
          "text": "(H12-12) Sind sie in Gilead nichtswürdig gewesen, so sollen sie zunichte werden; opferten sie in Gilgal Stiere, so sollen auch ihre Altäre wie Steinhaufen auf den Furchen des Ackers werden!",
          "words": []
        },
        {
          "id": 12,
          "number": 12,
          "text": "(H12-13) Als Jakob in die Landschaft Aram floh, da diente Israel um ein Weib; um ein Weib hütete er die Herde ;",
          "words": []
        },
        {
          "id": 13,
          "number": 13,
          "text": "(H12-14) so hat der HERR durch einen Propheten Israel aus Ägypten heraufgeführt und es durch einen Propheten hüten lassen.",
          "words": []
        },
        {
          "id": 14,
          "number": 14,
          "text": "(H12-15) Ephraim hat ihn bitter gekränkt; er wird seine Blutschuld auf ihn werfen, und sein Herr wird ihm seine Beschimpfung vergelten.",
          "words": []
        }
      ]
    },
    {
      "id": 13,
      "verses": [
        {
          "id": 1,
          "number": 1,
          "text": "Wenn Ephraim redete, herrschte Schrecken; groß stand er da in Israel; als er sich aber mit dem Baal versündigte, fing er an zu sterben.",
          "words": []
        },
        {
          "id": 2,
          "number": 2,
          "text": "Und nun fahren sie fort zu sündigen und gießen sich Bilder aus ihrem Silber, Götzen nach ihrer Erfindung, allesamt ein Machwerk von Künstlern; von ihnen sagen sie, die opfernden Menschen: «Man soll die Kälber küssen!»",
          "words": []
        },
        {
          "id": 3,
          "number": 3,
          "text": "Darum werden sie sein wie eine Morgenwolke und wie der Tau, der früh vergeht, wie die Spreu, die von der Tenne verweht wird, und wie der Rauch aus dem Kamin!",
          "words": []
        },
        {
          "id": 4,
          "number": 4,
          "text": "Ich aber bin der HERR, dein Gott, vom Lande Ägypten her, und außer mir kennst du keinen Gott, und es gibt keinen Retter als mich allein!",
          "words": []
        },
        {
          "id": 5,
          "number": 5,
          "text": "Ich nahm deiner wahr in der Wüste, im dürren Land.",
          "words": []
        },
        {
          "id": 6,
          "number": 6,
          "text": "Als sie aber Weide fanden, wurden sie satt; und als sie satt wurden, erhob sich ihr Herz; darum vergaßen sie mich.",
          "words": []
        },
        {
          "id": 7,
          "number": 7,
          "text": "Da ward ich gegen sie wie ein Löwe und lauerte wie ein Panther am Wege;",
          "words": []
        },
        {
          "id": 8,
          "number": 8,
          "text": "ich überfiel sie wie eine Bärin, der man die Jungen geraubt, und zerriß ihnen den Brustkasten und fraß sie daselbst wie ein Löwe; wie ein wildes Tier zerriß ich sie.",
          "words": []
        },
        {
          "id": 9,
          "number": 9,
          "text": "Das ist dein Verderben, Israel, daß du gegen mich, deine Hilfe, bist!",
          "words": []
        },
        {
          "id": 10,
          "number": 10,
          "text": "Wo ist denn nun dein König, daß er dir helfe in allen deinen Städten, und wo sind deine Richter? Denn du hast ja gesagt: «Gib mir einen König und Fürsten!»",
          "words": []
        },
        {
          "id": 11,
          "number": 11,
          "text": "Ich gab dir einen König in meinem Zorn und nehme ihn weg in meinem Grimm!",
          "words": []
        },
        {
          "id": 12,
          "number": 12,
          "text": "Ephraims Schuld ist zusammengebunden, seine Sünde ist aufbehalten.",
          "words": []
        },
        {
          "id": 13,
          "number": 13,
          "text": "Geburtswehen werden ihn ankommen; er ist ein unverständiges Kind; denn zur rechten Zeit stellt er sich nicht ein zur Geburt!",
          "words": []
        },
        {
          "id": 14,
          "number": 14,
          "text": "Ich will sie erlösen aus der Gewalt des Totenreichs, vom Tode will ich sie loskaufen. Tod, wo ist dein Verderben? Totenreich, wo ist dein Sieg? Mitleid muß verschwinden vor mir!",
          "words": []
        },
        {
          "id": 15,
          "number": 15,
          "text": "Denn sollte er auch Frucht tragen unter den Brüdern, so wird ein Ostwind kommen, ein Wind des HERRN von der Wüste herauf, so daß sein Brunnen vertrocknet und sein Quell versiegt. Er wird den Schatz aller kostbaren Geräte berauben.",
          "words": []
        },
        {
          "id": 16,
          "number": 16,
          "text": "(H14-1) Samaria muß es büßen; denn es hat sich wider seinen Gott empört; durchs Schwert sollen sie fallen; ihre Kindlein sollen zerschmettert und die Schwangeren aufgeschlitzt werden!",
          "words": []
        }
      ]
    },
    {
      "id": 14,
      "verses": [
        {
          "id": 1,
          "number": 1,
          "text": "(H14-2) Kehre um, o Israel, zu dem HERRN, deinem Gott! Denn du bist gefallen durch deine eigene Schuld.",
          "words": []
        },
        {
          "id": 2,
          "number": 2,
          "text": "(H14-3) Nehmet Worte mit euch und kehret um zum HERRN! Sprechet: «Vergib alle Schuld und nimm es gut auf, daß wir dir als Dankopfer die Farren unserer Lippen bringen!",
          "words": []
        },
        {
          "id": 3,
          "number": 3,
          "text": "(H14-4) Assur soll uns nicht mehr helfen; wir wollen nicht mehr auf Rossen reiten und das Werk unserer Hände nicht mehr unsere Götter nennen, denn bei dir findet das Waislein Barmherzigkeit!»",
          "words": []
        },
        {
          "id": 4,
          "number": 4,
          "text": "(H14-5) Ich will ihre Abtrünnigkeit heilen, gerne will ich sie lieben; denn mein Zorn hat sich von ihnen abgewandt!",
          "words": []
        },
        {
          "id": 5,
          "number": 5,
          "text": "(H14-6) Ich will für Israel sein wie der Tau; es soll blühen wie eine Lilie und Wurzel schlagen wie der Libanon.",
          "words": []
        },
        {
          "id": 6,
          "number": 6,
          "text": "(H14-7) Seine Schößlinge sollen sich ausbreiten; es soll so schön werden wie ein Ölbaum und so guten Geruch geben wie der Libanon.",
          "words": []
        },
        {
          "id": 7,
          "number": 7,
          "text": "(H14-8) Die unter seinem Schatten wohnen, werden wieder aufleben wie das Getreide und blühen wie der Weinstock und so berühmt werden wie der Wein vom Libanon.",
          "words": []
        },
        {
          "id": 8,
          "number": 8,
          "text": "(H14-9) Ephraim sagt: Was sollen mir weiter die Götzen? Ich, ich will ihn erhören und zu ihm sehen. Ich, ich bin wie eine grünende Zypresse; es soll sich zeigen, daß deine Frucht von mir kommt!",
          "words": []
        },
        {
          "id": 9,
          "number": 9,
          "text": "(H14-10) Wer ist so weise, daß er das einsehe, und so klug, daß er das verstehe? Die Wege des HERRN sind richtig, und die Gerechten wandeln darauf; aber die Übertreter kommen auf ihnen zu Fall.",
          "words": []
        }
      ]
    }
  ]
}