{
  "id": 59,
  "name": "James",
  "chapters": [
    {
      "id": 1,
      "verses": [
        {
          "id": 1,
          "number": 1,
          "text": "Jakobus, Knecht Gottes und des Herrn Jesus Christus, grüßt die zwölf Stämme, die in der Zerstreuung sind!",
          "words": []
        },
        {
          "id": 2,
          "number": 2,
          "text": "Meine Brüder, achtet es für lauter Freude, wenn ihr in mancherlei Anfechtungen geratet,",
          "words": []
        },
        {
          "id": 3,
          "number": 3,
          "text": "da ihr ja wisset, daß die Bewährung eures Glaubens Geduld wirkt.",
          "words": []
        },
        {
          "id": 4,
          "number": 4,
          "text": "Die Geduld aber soll ein vollkommenes Werk haben, damit ihr vollkommen und ganz seiet und es euch an nichts mangle.",
          "words": []
        },
        {
          "id": 5,
          "number": 5,
          "text": "Wenn aber jemandem unter euch Weisheit mangelt, so erbitte er sie von Gott, der allen gern und ohne Vorwurf gibt, so wird sie ihm gegeben werden.",
          "words": []
        },
        {
          "id": 6,
          "number": 6,
          "text": "Er bitte aber im Glauben und zweifle nicht; denn wer zweifelt, gleicht der Meereswoge, die vom Winde hin und her getrieben wird.",
          "words": []
        },
        {
          "id": 7,
          "number": 7,
          "text": "Ein solcher Mensch denke nicht, daß er etwas von dem Herrn empfangen werde.",
          "words": []
        },
        {
          "id": 8,
          "number": 8,
          "text": "Ein Mann mit geteiltem Herzen ist unbeständig in allen seinen Wegen.",
          "words": []
        },
        {
          "id": 9,
          "number": 9,
          "text": "Der Bruder aber, welcher niedrig gestellt ist, soll sich seiner Hoheit rühmen,",
          "words": []
        },
        {
          "id": 10,
          "number": 10,
          "text": "der Reiche dagegen seiner Niedrigkeit; denn wie eine Blume des Grases wird er vergehen.",
          "words": []
        },
        {
          "id": 11,
          "number": 11,
          "text": "Denn kaum ist die Sonne mit ihrer Hitze aufgegangen, so verdorrt das Gras, und seine Blume fällt ab, und seine schöne Gestalt vergeht; so wird auch der Reiche in seinen Wegen verwelken.",
          "words": []
        },
        {
          "id": 12,
          "number": 12,
          "text": "Selig ist der Mann, der die Anfechtung erduldet; denn nachdem er sich bewährt hat, wird er die Krone des Lebens empfangen, welche Gott denen verheißen hat, die ihn lieben!",
          "words": []
        },
        {
          "id": 13,
          "number": 13,
          "text": "Niemand sage, wenn er versucht wird: Ich werde von Gott versucht. Denn Gott ist unangefochten vom Bösen; er selbst versucht aber auch niemand.",
          "words": []
        },
        {
          "id": 14,
          "number": 14,
          "text": "Sondern ein jeder wird versucht, wenn er von seiner eigenen Lust gereizt und gelockt wird.",
          "words": []
        },
        {
          "id": 15,
          "number": 15,
          "text": "Darnach, wenn die Lust empfangen hat, gebiert sie die Sünde; die Sünde aber, wenn sie vollendet ist, gebiert den Tod.",
          "words": []
        },
        {
          "id": 16,
          "number": 16,
          "text": "Irret euch nicht, meine lieben Brüder:",
          "words": []
        },
        {
          "id": 17,
          "number": 17,
          "text": "Jede gute Gabe und jedes vollkommene Geschenk kommt von oben herab, von dem Vater der Lichter, bei welchem keine Veränderung ist, noch ein Schatten infolge von Wechsel.",
          "words": []
        },
        {
          "id": 18,
          "number": 18,
          "text": "Nach seinem Willen hat er uns erzeugt durch das Wort der Wahrheit, damit wir gleichsam Erstlinge seiner Geschöpfe seien.",
          "words": []
        },
        {
          "id": 19,
          "number": 19,
          "text": "Darum, meine geliebten Brüder, sei jeder Mensch schnell zum Hören, langsam aber zum Reden, langsam zum Zorn;",
          "words": []
        },
        {
          "id": 20,
          "number": 20,
          "text": "denn des Menschen Zorn wirkt nicht Gottes Gerechtigkeit!",
          "words": []
        },
        {
          "id": 21,
          "number": 21,
          "text": "Darum leget allen Schmutz und Vorrat von Bosheit ab und nehmet mit Sanftmut das euch eingepflanzte Wort auf, welches eure Seelen retten kann!",
          "words": []
        },
        {
          "id": 22,
          "number": 22,
          "text": "Seid aber Täter des Wortes und nicht Hörer allein, womit ihr euch selbst betrügen würdet.",
          "words": []
        },
        {
          "id": 23,
          "number": 23,
          "text": "Denn wer nur Hörer des Wortes ist und nicht Täter, der gleicht einem Manne, der sein natürliches Angesicht im Spiegel beschaut;",
          "words": []
        },
        {
          "id": 24,
          "number": 24,
          "text": "er betrachtet sich und läuft davon und hat bald vergessen, wie er gestaltet war.",
          "words": []
        },
        {
          "id": 25,
          "number": 25,
          "text": "Wer aber hineinschaut in das vollkommene Gesetz der Freiheit und dabei bleibt, nicht als vergeßlicher Hörer, sondern als wirklicher Täter, der wird selig sein in seinem Tun.",
          "words": []
        },
        {
          "id": 26,
          "number": 26,
          "text": "Wenn jemand fromm zu sein meint, seine Zunge aber nicht im Zaum hält, sondern sein Herz betrügt, dessen Frömmigkeit ist wertlos.",
          "words": []
        },
        {
          "id": 27,
          "number": 27,
          "text": "Reine und makellose Frömmigkeit vor Gott dem Vater ist es, Waisen und Witwen in ihrer Trübsal zu besuchen und sich von der Welt unbefleckt zu erhalten.",
          "words": []
        }
      ]
    },
    {
      "id": 2,
      "verses": [
        {
          "id": 1,
          "number": 1,
          "text": "Meine Brüder, verbindet den Glauben an unsren Herrn der Herrlichkeit, Jesus Christus, nicht mit Ansehen der Person!",
          "words": []
        },
        {
          "id": 2,
          "number": 2,
          "text": "Denn wenn in eure Versammlung ein Mann käme mit goldenen Ringen und in prächtigem Kleide, es käme aber auch ein Armer in einem unsauberen Kleide,",
          "words": []
        },
        {
          "id": 3,
          "number": 3,
          "text": "und ihr würdet euch nach dem umsehen, der das prächtige Kleid trägt, und zu ihm sagen: Setze du dich hier an diesen Platz! Zum Armen aber sprächet ihr: Bleib du dort stehen, oder setze dich unter meinen Fußschemel!",
          "words": []
        },
        {
          "id": 4,
          "number": 4,
          "text": "würdet ihr da nicht Unterschiede untereinander machen und nach verwerflichen Grundsätzen richten?",
          "words": []
        },
        {
          "id": 5,
          "number": 5,
          "text": "Höret, meine lieben Brüder: Hat nicht Gott diejenigen erwählt, die in den Augen der Welt arm sind, daß sie reich im Glauben und Erben des Reiches würden, das er denen verheißen hat, die ihn lieben?",
          "words": []
        },
        {
          "id": 6,
          "number": 6,
          "text": "Ihr aber habt den Armen verachtet! Sind es nicht die Reichen, die euch vergewaltigen, und ziehen nicht sie euch vor Gericht?",
          "words": []
        },
        {
          "id": 7,
          "number": 7,
          "text": "Lästern nicht sie den schönen Namen, der euch beigelegt worden ist?",
          "words": []
        },
        {
          "id": 8,
          "number": 8,
          "text": "Wenn ihr das königliche Gesetz erfüllet nach dem Schriftwort: «Liebe deinen Nächsten wie dich selbst!» so tut ihr wohl;",
          "words": []
        },
        {
          "id": 9,
          "number": 9,
          "text": "wenn ihr aber die Person ansehet, so tut ihr Sünde und werdet vom Gesetz als Übertreter verurteilt.",
          "words": []
        },
        {
          "id": 10,
          "number": 10,
          "text": "Denn wer das ganze Gesetz hält, aber in einem Gebote fehlt, der ist in allem schuldig geworden;",
          "words": []
        },
        {
          "id": 11,
          "number": 11,
          "text": "denn der, welcher gesagt hat: «Du sollst nicht ehebrechen», der hat auch gesagt: «Du sollst nicht töten». Wenn du nun zwar nicht die Ehe brichst, aber tötest, so bist du ein Übertreter des Gesetzes geworden.",
          "words": []
        },
        {
          "id": 12,
          "number": 12,
          "text": "Redet und handelt als solche, die durch das Gesetz der Freiheit gerichtet werden sollen!",
          "words": []
        },
        {
          "id": 13,
          "number": 13,
          "text": "Denn das Gericht ist unbarmherzig gegen den, der keine Barmherzigkeit geübt hat; die Barmherzigkeit aber rühmt sich wider das Gericht.",
          "words": []
        },
        {
          "id": 14,
          "number": 14,
          "text": "Was hilft es, meine Brüder, wenn jemand sagt, er habe Glauben, dabei aber keine Werke hat? Kann ihn denn der Glaube retten?",
          "words": []
        },
        {
          "id": 15,
          "number": 15,
          "text": "Wenn es einem Bruder oder einer Schwester an Kleidung und täglicher Nahrung gebricht",
          "words": []
        },
        {
          "id": 16,
          "number": 16,
          "text": "und jemand von euch zu ihnen sagen würde: Gehet hin in Frieden, wärmet und sättiget euch, ihr gäbet ihnen aber nicht, was zur Befriedigung ihrer leiblichen Bedürfnisse erforderlich ist, was hülfe ihnen das?",
          "words": []
        },
        {
          "id": 17,
          "number": 17,
          "text": "So ist es auch mit dem Glauben: Wenn er keine Werke hat, so ist er an und für sich tot.",
          "words": []
        },
        {
          "id": 18,
          "number": 18,
          "text": "Da wird aber jemand sagen: Du hast Glauben, ich habe Werke. Zeige mir deinen Glauben ohne die Werke; ich aber will dir aus meinen Werken den Glauben zeigen!",
          "words": []
        },
        {
          "id": 19,
          "number": 19,
          "text": "Du glaubst, daß ein einziger Gott ist? Du tust wohl daran! Auch die Dämonen glauben es und zittern.",
          "words": []
        },
        {
          "id": 20,
          "number": 20,
          "text": "Willst du aber erkennen, du eitler Mensch, daß der Glaube ohne Werke fruchtlos ist?",
          "words": []
        },
        {
          "id": 21,
          "number": 21,
          "text": "Wurde nicht Abraham, unser Vater, durch Werke gerechtfertigt, als er seinen Sohn Isaak auf dem Altar darbrachte?",
          "words": []
        },
        {
          "id": 22,
          "number": 22,
          "text": "Da siehst du doch, daß der Glaube zusammen mit seinen Werken wirksam war und daß der Glaube durch die Werke vollkommen wurde;",
          "words": []
        },
        {
          "id": 23,
          "number": 23,
          "text": "und so erfüllte sich die Schrift, die da spricht: «Abraham hat Gott geglaubt, und das wurde ihm zur Gerechtigkeit gerechnet», und er ist «Freund Gottes» genannt worden.",
          "words": []
        },
        {
          "id": 24,
          "number": 24,
          "text": "Da seht ihr, daß der Mensch durch Werke gerechtfertigt wird und nicht durch den Glauben allein.",
          "words": []
        },
        {
          "id": 25,
          "number": 25,
          "text": "Ist nicht ebenso auch die Dirne Rahab durch Werke gerechtfertigt worden, da sie die Boten aufnahm und auf einem anderen Weg entließ?",
          "words": []
        },
        {
          "id": 26,
          "number": 26,
          "text": "Denn gleichwie der Leib ohne Geist tot ist, also ist auch der Glaube ohne Werke tot.",
          "words": []
        }
      ]
    },
    {
      "id": 3,
      "verses": [
        {
          "id": 1,
          "number": 1,
          "text": "Werdet nicht in großer Zahl Lehrer, meine Brüder, da ihr wisset, daß wir ein strengeres Urteil empfangen!",
          "words": []
        },
        {
          "id": 2,
          "number": 2,
          "text": "Denn wir fehlen alle viel; wenn jemand in der Rede nicht fehlt, so ist er ein vollkommener Mann, fähig, auch den ganzen Leib im Zaum zu halten.",
          "words": []
        },
        {
          "id": 3,
          "number": 3,
          "text": "Siehe, den Pferden legen wir die Zäume ins Maul, damit sie uns gehorchen, und so lenken wir ihren ganzen Leib.",
          "words": []
        },
        {
          "id": 4,
          "number": 4,
          "text": "Siehe, auch die Schiffe, so groß sie sind und so rauhe Winde sie auch treiben mögen, werden von einem ganz kleinen Steuerruder gelenkt, wohin die feste Hand des Steuermannes es haben will.",
          "words": []
        },
        {
          "id": 5,
          "number": 5,
          "text": "So ist auch die Zunge ein kleines Glied und rühmt sich doch großer Dinge. Siehe, ein kleines Feuer, welch großen Wald zündet es an!",
          "words": []
        },
        {
          "id": 6,
          "number": 6,
          "text": "Auch die Zunge ist ein Feuer. Als die Welt der Ungerechtigkeit nimmt die Zunge ihren Platz ein unter unsren Gliedern; sie befleckt den ganzen Leib und steckt den Familienkreis in Brand und wird selbst von der Hölle in Brand gesteckt.",
          "words": []
        },
        {
          "id": 7,
          "number": 7,
          "text": "Denn jede Natur (der wilden Tiere und Vögel, der Reptilien und Meertiere) wird gezähmt und ist gezähmt worden von der menschlichen Natur;",
          "words": []
        },
        {
          "id": 8,
          "number": 8,
          "text": "die Zunge aber kann kein Mensch zähmen, das unruhige Übel voll tödlichen Giftes!",
          "words": []
        },
        {
          "id": 9,
          "number": 9,
          "text": "Mit ihr loben wir den Herrn und Vater, und mit ihr verfluchen wir die Menschen, die nach dem Bilde Gottes gemacht sind;",
          "words": []
        },
        {
          "id": 10,
          "number": 10,
          "text": "aus ein und demselben Munde geht Loben und Fluchen hervor. Es soll, meine Brüder, nicht also sein!",
          "words": []
        },
        {
          "id": 11,
          "number": 11,
          "text": "Sprudelt auch eine Quelle aus demselben Loch zugleich Süßes und Bitteres hervor?",
          "words": []
        },
        {
          "id": 12,
          "number": 12,
          "text": "Kann auch, meine Brüder, ein Feigenbaum Oliven tragen, oder der Weinstock Feigen? So kann auch eine salzige Quelle kein süßes Wasser geben.",
          "words": []
        },
        {
          "id": 13,
          "number": 13,
          "text": "Wer ist weise und verständig unter euch? Der zeige durch einen guten Wandel seine Werke in Sanftmut der Weisheit!",
          "words": []
        },
        {
          "id": 14,
          "number": 14,
          "text": "Habt ihr aber bitteren Neid und Streitsucht in eurem Herzen, so rühmet euch nicht und lüget nicht wider die Wahrheit!",
          "words": []
        },
        {
          "id": 15,
          "number": 15,
          "text": "Das ist nicht die Weisheit, die von oben stammt, sondern eine irdische, seelische, dämonische.",
          "words": []
        },
        {
          "id": 16,
          "number": 16,
          "text": "Denn wo Neid und Streitsucht regieren, da ist Unordnung und jedes böse Ding.",
          "words": []
        },
        {
          "id": 17,
          "number": 17,
          "text": "Die Weisheit von oben aber ist erstens rein, sodann friedsam, gelinde, folgsam, voll Barmherzigkeit und guter Früchte, nicht schwankend, ungeheuchelt.",
          "words": []
        },
        {
          "id": 18,
          "number": 18,
          "text": "Die Frucht der Gerechtigkeit aber wird in Frieden gesät denen, die Frieden machen.",
          "words": []
        }
      ]
    },
    {
      "id": 4,
      "verses": [
        {
          "id": 1,
          "number": 1,
          "text": "Woher kommen Kriege, und woher kommen Streitigkeiten unter euch? Kommen sie nicht von den Lüsten, die in euren Gliedern streiten?",
          "words": []
        },
        {
          "id": 2,
          "number": 2,
          "text": "Ihr seid begehrlich und habet nicht, ihr mordet und eifert und könnt es doch nicht erlangen; ihr streitet und krieget.",
          "words": []
        },
        {
          "id": 3,
          "number": 3,
          "text": "Ihr erlanget es nicht, weil ihr nicht bittet; ihr bittet und bekommt es nicht, weil ihr übel bittet, um es mit euren Wollüsten zu verzehren.",
          "words": []
        },
        {
          "id": 4,
          "number": 4,
          "text": "Ihr Ehebrecher und Ehebrecherinnen, wisset ihr nicht, daß die Freundschaft mit der Welt Feindschaft gegen Gott ist? Wer immer der Welt Freund sein will, macht sich zum Feinde Gottes!",
          "words": []
        },
        {
          "id": 5,
          "number": 5,
          "text": "Oder meinet ihr, die Schrift sage umsonst: Ein eifersüchtiges Verlangen hat der Geist, der in uns wohnt?",
          "words": []
        },
        {
          "id": 6,
          "number": 6,
          "text": "Größer aber ist die Gnade, die er gibt. Darum spricht sie: «Gott widersteht den Hoffärtigen; aber den Demütigen gibt er Gnade.»",
          "words": []
        },
        {
          "id": 7,
          "number": 7,
          "text": "So unterwerfet euch nun Gott! Widerstehet dem Teufel, so flieht er von euch;",
          "words": []
        },
        {
          "id": 8,
          "number": 8,
          "text": "nahet euch zu Gott, so naht er sich zu euch! Reiniget die Hände, ihr Sünder, und machet eure Herzen keusch, die ihr geteilten Herzens seid!",
          "words": []
        },
        {
          "id": 9,
          "number": 9,
          "text": "Fühlet euer Elend, trauert und heulet! Euer Lachen verkehre sich in Trauer und eure Freude in Niedergeschlagenheit!",
          "words": []
        },
        {
          "id": 10,
          "number": 10,
          "text": "Demütiget euch vor dem Herrn, so wird er euch erhöhen.",
          "words": []
        },
        {
          "id": 11,
          "number": 11,
          "text": "Verleumdet einander nicht, ihr Brüder! Wer einen Bruder verleumdet oder seinen Bruder richtet, der verleumdet das Gesetz und richtet das Gesetz; wenn du aber das Gesetz richtest, so bist du nicht ein Täter, sondern ein Richter des Gesetzes.",
          "words": []
        },
        {
          "id": 12,
          "number": 12,
          "text": "Einer nur ist Gesetzgeber und Richter, er, der retten und verderben kann; wer aber bist du, daß du deinen Nächsten richtest?",
          "words": []
        },
        {
          "id": 13,
          "number": 13,
          "text": "Wohlan nun, die ihr saget: Heute oder morgen wollen wir in die und die Stadt reisen und daselbst ein Jahr zubringen, Handel treiben und gewinnen!",
          "words": []
        },
        {
          "id": 14,
          "number": 14,
          "text": "Und doch wißt ihr nicht, was morgen sein wird! Denn was ist euer Leben? Ein Dampf ist es, der eine kleine Zeit sichtbar ist und darnach verschwindet.",
          "words": []
        },
        {
          "id": 15,
          "number": 15,
          "text": "Statt dessen solltet ihr sagen: Wenn der Herr will und wir leben, wollen wir dies oder das tun.",
          "words": []
        },
        {
          "id": 16,
          "number": 16,
          "text": "Nun aber rühmet ihr euch in eurem Übermut; jedes derartige Rühmen ist vom Übel.",
          "words": []
        },
        {
          "id": 17,
          "number": 17,
          "text": "Wer nun weiß Gutes zu tun und es nicht tut, dem ist es Sünde.",
          "words": []
        }
      ]
    },
    {
      "id": 5,
      "verses": [
        {
          "id": 1,
          "number": 1,
          "text": "Wohlan nun, ihr Reichen, weinet und heulet über das Elend, das über euch kommt!",
          "words": []
        },
        {
          "id": 2,
          "number": 2,
          "text": "Euer Reichtum ist verfault und eure Kleider sind zum Mottenfraß geworden;",
          "words": []
        },
        {
          "id": 3,
          "number": 3,
          "text": "euer Gold und Silber ist verrostet, und ihr Rost wird gegen euch Zeugnis ablegen und euer Fleisch fressen wie Feuer. Ihr habt Schätze gesammelt in den letzten Tagen!",
          "words": []
        },
        {
          "id": 4,
          "number": 4,
          "text": "Siehe, der Lohn der Arbeiter, die euch die Felder abgemäht haben, der aber von euch zurückbehalten worden ist, schreit, und das Rufen der Schnitter ist zu den Ohren des Herrn der Heerscharen gekommen.",
          "words": []
        },
        {
          "id": 5,
          "number": 5,
          "text": "Ihr habt geschwelgt und gepraßt auf Erden, ihr habt eure Herzen gemästet an einem Schlachttag!",
          "words": []
        },
        {
          "id": 6,
          "number": 6,
          "text": "Ihr habt den Gerechten verurteilt, ihn getötet; er hat euch nicht widerstanden.",
          "words": []
        },
        {
          "id": 7,
          "number": 7,
          "text": "So geduldet euch nun, ihr Brüder, bis zur Wiederkunft des Herrn! Siehe, der Landmann wartet auf die köstliche Frucht der Erde und geduldet sich ihretwegen, bis sie den Früh und Spätregen empfangen hat.",
          "words": []
        },
        {
          "id": 8,
          "number": 8,
          "text": "Geduldet auch ihr euch, stärket eure Herzen; denn die Wiederkunft des Herrn ist nahe!",
          "words": []
        },
        {
          "id": 9,
          "number": 9,
          "text": "Seufzet nicht widereinander, Brüder, damit ihr nicht gerichtet werdet; siehe, der Richter steht vor der Tür!",
          "words": []
        },
        {
          "id": 10,
          "number": 10,
          "text": "Nehmet, Brüder, zum Vorbild des Unrechtleidens und der Geduld die Propheten, die im Namen des Herrn geredet haben.",
          "words": []
        },
        {
          "id": 11,
          "number": 11,
          "text": "Siehe, wir preisen die selig, welche ausgeharrt haben. Von Hiobs Geduld habt ihr gehört, und das Ende des Herrn habt ihr gesehen; denn der Herr ist voll Mitleid und Erbarmen.",
          "words": []
        },
        {
          "id": 12,
          "number": 12,
          "text": "Vor allem aber, meine Brüder, schwöret nicht, weder bei dem Himmel noch bei der Erde noch mit irgend einem anderen Eid; euer Ja soll ein Ja sein, und euer Nein ein Nein, damit ihr nicht unter das Gericht fallet.",
          "words": []
        },
        {
          "id": 13,
          "number": 13,
          "text": "Leidet jemand von euch Unrecht, der bete; ist jemand guten Mutes, der singe Psalmen!",
          "words": []
        },
        {
          "id": 14,
          "number": 14,
          "text": "Ist jemand von euch krank, der lasse die Ältesten der Gemeinde zu sich rufen; und sie sollen über ihn beten und ihn dabei mit Öl salben im Namen des Herrn.",
          "words": []
        },
        {
          "id": 15,
          "number": 15,
          "text": "Und das Gebet des Glaubens wird den Kranken retten, und der Herr wird ihn aufrichten; und wenn er Sünden begangen hat, so wird ihm vergeben werden.",
          "words": []
        },
        {
          "id": 16,
          "number": 16,
          "text": "So bekennet denn einander die Sünden und betet füreinander, damit ihr geheilt werdet! Das Gebet eines Gerechten vermag viel, wenn es ernstlich ist.",
          "words": []
        },
        {
          "id": 17,
          "number": 17,
          "text": "Elia war ein Mensch von gleicher Art wie wir, und er betete ein Gebet, daß es nicht regnen solle, und es regnete nicht im Lande, drei Jahre und sechs Monate;",
          "words": []
        },
        {
          "id": 18,
          "number": 18,
          "text": "und er betete wiederum; da gab der Himmel Regen, und die Erde brachte ihre Frucht.",
          "words": []
        },
        {
          "id": 19,
          "number": 19,
          "text": "Meine Brüder, wenn jemand unter euch von der Wahrheit abirrt und es bekehrt ihn einer,",
          "words": []
        },
        {
          "id": 20,
          "number": 20,
          "text": "so soll er wissen: wer einen Sünder von seinem Irrweg bekehrt, der wird seine Seele vom Tode retten und eine Menge Sünden zudecken.",
          "words": []
        }
      ]
    }
  ]
}