{
  "id": 65,
  "name": "Jude",
  "chapters": [
    {
      "id": 1,
      "verses": [
        {
          "id": 1,
          "number": 1,
          "text": "Judas, Knecht Jesu Christi, Bruder aber des Jakobus, an die Berufenen, die in Gott, dem Vater, geliebt und durch Jesus Christus bewahrt sind:",
          "words": []
        },
        {
          "id": 2,
          "number": 2,
          "text": "Barmherzigkeit, Friede und Liebe widerfahre euch mehr und mehr!",
          "words": []
        },
        {
          "id": 3,
          "number": 3,
          "text": "Geliebte, da es mir ein großes Anliegen ist, euch von unsrem gemeinsamen Heil zu schreiben, halte ich es für notwendig, euch zu schreiben mit der Ermahnung, daß ihr für den Glauben kämpfet, der den Heiligen ein für allemal übergeben worden ist.",
          "words": []
        },
        {
          "id": 4,
          "number": 4,
          "text": "Es haben sich nämlich etliche Menschen eingeschlichen, für die schon längst folgendes Urteil geschrieben worden ist: «Gottlose, welche die Gnade unsres Gottes in Ausgelassenheit verkehren und den einzigen Herrscher und Herrn, Jesus Christus, verleugnen.»",
          "words": []
        },
        {
          "id": 5,
          "number": 5,
          "text": "Ich will euch aber daran erinnern, obschon ihr alles schon einmal wußtet, daß der Herr, nachdem er das Volk aus dem Lande Ägypten errettet hatte, das zweitemal diejenigen vertilgte, die nicht glaubten,",
          "words": []
        },
        {
          "id": 6,
          "number": 6,
          "text": "und daß er die Engel, welche ihr Fürstentum nicht bewahrten, sondern ihre eigene Behausung verließen, für das Gericht des großen Tages mit ewigen Banden unter der Finsternis verwahrt hat;",
          "words": []
        },
        {
          "id": 7,
          "number": 7,
          "text": "wie Sodom und Gomorra und die umliegenden Städte, die in gleicher Weise wie diese die Unzucht bis aufs äußerste trieben und anderem Fleisch nachgingen, nun als Beispiel vor uns liegen, indem sie die Strafe eines ewigen Feuers erleiden.",
          "words": []
        },
        {
          "id": 8,
          "number": 8,
          "text": "Trotzdem beflecken auch diese in gleicher Weise mit ihren Träumereien das Fleisch, verachten die Herrschaft und lästern die Majestäten.",
          "words": []
        },
        {
          "id": 9,
          "number": 9,
          "text": "Der Erzengel Michael dagegen, als er mit dem Teufel in Streit geriet und über den Leib Moses verhandelte, wagte kein lästerndes Urteil zu fällen, sondern sprach: «Der Herr strafe dich!»",
          "words": []
        },
        {
          "id": 10,
          "number": 10,
          "text": "Diese aber lästern alles, was sie nicht verstehen; was sie aber von Natur wie die unvernünftigen Tiere wissen, darin verderben sie sich.",
          "words": []
        },
        {
          "id": 11,
          "number": 11,
          "text": "Wehe ihnen, denn sie sind den Weg Kains gegangen und haben sich durch den betrüglichen Lohn Bileams verlocken lassen und sind durch die Widersetzlichkeit Koras ins Verderben geraten!",
          "words": []
        },
        {
          "id": 12,
          "number": 12,
          "text": "Das sind die, welche bei euren Liebesmahlen in anstößiger Weise miteinander schmausen, indem sie ohne Scheu sich selbst weiden, Wolken ohne Wasser, von Winden umhergetrieben, unfruchtbare Bäume im Spätherbst, zweimal erstorben und entwurzelt,",
          "words": []
        },
        {
          "id": 13,
          "number": 13,
          "text": "wilde Wellen des Meeres, die ihre eigene Schande ausschäumen, Irrsterne, welchen das Dunkel der Finsternis in Ewigkeit aufbehalten ist.",
          "words": []
        },
        {
          "id": 14,
          "number": 14,
          "text": "Es hat aber auch von diesen Enoch, der siebente nach Adam, geweissagt mit den Worten:",
          "words": []
        },
        {
          "id": 15,
          "number": 15,
          "text": "«Siehe, der Herr ist gekommen mit seinen heiligen Zehntausenden, um Gericht zu halten über alle und alle Gottlosen zu strafen wegen all ihrer gottlosen Taten, womit sie sich vergangen, und wegen aller harten Worte, welche die gottlosen Sünder gegen ihn geredet haben.»",
          "words": []
        },
        {
          "id": 16,
          "number": 16,
          "text": "Das sind Unzufriedene, die mit ihrem Schicksal hadern und dabei nach ihren Lüsten wandeln; und ihr Mund redet übertriebene Worte, wenn sie dem Nutzen zuliebe ins Angesicht schmeicheln.",
          "words": []
        },
        {
          "id": 17,
          "number": 17,
          "text": "Ihr aber, Geliebte, gedenket der Worte, die zum voraus von den Aposteln unsres Herrn Jesus Christus gesprochen worden sind,",
          "words": []
        },
        {
          "id": 18,
          "number": 18,
          "text": "als sie euch sagten: «In den letzten Zeiten werden Spötter auftreten, die nach ihren eigenen gottlosen Lüsten wandeln.»",
          "words": []
        },
        {
          "id": 19,
          "number": 19,
          "text": "Das sind die, welche sich absondern, seelische Menschen, die den Geist nicht haben.",
          "words": []
        },
        {
          "id": 20,
          "number": 20,
          "text": "Ihr aber, Geliebte, erbauet euch selbst auf euren allerheiligsten Glauben und betet im heiligen Geist;",
          "words": []
        },
        {
          "id": 21,
          "number": 21,
          "text": "bewahret euch selbst in der Liebe Gottes und hoffet auf die Barmherzigkeit unsres Herrn Jesus Christus zum ewigen Leben.",
          "words": []
        },
        {
          "id": 22,
          "number": 22,
          "text": "Und weiset diejenigen zurecht, welche sich trennen;",
          "words": []
        },
        {
          "id": 23,
          "number": 23,
          "text": "andere aber rettet, indem ihr sie aus dem Feuer reißet, und wieder anderer erbarmet euch aus Furcht, wobei ihr auch den vom Fleische befleckten Rock hassen sollt.",
          "words": []
        },
        {
          "id": 24,
          "number": 24,
          "text": "Dem aber, welcher mächtig genug ist, euch ohne Fehl zu bewahren und euch unsträflich, mit Freuden vor das Angesicht seiner Herrlichkeit zu stellen,",
          "words": []
        },
        {
          "id": 25,
          "number": 25,
          "text": "Gott allein, unsrem Retter durch Jesus Christus, unsren Herrn, gebührt Herrlichkeit, Majestät, Macht und Gewalt vor aller Zeit, jetzt und in alle Ewigkeit! Amen.",
          "words": []
        }
      ]
    }
  ]
}