{
  "id": 25,
  "name": "Lamentations",
  "chapters": [
    {
      "id": 1,
      "verses": [
        {
          "id": 1,
          "number": 1,
          "text": "Wie einsam sitzt doch jetzt die Stadt, die so stark bevölkert war! Sie ist zur Witwe geworden, sie, die groß war unter den Völkern; die Fürstin der Hauptstädte ist nun zinsbar geworden!",
          "words": []
        },
        {
          "id": 2,
          "number": 2,
          "text": "Des Nachts weint sie unaufhörlich, und ihre Tränen laufen ihr über die Wangen hinab; sie hat unter allen ihren Liebhabern keinen Tröster; alle ihre Freunde sind ihr untreu, ihr feind geworden.",
          "words": []
        },
        {
          "id": 3,
          "number": 3,
          "text": "Juda ist ausgewandert vor lauter Elend und hartem Knechtsdienst; es wohnt unter den Heiden, findet keine Ruhe! Alle seine Verfolger haben es eingeholt mitten in seinen Nöten.",
          "words": []
        },
        {
          "id": 4,
          "number": 4,
          "text": "Die Straßen Zions trauern, weil niemand mehr zu den Festen kommt; alle ihre Tore sind verödet, ihre Priester seufzen, ihre Jungfrauen sind betrübt, und ihr selbst ist weh.",
          "words": []
        },
        {
          "id": 5,
          "number": 5,
          "text": "Ihre Widersacher sind obenauf gekommen, ihren Feinden geht es wohl; denn der HERR hat ihr Trübsal verursacht um ihrer vielen Übertretungen willen; ihre Kindlein sind vor dem Feinde her in die Gefangenschaft gewandert.",
          "words": []
        },
        {
          "id": 6,
          "number": 6,
          "text": "Und der Tochter Zion ist all ihr Schmuck genommen. Ihre Fürsten sind den Hirschen gleichgeworden, die keine Weide finden; kraftlos ziehen sie vor dem Verfolger hin.",
          "words": []
        },
        {
          "id": 7,
          "number": 7,
          "text": "Jerusalem gedenkt der Tage ihres Elends und ihrer Plünderung, aller ihrer Kostbarkeiten, welche sie von uralten Zeiten her gehabt. Als ihr Volk durch die Gewalt des Feindes fiel, war niemand, der ihr zu Hilfe kam. Ihre Feinde sahen sie und lachten ihrer Hilflosigkeit.",
          "words": []
        },
        {
          "id": 8,
          "number": 8,
          "text": "Jerusalem hat schwer gesündigt; darum ist sie zum Abscheu geworden; alle ihre Verehrer verachten sie jetzt; denn sie haben ihre Blöße gesehen; auch sie selbst wendet sich seufzend ab.",
          "words": []
        },
        {
          "id": 9,
          "number": 9,
          "text": "Ihr Unflat klebt an ihrem Saum; sie hat ihr Ende nicht bedacht; unversehens ist sie gestürzt. Niemand tröstet sie. Ach, HERR, siehe an mein Elend; denn der Feind triumphiert!",
          "words": []
        },
        {
          "id": 10,
          "number": 10,
          "text": "Der Feind hat seine Hand nach allen ihren Kostbarkeiten ausgestreckt; ja, sie hat sehen müssen, wie Heiden in ihr Heiligtum eindrangen, von welchen du doch geboten hattest, daß sie nicht in deine Gemeinde kommen sollten!",
          "words": []
        },
        {
          "id": 11,
          "number": 11,
          "text": "All ihr Volk bettelt seufzend um Brot; sie haben ihre Kleinodien um Nahrung hergegeben, um nur ihr Leben zu fristen. HERR, schaue her und siehe, wie heruntergekommen ich bin!",
          "words": []
        },
        {
          "id": 12,
          "number": 12,
          "text": "O ihr alle, die ihr hier vorübergeht, schauet und sehet, ob ein Schmerz sei wie mein Schmerz, der mich getroffen, mit welchem mich der HERR bekümmert hat am Tage seines grimmigen Zorns!",
          "words": []
        },
        {
          "id": 13,
          "number": 13,
          "text": "Er sandte ein Feuer von der Höhe, das alle meine Gebeine durchdrungen hat; er spannte meinen Füßen ein Netz und trieb mich zurück; er hat mich zu einer Ruine gemacht, ich bin krank immerdar!",
          "words": []
        },
        {
          "id": 14,
          "number": 14,
          "text": "Das Joch meiner Übertretungen ist durch seine Hand festgeknüpft; ineinander verschlungen sind sie mir auf den Nacken gelegt. Er hat meine Kraft gebrochen. Der Herr hat mich in die Hände derer gegeben, welchen ich nicht widerstehen kann.",
          "words": []
        },
        {
          "id": 15,
          "number": 15,
          "text": "Der Herr hat alle Helden in meiner Mitte verworfen; er hat eine Schar wider mich berufen, meine Auserlesenen zu zerschmettern. Der Herr hat der Jungfrau, der Tochter Juda, die Kelter getreten.",
          "words": []
        },
        {
          "id": 16,
          "number": 16,
          "text": "Darum weine ich, und mein Auge, ja, mein Auge zerfließt in Tränen, weil der Tröster, der meine Seele erquicken sollte, fern von mir ist; meine Kinder sind verwüstet, denn der Feind war zu stark.",
          "words": []
        },
        {
          "id": 17,
          "number": 17,
          "text": "Zion streckt flehentlich ihre Hände aus; sie hat keinen Tröster. Der HERR hat gegen Jakob seine Feinde aufgeboten ringsumher; Jerusalem ist unter ihnen zum Abscheu geworden.",
          "words": []
        },
        {
          "id": 18,
          "number": 18,
          "text": "Der HERR ist gerecht; denn ich bin seinem Munde widerspenstig gewesen. Höret doch zu, alle Völker, und schauet an meinen Schmerz! Meine Jungfrauen und meine Jünglinge mußten in die Gefangenschaft wandern.",
          "words": []
        },
        {
          "id": 19,
          "number": 19,
          "text": "Ich rief meinen Freunden; aber sie haben mich betrogen; meine Priester und meine Ältesten sind in der Stadt verschmachtet, als sie sich Speise erbettelten, um ihr Leben zu fristen.",
          "words": []
        },
        {
          "id": 20,
          "number": 20,
          "text": "Ach, HERR, schau her, denn mir ist angst! Mein Inneres kocht, mein Herz kehrt sich um in meiner Brust; denn ich bin sehr widerspenstig gewesen. Draußen hat mich das Schwert der Kinder beraubt, drinnen ist es wie der Tod!",
          "words": []
        },
        {
          "id": 21,
          "number": 21,
          "text": "Sie hörten mich seufzen, aber niemand tröstete mich; alle meine Feinde freuten sich, als sie von meinem Unglück hörten, daß du es getan; führst du aber den Tag herbei, den du angekündigt hast, so werden auch sie mir gleich sein.",
          "words": []
        },
        {
          "id": 22,
          "number": 22,
          "text": "Es müsse alle ihre Bosheit vor dein Angesicht kommen, und du wollest ihnen tun, wie du mir um aller meiner Übertretungen willen getan hast! Denn meiner Seufzer sind viele, und mein Herz ist krank.",
          "words": []
        }
      ]
    },
    {
      "id": 2,
      "verses": [
        {
          "id": 1,
          "number": 1,
          "text": "In was für eine Dunkelheit hat doch der Herr in seinem Zorn die Tochter Zion versetzt! Er hat die Zierde Israels vom Himmel zur Erde geschleudert und des Schemels seiner Füße nicht gedacht am Tage seines Zorns.",
          "words": []
        },
        {
          "id": 2,
          "number": 2,
          "text": "Der Herr hat alle Wohnungen Jakobs vertilgt und ihrer nicht geschont; er hat in seinem Grimm die Festungen der Tochter Juda niedergerissen und zu Boden geworfen; er hat ihr Königreich samt ihren Fürsten entweiht.",
          "words": []
        },
        {
          "id": 3,
          "number": 3,
          "text": "In seinem grimmigen Zorn hieb er jedes Horn von Israel ab, zog vor dem Feinde seine Hand zurück und zündete Jakob wie mit einer Feuerflamme an, welche ringsum alles verzehrt.",
          "words": []
        },
        {
          "id": 4,
          "number": 4,
          "text": "Er spannte seinen Bogen wie ein Feind, stellte sich mit seiner Rechten wie ein Widersacher und machte alles nieder, was im Zelte der Tochter Zion lieblich anzusehen war; er goß seinen Grimm wie Feuer aus.",
          "words": []
        },
        {
          "id": 5,
          "number": 5,
          "text": "Der Herr ist geworden wie ein Feind; er hat Israel vertilgt, alle seine Paläste vernichtet; er hat seine Festungen zerstört und hat der Tochter Juda viel Klage und Wehklage verursacht.",
          "words": []
        },
        {
          "id": 6,
          "number": 6,
          "text": "Er hat sein Gehege verwüstet wie einen Garten, sein Versammlungshaus zerstört; der HERR hat die Festtage und Sabbate zu Zion in Vergessenheit gebracht und in seinem grimmigen Zorn König und Priester verworfen.",
          "words": []
        },
        {
          "id": 7,
          "number": 7,
          "text": "Der Herr hat seinen Altar verabscheut, sein Heiligtum verflucht; er hat die Mauern ihrer Paläste der Hand des Feindes preisgegeben; sie haben im Hause des HERRN ihre Stimme erschallen lassen wie an einem Festtag.",
          "words": []
        },
        {
          "id": 8,
          "number": 8,
          "text": "Der HERR hatte sich vorgenommen, die Mauern der Tochter Zion zu zerstören; er spannte die Meßschnur aus, zog seine Hand nicht zurück, bis daß er sie vertilgte; Wall und Mauer versetzte er in Trauer; sie stehen allzumal kläglich da.",
          "words": []
        },
        {
          "id": 9,
          "number": 9,
          "text": "Ihre Tore sind in den Erdboden versunken, ihre Riegel hat er verderbt und zerbrochen; ihr König und ihre Fürsten sind unter den Heiden; es ist kein Gesetz mehr da, auch bekommen ihre Propheten keine Offenbarung mehr vom HERRN.",
          "words": []
        },
        {
          "id": 10,
          "number": 10,
          "text": "Die Ältesten der Tochter Zion sitzen schweigend auf der Erde; sie haben Staub auf ihr Haupt gestreut und sich mit dem Sack umgürtet; die Jungfrauen von Jerusalem senken ihr Haupt zur Erde.",
          "words": []
        },
        {
          "id": 11,
          "number": 11,
          "text": "Meine Augen sind ausgeweint, mein Inneres kocht; mein Herz schmilzt in mir wegen des Zusammenbruches der Tochter meines Volkes, weil die jungen Kinder und Säuglinge auf den Gassen verschmachtet sind!",
          "words": []
        },
        {
          "id": 12,
          "number": 12,
          "text": "Sie sprachen zu ihren Müttern: «Wo ist Brot und Wein?» als sie wie Todwunde auf den Straßen der Stadt verschmachteten, als sie in dem Schoß ihrer Mütter den Geist aufgaben.",
          "words": []
        },
        {
          "id": 13,
          "number": 13,
          "text": "Wie soll ich dir zusprechen, du Tochter Jerusalem? Wem soll ich dich vergleichen? Womit soll ich dich beruhigen und trösten, du Jungfrau, Tochter Zion? Denn dein Schaden ist so groß wie das Meer! Wer kann dich heilen?",
          "words": []
        },
        {
          "id": 14,
          "number": 14,
          "text": "Deine Propheten haben dir erlogenes und fades Zeug gepredigt und haben deine Missetat nicht aufgedeckt, um dadurch deine Gefangenschaft abzuwenden, sondern sie haben dir betrügerische und verführerische Orakel gegeben.",
          "words": []
        },
        {
          "id": 15,
          "number": 15,
          "text": "Alle, die des Weges vorübergehen, schlagen die Hände über dir zusammen, zischen und schütteln den Kopf über die Tochter Jerusalem: «Ist das die Stadt, von der man sagte, sie sei die allerschönste, die Wonne der ganzen Erde?»",
          "words": []
        },
        {
          "id": 16,
          "number": 16,
          "text": "Alle deine Feinde sperren ihr Maul gegen dich auf, zischen und knirschen mit den Zähnen und sagen: «Jetzt haben wir sie vertilgt! Das ist der Tag, auf den wir hofften, wir haben ihn erlebt und gesehen!»",
          "words": []
        },
        {
          "id": 17,
          "number": 17,
          "text": "Der HERR hat vollbracht, was er sich vorgenommen; er hat seine Drohung ausgeführt, die er von alters her hat verkündigen lassen; er hat schonungslos zerstört; er hat den Feind über dich frohlocken lassen und das Horn deiner Widersacher erhöht.",
          "words": []
        },
        {
          "id": 18,
          "number": 18,
          "text": "Ihr Herz schreie zum Herrn! Du Mauer der Tochter Zion, laß Tag und Nacht Tränenströme fließen, gönne dir keine Ruhe, dein Augapfel raste nicht!",
          "words": []
        },
        {
          "id": 19,
          "number": 19,
          "text": "Stehe auf und klage des Nachts, beim Beginn der Wachen! Schütte dein Herz wie Wasser aus vor dem Angesicht des Herrn! Hebe deine Hände zu ihm empor für die Seele deiner Kindlein, die an allen Straßenecken vor Hunger verschmachten!",
          "words": []
        },
        {
          "id": 20,
          "number": 20,
          "text": "HERR, schaue her und siehe: Wem hast du also getan? Sollten denn Frauen ihre eigene Leibesfrucht essen, die Kindlein ihrer Pflege? Sollten wirklich Priester und Propheten im Heiligtum des Herrn erschlagen werden?",
          "words": []
        },
        {
          "id": 21,
          "number": 21,
          "text": "Junge und Alte liegen draußen auf der Erde; meine Jungfrauen und meine Jünglinge sind durch das Schwert gefallen; du hast sie am Tage deines grimmigen Zornes erwürgt, du hast sie schonungslos niedergemacht!",
          "words": []
        },
        {
          "id": 22,
          "number": 22,
          "text": "Wie zu einem Festtage hast du alles, was ich fürchtete, von allen Seiten zusammengerufen, und es ist am Tage des Zornes des HERRN niemand entronnen noch übriggeblieben; was ich gepflegt und großgezogen hatte, das vertilgte mein Feind!",
          "words": []
        }
      ]
    },
    {
      "id": 3,
      "verses": [
        {
          "id": 1,
          "number": 1,
          "text": "Ich bin der Mann, der tief gebeugt worden ist durch die Rute seines Zorns.",
          "words": []
        },
        {
          "id": 2,
          "number": 2,
          "text": "Mich hat er verjagt und in die Finsternis geführt und nicht ans Licht.",
          "words": []
        },
        {
          "id": 3,
          "number": 3,
          "text": "Nur gegen mich kehrt er immer wieder den ganzen Tag seine Hand.",
          "words": []
        },
        {
          "id": 4,
          "number": 4,
          "text": "Er hat mein Fleisch und meine Haut verschlungen und meine Knochen zermalmt.",
          "words": []
        },
        {
          "id": 5,
          "number": 5,
          "text": "Er hat rings um mich her Gift und Drangsal aufgebaut.",
          "words": []
        },
        {
          "id": 6,
          "number": 6,
          "text": "In dunkeln Höhlen läßt er mich wohnen wie längst Verstorbene.",
          "words": []
        },
        {
          "id": 7,
          "number": 7,
          "text": "Er hat mich eingemauert, daß ich nicht herauskommen kann; mit ehernen Ketten hat er mich beschwert.",
          "words": []
        },
        {
          "id": 8,
          "number": 8,
          "text": "Ob ich auch schreie und rufe, verstopft er doch die Ohren vor meinem Gebet.",
          "words": []
        },
        {
          "id": 9,
          "number": 9,
          "text": "Quadersteine legt er mir in den Weg, krümmt meine Pfade.",
          "words": []
        },
        {
          "id": 10,
          "number": 10,
          "text": "Er lauert mir auf wie ein Bär, wie ein Löwe im Dickicht.",
          "words": []
        },
        {
          "id": 11,
          "number": 11,
          "text": "Er hat mich auf Abwege gebracht, ist über mich hergefallen und hat mich arg zugerichtet.",
          "words": []
        },
        {
          "id": 12,
          "number": 12,
          "text": "Er hat seinen Bogen gespannt und mich dem Pfeile zum Ziel gesetzt.",
          "words": []
        },
        {
          "id": 13,
          "number": 13,
          "text": "Er hat mir seines Köchers Söhne in die Nieren gejagt.",
          "words": []
        },
        {
          "id": 14,
          "number": 14,
          "text": "Ich bin allem Volk zum Gelächter geworden, ihr Liedlein den ganzen Tag.",
          "words": []
        },
        {
          "id": 15,
          "number": 15,
          "text": "Er hat mich mit Bitterkeit gesättigt, mit Wermut getränkt.",
          "words": []
        },
        {
          "id": 16,
          "number": 16,
          "text": "Er ließ meine Zähne sich an Kies zerbeißen, er hat mich mit Asche bedeckt.",
          "words": []
        },
        {
          "id": 17,
          "number": 17,
          "text": "Und du hast meine Seele aus dem Frieden verstoßen, daß ich des Glückes vergaß.",
          "words": []
        },
        {
          "id": 18,
          "number": 18,
          "text": "Und ich sprach: Meine Lebenskraft ist dahin, meine Hoffnung auf den HERRN.",
          "words": []
        },
        {
          "id": 19,
          "number": 19,
          "text": "Sei eingedenk meines Elends, meiner Verfolgung, des Wermuts und des Gifts!",
          "words": []
        },
        {
          "id": 20,
          "number": 20,
          "text": "Beständig denkt meine Seele daran und ist tief gebeugt!",
          "words": []
        },
        {
          "id": 21,
          "number": 21,
          "text": "Dieses aber will ich meinem Herzen vorhalten, darum will ich Hoffnung fassen:",
          "words": []
        },
        {
          "id": 22,
          "number": 22,
          "text": "Gnadenbeweise des HERRN sind's, daß wir nicht gänzlich aufgerieben wurden, denn seine Barmherzigkeit ist nicht zu Ende;",
          "words": []
        },
        {
          "id": 23,
          "number": 23,
          "text": "sie ist alle Morgen neu, und deine Treue ist groß!",
          "words": []
        },
        {
          "id": 24,
          "number": 24,
          "text": "Der HERR ist mein Teil, spricht meine Seele; darum will ich auf ihn hoffen.",
          "words": []
        },
        {
          "id": 25,
          "number": 25,
          "text": "Der HERR ist gütig gegen die, welche auf ihn hoffen, gegen die Seele, die nach ihm fragt.",
          "words": []
        },
        {
          "id": 26,
          "number": 26,
          "text": "Gut ist's, schweigend zu warten auf das Heil des HERRN.",
          "words": []
        },
        {
          "id": 27,
          "number": 27,
          "text": "Es ist einem Manne gut, in seiner Jugend das Joch zu tragen.",
          "words": []
        },
        {
          "id": 28,
          "number": 28,
          "text": "Er sitze einsam und schweige, wenn man ihm eines auferlegt!",
          "words": []
        },
        {
          "id": 29,
          "number": 29,
          "text": "Er stecke seinen Mund in den Staub; vielleicht ist noch Hoffnung vorhanden!",
          "words": []
        },
        {
          "id": 30,
          "number": 30,
          "text": "Schlägt ihn jemand, so biete er ihm den Backen dar und lasse sich mit Schmach sättigen!",
          "words": []
        },
        {
          "id": 31,
          "number": 31,
          "text": "Denn der Herr wird nicht ewig verstoßen;",
          "words": []
        },
        {
          "id": 32,
          "number": 32,
          "text": "sondern wenn er betrübt hat, so erbarmt er sich auch nach der Größe seiner Gnade.",
          "words": []
        },
        {
          "id": 33,
          "number": 33,
          "text": "Denn nicht aus Lust plagt und betrübt ER die Menschenkinder.",
          "words": []
        },
        {
          "id": 34,
          "number": 34,
          "text": "Wenn alle Gefangenen eines Landes mit Füßen getreten,",
          "words": []
        },
        {
          "id": 35,
          "number": 35,
          "text": "wenn das Recht eines Mannes vor dem Angesicht des Höchsten gebeugt,",
          "words": []
        },
        {
          "id": 36,
          "number": 36,
          "text": "die Rechtssache eines Menschen verdreht wird, sollte der Herr es nicht beachten?",
          "words": []
        },
        {
          "id": 37,
          "number": 37,
          "text": "Wer hat je etwas gesagt und es ist geschehen, ohne daß der Herr es befahl?",
          "words": []
        },
        {
          "id": 38,
          "number": 38,
          "text": "Geht nicht aus dem Munde des Höchsten das Böse und das Gute hervor?",
          "words": []
        },
        {
          "id": 39,
          "number": 39,
          "text": "Was beklagt sich der Mensch? Es hätte sich wahrlich jeder über seine Sünde zu beklagen!",
          "words": []
        },
        {
          "id": 40,
          "number": 40,
          "text": "Lasset uns unsere Wege erforschen und durchsuchen und zum HERRN zurückkehren!",
          "words": []
        },
        {
          "id": 41,
          "number": 41,
          "text": "Lasset uns unsere Herzen samt den Händen zu Gott im Himmel erheben!",
          "words": []
        },
        {
          "id": 42,
          "number": 42,
          "text": "Wir sind abtrünnig und widerspenstig gewesen; das hast du nicht vergeben;",
          "words": []
        },
        {
          "id": 43,
          "number": 43,
          "text": "du hast dich im Zorn verborgen und uns verfolgt; du hast uns ohne Gnade erwürgt;",
          "words": []
        },
        {
          "id": 44,
          "number": 44,
          "text": "du hast dich in eine Wolke gehüllt, daß kein Gebet hindurchdrang;",
          "words": []
        },
        {
          "id": 45,
          "number": 45,
          "text": "du hast uns zu Kot und Abscheu gemacht unter den Völkern!",
          "words": []
        },
        {
          "id": 46,
          "number": 46,
          "text": "Alle unsere Feinde haben ihr Maul gegen uns aufgesperrt.",
          "words": []
        },
        {
          "id": 47,
          "number": 47,
          "text": "Grauen und Grube wurden uns beschieden, Verwüstung und Untergang.",
          "words": []
        },
        {
          "id": 48,
          "number": 48,
          "text": "Es rinnen Wasserbäche aus meinen Augen wegen des Untergangs der Tochter meines Volkes.",
          "words": []
        },
        {
          "id": 49,
          "number": 49,
          "text": "Mein Auge tränt unaufhörlich; denn da ist keine Ruhe,",
          "words": []
        },
        {
          "id": 50,
          "number": 50,
          "text": "bis der HERR vom Himmel herabschauen und dareinsehen wird.",
          "words": []
        },
        {
          "id": 51,
          "number": 51,
          "text": "Was ich sehen muß, tut meiner Seele weh ob aller Töchter meiner Stadt.",
          "words": []
        },
        {
          "id": 52,
          "number": 52,
          "text": "Die mich ohne Ursache hassen, stellten mir heftig nach wie einem Vogel;",
          "words": []
        },
        {
          "id": 53,
          "number": 53,
          "text": "sie wollten mich in der Grube ums Leben bringen und warfen Steine auf mich.",
          "words": []
        },
        {
          "id": 54,
          "number": 54,
          "text": "Die Wasser gingen über mein Haupt; ich sagte: Ich bin verloren!",
          "words": []
        },
        {
          "id": 55,
          "number": 55,
          "text": "Aber ich rief, HERR, deinen Namen an, tief unten aus der Grube.",
          "words": []
        },
        {
          "id": 56,
          "number": 56,
          "text": "Du hörtest meine Stimme: «Verschließe dein Ohr nicht vor meinem Seufzen, vor meinem Hilferuf!»",
          "words": []
        },
        {
          "id": 57,
          "number": 57,
          "text": "Du nahtest dich mir des Tages, als ich dich anrief, du sprachest: Fürchte dich nicht!",
          "words": []
        },
        {
          "id": 58,
          "number": 58,
          "text": "Du führtest, o Herr, die Sache meiner Seele, du rettetest mir das Leben!",
          "words": []
        },
        {
          "id": 59,
          "number": 59,
          "text": "Du hast, o HERR, meine Unterdrückung gesehen; schaffe du mir Recht!",
          "words": []
        },
        {
          "id": 60,
          "number": 60,
          "text": "Du hast all ihre Rachgier gesehen, alle ihre Anschläge wider mich;",
          "words": []
        },
        {
          "id": 61,
          "number": 61,
          "text": "du hast, o HERR, ihr Schmähen gehört, alle ihre Pläne gegen mich,",
          "words": []
        },
        {
          "id": 62,
          "number": 62,
          "text": "die Reden meiner Widersacher und ihr beständiges Murmeln über mich.",
          "words": []
        },
        {
          "id": 63,
          "number": 63,
          "text": "Siehe doch: ob sie niedersitzen oder aufstehen, so bin ich ihr Spottlied.",
          "words": []
        },
        {
          "id": 64,
          "number": 64,
          "text": "Vergilt ihnen, o HERR, nach dem Werk ihrer Hände!",
          "words": []
        },
        {
          "id": 65,
          "number": 65,
          "text": "Gib ihnen Verstockung ins Herz, dein Fluch komme über sie!",
          "words": []
        },
        {
          "id": 66,
          "number": 66,
          "text": "Verfolge sie in deinem Zorn und vertilge sie unter dem Himmel des HERRN hinweg!",
          "words": []
        }
      ]
    },
    {
      "id": 4,
      "verses": [
        {
          "id": 1,
          "number": 1,
          "text": "Wie ist das Gold geschwärzt, wie ist das köstliche Gold entstellt! Wie sind die Steine des Heiligtums an allen Straßenecken aufgeschüttet!",
          "words": []
        },
        {
          "id": 2,
          "number": 2,
          "text": "Wie sind die Kinder Zions, die teuren, die mit feinem Gold aufgewogenen, den irdenen Geschirren gleichgeachtet, dem Werke von Töpfershänden!",
          "words": []
        },
        {
          "id": 3,
          "number": 3,
          "text": "Auch Schakale reichen die Brust, säugen ihre Jungen; aber die Tochter meines Volkes ist grausam geworden, wie die Strauße in der Wüste.",
          "words": []
        },
        {
          "id": 4,
          "number": 4,
          "text": "Den Säuglingen klebt vor Durst die Zunge am Gaumen; die Kindlein verlangen Brot, aber niemand bricht es ihnen.",
          "words": []
        },
        {
          "id": 5,
          "number": 5,
          "text": "Die sonst Leckerbissen aßen, verschmachten auf den Gassen; die auf Purpurlagern ruhten, sind jetzt froh über Misthaufen!",
          "words": []
        },
        {
          "id": 6,
          "number": 6,
          "text": "Denn die Schuld der Tochter meines Volkes war größer als die Sünde Sodoms, welches in einem Augenblick umgekehrt ward, ohne daß Menschenhände sich dabei abmühten!",
          "words": []
        },
        {
          "id": 7,
          "number": 7,
          "text": "Ihre Fürsten waren glänzender als Schnee, weißer als Milch, ihr Leib war röter als Korallen, ihre Gestalt wie ein Saphir.",
          "words": []
        },
        {
          "id": 8,
          "number": 8,
          "text": "Jetzt aber sind sie schwärzer als Ruß, man erkennt sie nicht auf den Gassen; ihre Haut klebt an ihrem Gebein, sie sind so dürr wie Holz.",
          "words": []
        },
        {
          "id": 9,
          "number": 9,
          "text": "Glücklicher waren die, welche das Schwert erschlug, als die, welche der Hunger tötete, welche vom Hunger durchbohrt dahinschmachteten, aus Mangel an Früchten des Feldes.",
          "words": []
        },
        {
          "id": 10,
          "number": 10,
          "text": "Die Hände barmherziger Frauen haben ihre eigenen Kinder gekocht; sie dienten ihnen zur Nahrung, beim Zusammenbruch der Tochter meines Volks.",
          "words": []
        },
        {
          "id": 11,
          "number": 11,
          "text": "Der HERR ließ seine Zornglut ausbrennen, schüttete seinen grimmigen Zorn aus und zündete in Zion ein Feuer an, das seine Grundfesten verzehrte.",
          "words": []
        },
        {
          "id": 12,
          "number": 12,
          "text": "Die Könige der Erde hätten es nicht geglaubt und kein Bewohner des Erdkreises, daß der Feind, der sie belagerte, durch die Tore der Stadt Jerusalem einziehen würde",
          "words": []
        },
        {
          "id": 13,
          "number": 13,
          "text": "um der Sünden willen ihrer Propheten, durch die Schuld ihrer Priester, welche in ihrer Mitte das Blut der Gerechten vergossen haben.",
          "words": []
        },
        {
          "id": 14,
          "number": 14,
          "text": "Sie wankten auf den Gassen wie Blinde und waren so mit Blut bespritzt, daß niemand ihre Kleider anrühren mochte.",
          "words": []
        },
        {
          "id": 15,
          "number": 15,
          "text": "Man rief ihnen zu: «Fort mit euch, ihr seid unrein! Weg, weg, kommt uns nicht zu nah!» Wenn sie flohen und zu den Heiden wankten, sprach man: «Bleibt nicht länger hier!»",
          "words": []
        },
        {
          "id": 16,
          "number": 16,
          "text": "Das Angesicht des HERRN hat sie zerstreut! Er will sie nicht mehr anblicken. Man nahm auf Priester keine Rücksicht mehr und hatte kein Erbarmen mit den Alten.",
          "words": []
        },
        {
          "id": 17,
          "number": 17,
          "text": "Auch da noch schmachteten unsere Augen nach Hilfe. Vergeblich! Auf unserer Warte spähten wir nach einem Volke, das doch nicht half.",
          "words": []
        },
        {
          "id": 18,
          "number": 18,
          "text": "Man verfolgte unsere Spur, so daß wir auf unseren Gassen nicht mehr wandeln konnten; unser Ende war nahe, unsere Tage abgelaufen; ja, unser Ende war gekommen.",
          "words": []
        },
        {
          "id": 19,
          "number": 19,
          "text": "Unsere Verfolger waren schneller als die Adler des Himmels; über die Berge jagten sie uns nach, und in der Wüste lauerten sie auf uns.",
          "words": []
        },
        {
          "id": 20,
          "number": 20,
          "text": "Unser Lebensodem, der Gesalbte des HERRN, wurde in ihren Gruben gefangen, er, von dem wir sagten: «Wir werden in seinem Schatten unter den Heiden leben!»",
          "words": []
        },
        {
          "id": 21,
          "number": 21,
          "text": "Juble nur und sei schadenfroh, du Tochter Edom, die du im Lande Uz wohnst! Der Kelch wird auch an dich kommen, du wirst auch trunken und entblößt werden!",
          "words": []
        },
        {
          "id": 22,
          "number": 22,
          "text": "Tochter Zion, deine Schuld ist getilgt; er wird dich nicht mehr gefangen wegführen lassen; deine Schuld aber, Tochter Edom, sucht er heim, deine Sünden deckt er auf!",
          "words": []
        }
      ]
    },
    {
      "id": 5,
      "verses": [
        {
          "id": 1,
          "number": 1,
          "text": "Gedenke, HERR, was uns widerfahren ist! Schau her und siehe unsere Schmach!",
          "words": []
        },
        {
          "id": 2,
          "number": 2,
          "text": "Unser Erbe ist den Fremden zugefallen, unsere Häuser den Ausländern.",
          "words": []
        },
        {
          "id": 3,
          "number": 3,
          "text": "Wir sind Waisen geworden, vaterlos, unsere Mütter zu Witwen.",
          "words": []
        },
        {
          "id": 4,
          "number": 4,
          "text": "Unser Wasser trinken wir um Geld, unser Holz kommt uns gegen Bezahlung zu.",
          "words": []
        },
        {
          "id": 5,
          "number": 5,
          "text": "Unsere Verfolger sind uns beständig auf dem Hals; werden wir müde, so gönnt man uns keine Ruhe.",
          "words": []
        },
        {
          "id": 6,
          "number": 6,
          "text": "Wir haben Ägypten die Hand gereicht und Assur, um genug Brot zu erhalten.",
          "words": []
        },
        {
          "id": 7,
          "number": 7,
          "text": "Unsere Väter, die gesündigt haben, sind nicht mehr; wir müssen ihre Schuld tragen.",
          "words": []
        },
        {
          "id": 8,
          "number": 8,
          "text": "Knechte herrschen über uns; niemand befreit uns aus ihrer Hand!",
          "words": []
        },
        {
          "id": 9,
          "number": 9,
          "text": "Wir schaffen unsere Nahrung unter Lebensgefahr herbei, weil uns in der Wüste das Schwert bedroht.",
          "words": []
        },
        {
          "id": 10,
          "number": 10,
          "text": "Unsere Haut ist schwarz wie ein Ofen, so versengt uns der Hunger.",
          "words": []
        },
        {
          "id": 11,
          "number": 11,
          "text": "Frauen wurden in Zion vergewaltigt, Jungfrauen in den Städten Judas.",
          "words": []
        },
        {
          "id": 12,
          "number": 12,
          "text": "Fürsten wurden durch ihre Hand gehängt, die Person der Alten hat man nicht geachtet.",
          "words": []
        },
        {
          "id": 13,
          "number": 13,
          "text": "Jünglinge müssen Mühlsteine tragen und Knaben straucheln unter Bürden von Holz.",
          "words": []
        },
        {
          "id": 14,
          "number": 14,
          "text": "Die Ältesten bleiben weg vom Tor, und die Jünglinge lassen ihr Saitenspiel.",
          "words": []
        },
        {
          "id": 15,
          "number": 15,
          "text": "Die Freude unsres Herzens ist dahin, unser Reigen hat sich in Klage verwandelt.",
          "words": []
        },
        {
          "id": 16,
          "number": 16,
          "text": "Die Krone ist uns vom Haupte gefallen; wehe uns, daß wir gesündigt haben!",
          "words": []
        },
        {
          "id": 17,
          "number": 17,
          "text": "Darob ist unser Herz krank geworden, darum sind unsere Augen trübe:",
          "words": []
        },
        {
          "id": 18,
          "number": 18,
          "text": "weil der Berg Zion verwüstet ist; Füchse tummeln sich daselbst.",
          "words": []
        },
        {
          "id": 19,
          "number": 19,
          "text": "Du aber, o HERR, bleibst ewiglich, dein Thron besteht für und für!",
          "words": []
        },
        {
          "id": 20,
          "number": 20,
          "text": "Warum willst du uns für immer vergessen, uns verlassen auf Lebenszeit?",
          "words": []
        },
        {
          "id": 21,
          "number": 21,
          "text": "Bringe uns zu dir zurück, o HERR, so kehren wir um; laß es wieder werden wie vor alters!",
          "words": []
        },
        {
          "id": 22,
          "number": 22,
          "text": "Oder hast du uns gänzlich verworfen, bist du allzusehr über uns erzürnt?",
          "words": []
        }
      ]
    }
  ]
}