{
  "id": 39,
  "name": "Malachi",
  "chapters": [
    {
      "id": 1,
      "verses": [
        {
          "id": 1,
          "number": 1,
          "text": "Dies ist der Ausspruch, das Wort des HERRN an Israel, durch die Hand Maleachis:",
          "words": []
        },
        {
          "id": 2,
          "number": 2,
          "text": "Ich habe euch Liebe erwiesen, spricht der HERR. So sprechet ihr: Womit hast du uns Liebe erwiesen?",
          "words": []
        },
        {
          "id": 3,
          "number": 3,
          "text": "Ist nicht Esau Jakobs Bruder? spricht der HERR. Dennoch habe ich Jakob geliebt, Esau aber habe ich gehaßt und sein Gebirge zur Wildnis gemacht und sein Erbteil den Schakalen der Wüste gegeben.",
          "words": []
        },
        {
          "id": 4,
          "number": 4,
          "text": "Wenn aber Edom spräche: «Wir sind zwar zerstört, wir wollen aber die Trümmer wieder aufbauen», so sagt der HERR der Heerscharen: Sie mögen bauen, ich aber will niederreißen; und man wird sie nennen: «Land der Gottlosigkeit» und «das Volk, über das der HERR ewiglich zürnt».",
          "words": []
        },
        {
          "id": 5,
          "number": 5,
          "text": "Wenn eure Augen das sehen, so werdet ihr sagen: Der HERR sei hochgepriesen über Israels Grenzen hinaus!",
          "words": []
        },
        {
          "id": 6,
          "number": 6,
          "text": "Ein Sohn soll seinen Vater ehren und ein Knecht seinen Herrn! Bin ich nun Vater, wo ist meine Ehre? Bin ich Herr, wo ist die Furcht vor mir? spricht der HERR der Heerscharen zu euch Priestern, die ihr meinen Namen verächtlich macht.",
          "words": []
        },
        {
          "id": 7,
          "number": 7,
          "text": "Und fragt ihr: «Womit haben wir deinen Namen verächtlich gemacht?» Damit, daß ihr auf meinem Altar verunreinigtes Brot darbringt! Fragt ihr aber: «Womit haben wir dich verunreinigt?» Damit, daß ihr sagt: «Der Tisch des HERRN ist geringzuschätzen!»",
          "words": []
        },
        {
          "id": 8,
          "number": 8,
          "text": "Und wenn ihr ein blindes Tier zum Opfer bringt, ist das nichts Böses, und wenn ihr ein lahmes oder krankes darbringt, ist das auch nichts Böses? Bringe es doch deinem Statthalter! Wird er dir gnädig sein oder Rücksicht auf dich nehmen? spricht der HERR der Heerscharen.",
          "words": []
        },
        {
          "id": 9,
          "number": 9,
          "text": "Und nun besänftiget doch das Angesicht Gottes, daß er uns gnädig sei! Wird er, weil solches von eurer Hand geschehen ist, auf jemand von euch Rücksicht nehmen?",
          "words": []
        },
        {
          "id": 10,
          "number": 10,
          "text": "Es schließe doch lieber gleich jemand von euch die Türen des Tempels zu, daß ihr nicht vergeblich mein Altarfeuer anzündet! Ich habe kein Wohlgefallen an euch, spricht der HERR der Heerscharen, und die Opfergabe, die von euren Händen kommt, gefällt mir nicht!",
          "words": []
        },
        {
          "id": 11,
          "number": 11,
          "text": "Denn vom Aufgang der Sonne bis zu ihrem Niedergang ist mein Name groß unter den Heiden, und allenthalben werden meinem Namen Räucherwerk und reine Opfergabe dargebracht; denn groß ist mein Name unter den Heiden, spricht der HERR der Heerscharen.",
          "words": []
        },
        {
          "id": 12,
          "number": 12,
          "text": "Ihr aber entheiligt ihn damit, daß ihr sagt: «Der Tisch des Herrn darf verunreinigt werden, und die Speise, die von ihm kommt, ist geringzuschätzen!»",
          "words": []
        },
        {
          "id": 13,
          "number": 13,
          "text": "Und ihr sprecht: «Siehe, ist es auch der Mühe wert?» Und ihr verachtet ihn, spricht der HERR der Heerscharen, und bringet Geraubtes und Lahmes und Krankes herbei und bringet solches als Opfergabe dar. Sollte ich das von eurer Hand wohlgefällig annehmen? spricht der Herr.",
          "words": []
        },
        {
          "id": 14,
          "number": 14,
          "text": "Nein, verflucht sei der Betrüger, der in seiner Herde ein männliches Tier hat und ein Gelübde tut und dann doch dem Herrn ein schadhaftes opfert! Denn ich bin ein großer König, spricht der HERR der Heerscharen, und mein Name ist gefürchtet unter den Heiden.",
          "words": []
        }
      ]
    },
    {
      "id": 2,
      "verses": [
        {
          "id": 1,
          "number": 1,
          "text": "Und nun, ihr Priester, dieses Gebot gilt euch!",
          "words": []
        },
        {
          "id": 2,
          "number": 2,
          "text": "Wenn ihr nicht hören wollt und es euch nicht von Herzen angelegen sein lasset, meinem Namen die Ehre zu geben, spricht der HERR der Heerscharen, so schleudere ich den Fluch wider euch und verfluche eure Segenssprüche; und ich habe sie auch schon verflucht; denn ihr nehmt es nicht zu Herzen!",
          "words": []
        },
        {
          "id": 3,
          "number": 3,
          "text": "Siehe, ich schelte euch die Saat und will euch Kot ins Angesicht streuen, den Kot eurer Feste, und man wird euch zu ihm hintragen;",
          "words": []
        },
        {
          "id": 4,
          "number": 4,
          "text": "und ihr sollt erfahren, daß ich euch diesen Befehl gesandt habe, auf daß mein Bund mit Levi bestehe, spricht der HERR der Heerscharen.",
          "words": []
        },
        {
          "id": 5,
          "number": 5,
          "text": "Mein Bund mit ihm war Leben und Friede, und ich verlieh ihm beides, damit er mich fürchtete, und er fürchtete mich auch und hatte Ehrfurcht vor meinem Namen.",
          "words": []
        },
        {
          "id": 6,
          "number": 6,
          "text": "Das Gesetz der Wahrheit war in seinem Munde, und nichts Verkehrtes wurde auf seinen Lippen erfunden; er wandelte mit mir friedsam und rechtschaffen, und viele brachte er zur Umkehr von der Missetat.",
          "words": []
        },
        {
          "id": 7,
          "number": 7,
          "text": "Denn des Priesters Lippen sollen die Erkenntnis bewahren, und aus seinem Munde soll man das Gesetz erfragen; denn er ist ein Bote des HERRN der Heerscharen.",
          "words": []
        },
        {
          "id": 8,
          "number": 8,
          "text": "Ihr aber seid vom Wege abgewichen, ihr seid schuld, daß viele am Gesetz Anstoß genommen haben, ihr habt den Bund mit Levi mißbraucht, spricht der HERR der Heerscharen.",
          "words": []
        },
        {
          "id": 9,
          "number": 9,
          "text": "Darum habe auch ich euch beim ganzen Volk verachtet und unwert gemacht, weil ihr meine Wege nicht bewahrt, sondern bei Anwendung des Gesetzes die Person ansehet.",
          "words": []
        },
        {
          "id": 10,
          "number": 10,
          "text": "Haben wir nicht alle einen Vater? Hat uns nicht ein Gott erschaffen? Warum sind wir denn so treulos, einer gegen den andern, und entweihen den Bund unsrer Väter?",
          "words": []
        },
        {
          "id": 11,
          "number": 11,
          "text": "Juda hat treulos gehandelt und einen Greuel verübt in Israel und Jerusalem; denn Juda hat das Heiligtum des HERRN entweiht, welches er liebte, und hat die Tochter eines fremden Gottes gefreit.",
          "words": []
        },
        {
          "id": 12,
          "number": 12,
          "text": "Der HERR wolle dem Manne, der solches tut, Zeugen und Verteidiger ausrotten aus den Zelten Jakobs, und jeden, der dem HERRN der Heerscharen Speisopfer darbringt!",
          "words": []
        },
        {
          "id": 13,
          "number": 13,
          "text": "Und zum andern tut ihr auch das: Ihr bedeckt den Altar des HERRN mit Tränen, mit Weinen und Seufzen, so daß er sich nicht mehr zum Speisopfer wenden und es nicht mit Wohlgefallen aus euren Händen annehmen mag.",
          "words": []
        },
        {
          "id": 14,
          "number": 14,
          "text": "Und ihr fragt: «Warum?» Weil der HERR Zeuge war zwischen dir und dem Weibe deiner Jugend, welcher du nun untreu geworden bist, obschon sie deine Gefährtin und das Weib deines Bundes ist!",
          "words": []
        },
        {
          "id": 15,
          "number": 15,
          "text": "Und hat er sie nicht eins gemacht und geistesverwandt mit ihm? Und wonach soll das eine trachten? Nach göttlichem Samen! So hütet euch denn in eurem Geiste, und niemand werde dem Weibe seiner Jugend untreu!",
          "words": []
        },
        {
          "id": 16,
          "number": 16,
          "text": "Denn ich hasse die Ehescheidung, spricht der HERR, der Gott Israels, und daß man sein Kleid mit Frevel zudeckt, spricht der HERR der Heerscharen; darum hütet euch in eurem Geist und seid nicht treulos!",
          "words": []
        },
        {
          "id": 17,
          "number": 17,
          "text": "Ihr habt den HERRN bemüht mit euren Reden; und ihr fragt noch: «Womit haben wir ihn bemüht?» Damit, daß ihr sagt: «Wer Böses tut, der ist gut in den Augen des HERRN, und an solchen hat er ein Wohlgefallen!» oder «Wo ist der Gott des Gerichts?»",
          "words": []
        }
      ]
    },
    {
      "id": 3,
      "verses": [
        {
          "id": 1,
          "number": 1,
          "text": "Siehe, ich sende meinen Engel, der vor mir her den Weg bereiten soll; und plötzlich wird kommen zu seinem Tempel der Herr, den ihr suchet, und der Engel des Bundes, nach dem ihr begehret; siehe, er kommt, spricht der HERR der Heerscharen!",
          "words": []
        },
        {
          "id": 2,
          "number": 2,
          "text": "Wer aber wird den Tag seiner Zukunft ertragen, und wer wird bestehen, wenn er erscheint? Denn er ist wie das Feuer des Goldschmieds und wie die Lauge der Wäscher.",
          "words": []
        },
        {
          "id": 3,
          "number": 3,
          "text": "Er wird sitzen und schmelzen und das Silber reinigen; er wird die Kinder Levis reinigen und sie läutern wie Gold und Silber; dann werden sie dem HERRN Speisopfer bringen in Gerechtigkeit;",
          "words": []
        },
        {
          "id": 4,
          "number": 4,
          "text": "und das Speisopfer von Juda und Jerusalem wird dem HERRN wohlgefallen, wie in der grauen Vorzeit und wie in den längst vergangenen Jahren.",
          "words": []
        },
        {
          "id": 5,
          "number": 5,
          "text": "Und ich werde mich euch nahen zum Gericht und will ein schneller Zeuge sein wider die Zauberer und wider die Ehebrecher und wider die Meineidigen und wider die, welche die Tagelöhner, Witwen und Waisen übervorteilen und die Fremdlinge unterdrücken und mich nicht fürchten, spricht der HERR der Heerscharen.",
          "words": []
        },
        {
          "id": 6,
          "number": 6,
          "text": "Denn ich, der HERR, verändere mich nicht, darum seid ihr, Kinder Jakobs, nicht aufgerieben worden.",
          "words": []
        },
        {
          "id": 7,
          "number": 7,
          "text": "Seit den Tagen eurer Väter seid ihr von meinen Geboten abgewichen und habt sie nicht befolgt. Kehret um zu mir, so will ich mich zu euch kehren, spricht der HERR der Heerscharen; aber ihr fragt: «Worin sollen wir umkehren?»",
          "words": []
        },
        {
          "id": 8,
          "number": 8,
          "text": "Soll ein Mensch Gott berauben, wie ihr mich beraubet? Aber ihr fragt: «Wessen haben wir dich beraubt?» Der Zehnten und der Abgaben!",
          "words": []
        },
        {
          "id": 9,
          "number": 9,
          "text": "Mit dem Fluch seid ihr belegt worden, denn mich habt ihr betrogen, ihr, das ganze Volk!",
          "words": []
        },
        {
          "id": 10,
          "number": 10,
          "text": "Bringet aber den Zehnten ganz in das Kornhaus, auf daß Speise in meinem Hause sei, und prüfet mich doch dadurch, spricht der HERR der Heerscharen, ob ich euch nicht des Himmels Fenster auftun und euch Segen in überreicher Fülle herabschütten werde!",
          "words": []
        },
        {
          "id": 11,
          "number": 11,
          "text": "Und ich will für euch den Fresser schelten, daß er euch die Frucht der Erde nicht verderbe und daß euch der Weinstock auf dem Felde nicht fehlschlage, spricht der HERR der Heerscharen.",
          "words": []
        },
        {
          "id": 12,
          "number": 12,
          "text": "Also werden alle Nationen euch selig preisen; denn ihr werdet ein Land der Wonne werden, spricht der HERR der Heerscharen.",
          "words": []
        },
        {
          "id": 13,
          "number": 13,
          "text": "Ihr habt harte Worte wider mich ausgestoßen, spricht der HERR. Und ihr fragt noch: «Was haben wir untereinander wider dich geredet?»",
          "words": []
        },
        {
          "id": 14,
          "number": 14,
          "text": "Ihr habt gesagt: «Es ist umsonst, daß man Gott dient, und was nützt es uns, seine Ordnung zu halten und vor dem HERRN der Heerscharen in Trauer einherzugehen?",
          "words": []
        },
        {
          "id": 15,
          "number": 15,
          "text": "Und nun preisen wir die Übermütigen selig; denn die Uebeltäter stehen aufrecht und die, welche Gott versucht haben, kommen davon!»",
          "words": []
        },
        {
          "id": 16,
          "number": 16,
          "text": "Da besprachen sich auch die Gottesfürchtigen miteinander, und der HERR merkte darauf und hörte es, und ein Gedenkbuch ward vor ihm geschrieben für die, welche den HERRN fürchten und seinen Namen hochachten.",
          "words": []
        },
        {
          "id": 17,
          "number": 17,
          "text": "Und sie werden von mir, spricht der HERR der Heerscharen, am Tage, den ich bereite, als mein auserwähltes Eigentum behandelt werden, und ich will ihrer schonen, wie ein Mann seines Sohnes schont, der ihm dient.",
          "words": []
        },
        {
          "id": 18,
          "number": 18,
          "text": "Da werdet ihr wiederum sehen, was für ein Unterschied besteht zwischen dem Gerechten und dem Gottlosen, zwischen dem, der Gott dient, und dem, der ihm nicht dient.",
          "words": []
        }
      ]
    },
    {
      "id": 4,
      "verses": [
        {
          "id": 1,
          "number": 1,
          "text": "(H3-19) Denn siehe, der Tag kommt, brennend wie ein Ofen! Da werden alle Übermütigen und alle, die gottlos handeln, wie Stoppeln sein, und der zukünftige Tag wird sie anzünden, spricht der HERR der Heerscharen, daß ihnen weder Wurzel noch Zweig übrigbleibt.",
          "words": []
        },
        {
          "id": 2,
          "number": 2,
          "text": "(H3-20) Euch aber, die ihr meinen Namen fürchtet, soll aufgehen die Sonne der Gerechtigkeit und Heilung unter ihren Flügeln; und ihr werdet herauskommen und hüpfen wie Kälber aus dem Stall!",
          "words": []
        },
        {
          "id": 3,
          "number": 3,
          "text": "(H3-21) Und ihr werdet die Gottlosen zertreten; denn sie werden wie Asche sein unter euren Fußsohlen am Tage, da ich handle, spricht der HERR der Heerscharen.",
          "words": []
        },
        {
          "id": 4,
          "number": 4,
          "text": "(H3-22) Seid eingedenk des Gesetzes Moses, meines Knechtes, das ich ihm auf dem Horeb für ganz Israel befohlen habe, der Pflichten und der Rechte!",
          "words": []
        },
        {
          "id": 5,
          "number": 5,
          "text": "(H3-23) Siehe, ich sende euch den Propheten Elia, ehe denn da komme der große und furchtbare Tag des HERRN;",
          "words": []
        },
        {
          "id": 6,
          "number": 6,
          "text": "(H3-24) der soll das Herz der Väter den Kindern und das Herz der Kinder wieder ihren Vätern zuwenden, damit ich bei meinem Kommen das Land nicht mit dem Banne schlagen muß!",
          "words": []
        }
      ]
    }
  ]
}