{
  "id": 34,
  "name": "Nahum",
  "chapters": [
    {
      "id": 1,
      "verses": [
        {
          "id": 1,
          "number": 1,
          "text": "Weissagung über Ninive, Buch des Gesichtes Nahums, des Elkoschiten:",
          "words": []
        },
        {
          "id": 2,
          "number": 2,
          "text": "Ein eifernder und rächender Gott ist der HERR; ein Rächer ist der HERR und voller Zorn; ein Rächer ist der HERR gegenüber seinen Widersachern, er verharrt im Zorn gegen seine Feinde.",
          "words": []
        },
        {
          "id": 3,
          "number": 3,
          "text": "Der HERR ist langmütig und von großer Kraft; aber er läßt gewiß nicht ungestraft. Des HERRN Weg ist im Sturmwind und Ungewitter, und Wolken sind der Staub seiner Füße.",
          "words": []
        },
        {
          "id": 4,
          "number": 4,
          "text": "Er schilt das Meer und trocknet es aus und läßt alle Ströme versiegen; Basan und Karmel verwelken, und Libanons Grün verdorrt.",
          "words": []
        },
        {
          "id": 5,
          "number": 5,
          "text": "Berge erbeben vor ihm, und die Hügel vergehen; das Land erhebt sich vor seinem Angesicht, der Erdkreis samt allen, die darauf wohnen.",
          "words": []
        },
        {
          "id": 6,
          "number": 6,
          "text": "Wer kann bestehen vor seinem Grimm, und wer widersteht der Glut seines Zorns? Sein Grimm ergießt sich wie ein Feuer, und Felsen stürzen vor ihm hin.",
          "words": []
        },
        {
          "id": 7,
          "number": 7,
          "text": "Gütig ist der HERR, eine Zuflucht am Tage der Not, und er kennt die, welche auf ihn vertrauen.",
          "words": []
        },
        {
          "id": 8,
          "number": 8,
          "text": "Aber mit überströmender Flut wird er jener Stätte verwüsten und seine Feinde in die Finsternis jagen.",
          "words": []
        },
        {
          "id": 9,
          "number": 9,
          "text": "Was macht ihr Anschläge wider den HERRN? Er wird sie zunichte machen! Die Drangsal wird sich nicht zum zweitenmal erheben.",
          "words": []
        },
        {
          "id": 10,
          "number": 10,
          "text": "Denn wie Dornen vom Feuer und wie guter Wein von den Trinkern, so werden sie verschlungen wie Stoppeln, die ganz dürre sind.",
          "words": []
        },
        {
          "id": 11,
          "number": 11,
          "text": "Von dir ist ausgegangen, der wider den HERRN Arges ersann, der Heilloses plante.",
          "words": []
        },
        {
          "id": 12,
          "number": 12,
          "text": "So spricht der HERR: Wenn sie sich auch sicher fühlen und noch so zahlreich sind, so sollen sie doch abgehauen werden, und es wird aus sein mit ihnen. Wenn ich dich demütige, werde ich dich nicht nochmals demütigen müssen;",
          "words": []
        },
        {
          "id": 13,
          "number": 13,
          "text": "sondern nun will ich dein Joch zerbrechen und deine Bande zerreißen.",
          "words": []
        },
        {
          "id": 14,
          "number": 14,
          "text": "Und der HERR hat gegen dich den Befehl erlassen: Dein Name soll nicht mehr fortgepflanzt werden; vom Hause deines Gottes rotte ich gemeißelte und gegossene Bilder aus; ich will dir dein Grab herrichten, denn du bist zu leicht erfunden worden!",
          "words": []
        },
        {
          "id": 15,
          "number": 15,
          "text": "(H2-1) Siehe auf den Bergen die Füße eines guten Boten, der Frieden predigt: Feiere, Juda, dein Feste, bezahle deine Gelübde! Denn der Heillose wird forthin nicht mehr über dich kommen; er ist gänzlich vertilgt!",
          "words": []
        }
      ]
    },
    {
      "id": 2,
      "verses": [
        {
          "id": 1,
          "number": 1,
          "text": "(H2-2) DER Zerstörer ist wider dich herangezogen; bewache die Festung, beobachte die Straße; stärke deine Lenden, nimm deine Kraft aufs äußerste zusammen!",
          "words": []
        },
        {
          "id": 2,
          "number": 2,
          "text": "(H2-3) Denn der HERR hat Jakobs Stolz gewendet, gleichwie Israels Stolz; denn die Plünderer haben sie geplündert und ihre Reben verderbt.",
          "words": []
        },
        {
          "id": 3,
          "number": 3,
          "text": "(H2-4) Der Schild seiner Helden ist gerötet, die Krieger sind in Scharlach gekleidet, feuerrot; am Tage der Rüstung klirren die Geschirre der Pferde, und die Lanzen werden geschwungen.",
          "words": []
        },
        {
          "id": 4,
          "number": 4,
          "text": "(H2-5) Die Wagen rasen wie toll durch die Straßen und überholen einander auf den Plätzen; sie sind anzusehen wie Fackeln, fahren daher wie Blitze.",
          "words": []
        },
        {
          "id": 5,
          "number": 5,
          "text": "(H2-6) Er bietet seine Würdenträger auf, sie straucheln auf dem Wege, sie eilen zur Mauer, und das Schutzdach wird aufgestellt.",
          "words": []
        },
        {
          "id": 6,
          "number": 6,
          "text": "(H2-7) Die Tore an den Strömen werden erbrochen, und der Palast verzagt.",
          "words": []
        },
        {
          "id": 7,
          "number": 7,
          "text": "(H2-8) Aber es steht fest: Sie wird entblößt, abgeführt, und ihre Mägde seufzen wie Tauben und schlagen sich an die Brust.",
          "words": []
        },
        {
          "id": 8,
          "number": 8,
          "text": "(H2-9) Und doch glich Ninive von jeher einem Wasserteich dennoch fliehen sie! «Stehet still, haltet stand!»",
          "words": []
        },
        {
          "id": 9,
          "number": 9,
          "text": "(H2-10) Aber niemand wendet sich um! Raubet Silber, raubet Gold, denn ihres Vorrates ist kein Ende, sie ist beladen mit allerlei köstlichem Geschmeide!",
          "words": []
        },
        {
          "id": 10,
          "number": 10,
          "text": "(H2-11) Leer und ausgeplündert, verwüstet ist sie ! Verzagte Herzen und schlotternde Knie und Schmerz in allen Hüften und Totenblässe auf allen Gesichtern!",
          "words": []
        },
        {
          "id": 11,
          "number": 11,
          "text": "(H2-12) Wo ist nun die Höhle der Löwen und die Weide der jungen Leuen, wo der Löwe mit der Löwin wandelte und das Löwenkätzchen sicher war, daß niemand es erschreckte?",
          "words": []
        },
        {
          "id": 12,
          "number": 12,
          "text": "(H2-13) Der Löwe raubte, soviel seine Jungen bedurften, und würgte für seine Löwinnen und füllte seine Höhle mit Raub und seine Schlupfwinkel mit zerrissener Beute.",
          "words": []
        },
        {
          "id": 13,
          "number": 13,
          "text": "(H2-14) Siehe, ich will an dich, spricht der HERR der Heerscharen, und lasse deine Kriegswagen in Rauch aufgehen; und deine Löwen soll das Schwert fressen; und ich will deine Beute von der Erde vertilgen, und man soll die Stimme deiner Gesandten nicht mehr hören!",
          "words": []
        }
      ]
    },
    {
      "id": 3,
      "verses": [
        {
          "id": 1,
          "number": 1,
          "text": "Wehe der blutbefleckten Stadt, die voll ist von Lüge und Gewalttat und nicht aufhört zu rauben!",
          "words": []
        },
        {
          "id": 2,
          "number": 2,
          "text": "Peitschenknall und Rädergerassel, jagende Rosse und galoppierende Wagen!",
          "words": []
        },
        {
          "id": 3,
          "number": 3,
          "text": "Stürmende Reiter, funkelnde Schwerter und blitzende Spieße! Viele Verwundete und Haufen von Erschlagenen, zahllose Leichen, so daß man darüber strauchelt.",
          "words": []
        },
        {
          "id": 4,
          "number": 4,
          "text": "Um der großen Unzucht willen der Buhlerin, der anmutigen Zaubermeisterin, welche Völker mit ihrer Unzucht berückte und ganze Geschlechter mit ihrer Zauberei.",
          "words": []
        },
        {
          "id": 5,
          "number": 5,
          "text": "Siehe, ich will an dich, spricht der HERR der Heerscharen, und will dir deine Säume übers Gesicht ziehen, daß die Völker deine Blöße sehen und die Königreiche deine Schande.",
          "words": []
        },
        {
          "id": 6,
          "number": 6,
          "text": "Und ich will dich mit Unrat bewerfen und dich beschimpfen lassen und zur Schau stellen,",
          "words": []
        },
        {
          "id": 7,
          "number": 7,
          "text": "daß alle, die dich sehen, von dir fliehen und sagen werden: «Verwüstet ist Ninive!» Wer will ihr Beileid bezeugen? Wo soll ich dir Tröster suchen?",
          "words": []
        },
        {
          "id": 8,
          "number": 8,
          "text": "Sollte es dir besser gehen als No-Amon, der Stadt am Nil, die rings vom Wasser umgeben war, deren Wehr das Meer bildete, deren Mauer die Flut war?",
          "words": []
        },
        {
          "id": 9,
          "number": 9,
          "text": "Mohrenland war ihre Stärke. Ägypten, ja, ohne Zahl, Puth und Libien gehörten zu ihren Hilfsvölkern.",
          "words": []
        },
        {
          "id": 10,
          "number": 10,
          "text": "Dennoch mußte auch sie in die Gefangenschaft wandern, auch ihre Kindlein wurden an allen Straßenecken zerschmettert; man warf über ihre Angesehenen das Los, und alle ihre Großen wurden in Fesseln gelegt.",
          "words": []
        },
        {
          "id": 11,
          "number": 11,
          "text": "So wirst auch du trinken müssen und umnachtet sein, auch du wirst eine Zuflucht suchen vor dem Feind!",
          "words": []
        },
        {
          "id": 12,
          "number": 12,
          "text": "Alle deine Festungen sind wie Feigenbäume mit Frühfeigen; wenn man sie schüttelt, so fallen sie dem, der essen will, in den Mund.",
          "words": []
        },
        {
          "id": 13,
          "number": 13,
          "text": "Siehe, dein Volk ist zu Weibern geworden in deiner Mitte; deinen Feinden werden die Tore deines Landes geöffnet; Feuer hat deine Riegel verzehrt!",
          "words": []
        },
        {
          "id": 14,
          "number": 14,
          "text": "Schöpfe dir Wasser für die Belagerung! Verstärke deine Bollwerke! Tritt den Ton und stampfe den Lehm, nimm die Ziegelform zur Hand!",
          "words": []
        },
        {
          "id": 15,
          "number": 15,
          "text": "Dort wird das Feuer dich verzehren, das Schwert dich ausrotten; es wird dich verzehren wie junge Heuschrecken; denn du bist so zahlreich wie die jungen Heuschrecken, wie die Wanderheuschrecken hast du dich vermehrt!",
          "words": []
        },
        {
          "id": 16,
          "number": 16,
          "text": "Deiner Kaufleute sind mehr geworden als Sterne am Himmel; wie junge Heuschrecken häuten sie sich und fliegen davon.",
          "words": []
        },
        {
          "id": 17,
          "number": 17,
          "text": "Deine Söldner sind wie die Heuschrecken, und deine Beamten gleichen den Käfern, die sich an kalten Tagen an der Mauer lagern; wenn aber die Sonne aufgeht, so fliegen sie davon, und niemand weiß, wohin sie gekommen sind.",
          "words": []
        },
        {
          "id": 18,
          "number": 18,
          "text": "Während deine Hirten schlummerten, deine Würdenträger schliefen, hat sich dein Volk, o König von Assur, über die Berge zerstreut, und niemand sammelt es mehr!",
          "words": []
        },
        {
          "id": 19,
          "number": 19,
          "text": "Dein Unglück wird durch nichts gemildert, unheilbar ist deine Wunde. Alle, die davon hören, klatschen in die Hände über dich; denn über wen ist nicht deine Bosheit ohne Unterlaß ergangen?",
          "words": []
        }
      ]
    }
  ]
}