{
  "id": 31,
  "name": "Obadiah",
  "chapters": [
    {
      "id": 1,
      "verses": [
        {
          "id": 1,
          "number": 1,
          "text": "Gesicht Obadjas: So spricht Gott, der HERR, über Edom: Wir haben eine Botschaft vernommen vom HERRN, und ein Bote wurde damit an die Völker entsandt: Auf! lasset uns aufbrechen wider sie zum Krieg!",
          "words": []
        },
        {
          "id": 2,
          "number": 2,
          "text": "Siehe, ich habe dich klein gemacht unter den Völkern, sehr verachtet bist du.",
          "words": []
        },
        {
          "id": 3,
          "number": 3,
          "text": "Der Hochmut deines Herzens hat dich verführt, weil du an Felshängen wohnst, in der Höhe thronst; darum sprichst du in deinem Herzen: «Wer will mich zur Erde hinunterstoßen?»",
          "words": []
        },
        {
          "id": 4,
          "number": 4,
          "text": "Wenn du aber auch so hoch flögest wie ein Adler und dein Nest zwischen den Sternen anlegtest, so will ich dich doch von dort hinunterstürzen, spricht der HERR.",
          "words": []
        },
        {
          "id": 5,
          "number": 5,
          "text": "Wenn Diebe zu dir kämen, nächtliche Verwüster, (wie wirst du dann untergehen!) würden sie nicht stehlen, nur bis sie genug haben? Wenn Winzer zu dir kämen, würden sie nicht eine Nachlese übriglassen?",
          "words": []
        },
        {
          "id": 6,
          "number": 6,
          "text": "Wie ist aber Esau durchsucht, wie sind seine Verstecke ausfindig gemacht worden!",
          "words": []
        },
        {
          "id": 7,
          "number": 7,
          "text": "Deine Bundesgenossen schicken dich an die Grenze zurück; getäuscht, überwältigt haben dich die Männer, mit denen du Frieden hieltest; die dein Brot aßen, haben dir Schlingen gelegt, ohne daß du es merktest.",
          "words": []
        },
        {
          "id": 8,
          "number": 8,
          "text": "Werde ich, spricht der HERR, an jenem Tage nicht die Weisen aus Edom vertilgen und die Einsicht vom Gebirge Esau?",
          "words": []
        },
        {
          "id": 9,
          "number": 9,
          "text": "Und deine Starken sollen den Mut verlieren, damit bei dem Gemetzel auf dem Gebirge Esau jedermann ausgerottet werde.",
          "words": []
        },
        {
          "id": 10,
          "number": 10,
          "text": "Wegen der Grausamkeit gegen deinen Bruder Jakob soll dich Schmach bedecken und sollst du auf ewig ausgerottet werden;",
          "words": []
        },
        {
          "id": 11,
          "number": 11,
          "text": "weil du an jenem Tage, als du dabei standest, am Tage, da Fremde seine Habe wegführten und Ausländer zu seinen Toren einzogen und das Los über Jerusalem warfen, auch warst wie einer von ihnen!",
          "words": []
        },
        {
          "id": 12,
          "number": 12,
          "text": "Du sollst aber deine Lust nicht sehen am Tage deines Bruders, am Tage seines Unglücks, und sollst dich nicht freuen über die Kinder Juda am Tage ihres Untergangs und nicht großsprecherisch reden am Tage der Not.",
          "words": []
        },
        {
          "id": 13,
          "number": 13,
          "text": "Du sollst auch nicht zum Tor meines Volkes einziehen am Tage ihres Unglücks und auch nicht dich weiden an seinem Unglück an seinem Schicksalstag, noch deine Hand ausstrecken nach seinem Gut am Tage seines Unglücks.",
          "words": []
        },
        {
          "id": 14,
          "number": 14,
          "text": "Du sollst dich auch nicht beim Scheideweg aufstellen, um seine Flüchtlinge niederzumachen, und sollst seine Entronnenen nicht ausliefern am Tage der Not!",
          "words": []
        },
        {
          "id": 15,
          "number": 15,
          "text": "Denn nahe ist der Tag des HERRN über alle Nationen; wie du getan hast, so soll dir getan werden; dein Tun fällt auf deinen Kopf zurück.",
          "words": []
        },
        {
          "id": 16,
          "number": 16,
          "text": "Denn gleichwie ihr auf meinem heiligen Berge getrunken habt, so sollen alle Nationen beständig trinken; sie sollen trinken und schlürfen und sein, als wären sie nie gewesen.",
          "words": []
        },
        {
          "id": 17,
          "number": 17,
          "text": "Aber auf dem Berge Zion wird Zuflucht sein, und er wird ein Heiligtum sein, und die vom Hause Jakob werden ihre Besitzungen einnehmen.",
          "words": []
        },
        {
          "id": 18,
          "number": 18,
          "text": "Und das Haus Jakob wird ein Feuer sein und das Haus Joseph eine Flamme; aber das Haus Esau wird zu Stoppeln werden; und jene werden sie anzünden und verzehren, daß dem Hause Esau nichts übrigbleiben wird; denn der HERR hat's gesagt!",
          "words": []
        },
        {
          "id": 19,
          "number": 19,
          "text": "Und die im Süden werden das Gebirge Esau und die in der Ebene das Philisterland einnehmen; auch die Gefilde von Ephraim und Samaria werden sie in Besitz nehmen und Benjamin das Land Gilead.",
          "words": []
        },
        {
          "id": 20,
          "number": 20,
          "text": "Die Gefangenen aber dieses Heeres der Kinder Israel werden in Besitz nehmen, was den Kanaanitern gehört bis nach Zarpat hin, und die Gefangenen Jerusalems, die zu Sepharad sind, die Städte des Südens.",
          "words": []
        },
        {
          "id": 21,
          "number": 21,
          "text": "Und sie werden als Befreier nach dem Berge Zion hinaufziehen, um das Gebirge Esau zu richten. Und die Königsherrschaft wird dem HERRN gehören!",
          "words": []
        }
      ]
    }
  ]
}