{
  "id": 57,
  "name": "Philemon",
  "chapters": [
    {
      "id": 1,
      "verses": [
        {
          "id": 1,
          "number": 1,
          "text": "Paulus, ein Gebundener Christi Jesu, und Timotheus, der Bruder, an Philemon, den geliebten und unsren Mitarbeiter;",
          "words": []
        },
        {
          "id": 2,
          "number": 2,
          "text": "und an Apphia, die geliebte, und Archippus, unsren Mitstreiter, und an die Gemeinde in deinem Hause.",
          "words": []
        },
        {
          "id": 3,
          "number": 3,
          "text": "Gnade sei mit euch und Friede von Gott, unsrem Vater und dem Herrn Jesus Christus!",
          "words": []
        },
        {
          "id": 4,
          "number": 4,
          "text": "Ich danke meinem Gott allezeit, wenn ich in meinen Gebeten deiner gedenke,",
          "words": []
        },
        {
          "id": 5,
          "number": 5,
          "text": "weil ich von deiner Liebe und von dem Glauben höre, welchen du an den Herrn Jesus und gegen alle Heiligen hast,",
          "words": []
        },
        {
          "id": 6,
          "number": 6,
          "text": "damit die Gemeinschaft deines Glaubens wirksam werde durch Erkenntnis all des Guten, das unter uns ist, für Christus Jesus.",
          "words": []
        },
        {
          "id": 7,
          "number": 7,
          "text": "Denn wir haben viel Freude und Trost ob deiner Liebe; denn die Herzen der Heiligen sind durch dich, Bruder, erquickt worden.",
          "words": []
        },
        {
          "id": 8,
          "number": 8,
          "text": "Darum, wiewohl ich in Christus volle Freiheit hätte, dir zu gebieten, was sich geziemt,",
          "words": []
        },
        {
          "id": 9,
          "number": 9,
          "text": "so will ich doch, um der Liebe willen, eher ermahnen, als ein solcher, wie ich bin, nämlich ein alter Paulus, jetzt aber auch ein Gebundener Jesu Christi.",
          "words": []
        },
        {
          "id": 10,
          "number": 10,
          "text": "Ich ermahne dich betreffs meines Sohnes, den ich in meinen Banden gezeugt habe, Onesimus,",
          "words": []
        },
        {
          "id": 11,
          "number": 11,
          "text": "der dir ehemals unnütz war, jetzt aber dir und mir nützlich ist.",
          "words": []
        },
        {
          "id": 12,
          "number": 12,
          "text": "Ich sende ihn dir hiermit zurück; du aber nimm ihn auf wie mein eigen Herz.",
          "words": []
        },
        {
          "id": 13,
          "number": 13,
          "text": "Ich wollte ihn bei mir behalten, damit er mir an deiner Statt in den Banden des Evangeliums diene;",
          "words": []
        },
        {
          "id": 14,
          "number": 14,
          "text": "aber ohne deine Zustimmung wollte ich nichts tun, damit deine Wohltat nicht gleichsam erzwungen, sondern freiwillig wäre.",
          "words": []
        },
        {
          "id": 15,
          "number": 15,
          "text": "Denn vielleicht ist er darum auf eine kurze Zeit von dir getrennt worden, damit du ihn auf ewig besitzest,",
          "words": []
        },
        {
          "id": 16,
          "number": 16,
          "text": "nicht mehr als einen Sklaven, sondern, was besser ist als ein Sklave, als einen geliebten Bruder, allermeist für mich, wie viel mehr aber für dich, sowohl im Fleische als im Herrn.",
          "words": []
        },
        {
          "id": 17,
          "number": 17,
          "text": "Wenn du mich nun für einen Freund hältst, so nimm ihn auf, wie mich selbst.",
          "words": []
        },
        {
          "id": 18,
          "number": 18,
          "text": "Wenn er dir aber Schaden zugefügt hat oder etwas schuldig ist, so rechne das mir an.",
          "words": []
        },
        {
          "id": 19,
          "number": 19,
          "text": "Ich, Paulus, schreibe es eigenhändig: Ich will bezahlen; zu schweigen davon, daß du auch dich selbst mir schuldig bist.",
          "words": []
        },
        {
          "id": 20,
          "number": 20,
          "text": "Ja, Bruder, laß mich von dir Nutzen haben im Herrn! Erquicke mein Herz im Herrn!",
          "words": []
        },
        {
          "id": 21,
          "number": 21,
          "text": "Im Vertrauen auf deinen Gehorsam schreibe ich dir, weil ich weiß, daß du noch mehr tun wirst, als ich dir sage.",
          "words": []
        },
        {
          "id": 22,
          "number": 22,
          "text": "Zugleich aber bereite mir auch eine Herberge, denn ich hoffe, durch euer Gebet euch geschenkt zu werden.",
          "words": []
        },
        {
          "id": 23,
          "number": 23,
          "text": "Es grüßen dich Epaphras, mein Mitgefangener in Christus Jesus,",
          "words": []
        },
        {
          "id": 24,
          "number": 24,
          "text": "Markus, Aristarchus, Demas, Lukas, meine Mitarbeiter.",
          "words": []
        },
        {
          "id": 25,
          "number": 25,
          "text": "Die Gnade unsres Herrn Jesus Christus sei mit eurem Geiste! Amen.",
          "words": []
        }
      ]
    }
  ]
}