{
  "id": 50,
  "name": "Philippians",
  "chapters": [
    {
      "id": 1,
      "verses": [
        {
          "id": 1,
          "number": 1,
          "text": "Paulus und Timotheus, Knechte Jesu Christi, an alle Heiligen in Christus Jesus, die in Philippi sind, samt den Aufsehern und Dienern:",
          "words": []
        },
        {
          "id": 2,
          "number": 2,
          "text": "Gnade sei mit euch und Friede von Gott, unsrem Vater und dem Herrn Jesus Christus!",
          "words": []
        },
        {
          "id": 3,
          "number": 3,
          "text": "Ich danke meinem Gott, so oft ich euer gedenke,",
          "words": []
        },
        {
          "id": 4,
          "number": 4,
          "text": "allezeit, in jedem Gebet für euch alle, indem ich das Gebet mit Freuden tue",
          "words": []
        },
        {
          "id": 5,
          "number": 5,
          "text": "wegen eurer Gemeinschaft am Evangelium vom ersten Tage an bis jetzt,",
          "words": []
        },
        {
          "id": 6,
          "number": 6,
          "text": "und weil ich davon überzeugt bin, daß der, welcher in euch ein gutes Werk angefangen hat, es auch vollenden wird bis auf den Tag Jesu Christi.",
          "words": []
        },
        {
          "id": 7,
          "number": 7,
          "text": "Es ist ja nur billig, daß ich so von euch allen denke, weil ich euch im Herzen trage, sowohl in meinen Banden als auch bei der Verteidigung und Bekräftigung des Evangeliums, damit ihr alle mit mir der Gnade teilhaftig seid.",
          "words": []
        },
        {
          "id": 8,
          "number": 8,
          "text": "Denn Gott ist mein Zeuge, wie mich nach euch allen verlangt in der herzlichen Liebe Jesu Christi.",
          "words": []
        },
        {
          "id": 9,
          "number": 9,
          "text": "Und um das bitte ich, daß eure Liebe noch mehr und mehr reich werde an Erkenntnis und allem Empfindungsvermögen,",
          "words": []
        },
        {
          "id": 10,
          "number": 10,
          "text": "damit ihr zu prüfen vermöget, worauf es ankommt, so daß ihr lauter und unanstößig seid auf den Tag Jesu Christi,",
          "words": []
        },
        {
          "id": 11,
          "number": 11,
          "text": "erfüllt mit Frucht der Gerechtigkeit, die durch Jesus Christus gewirkt wird zur Ehre und zum Lobe Gottes.",
          "words": []
        },
        {
          "id": 12,
          "number": 12,
          "text": "Ich will aber, Brüder, daß ihr wisset, wie alles, was mir begegnet ist, nur mehr zur Förderung des Evangeliums ausgeschlagen hat",
          "words": []
        },
        {
          "id": 13,
          "number": 13,
          "text": "so daß in der ganzen kaiserlichen Kaserne und bei den übrigen allen bekannt geworden ist, daß ich um Christi willen gebunden bin,",
          "words": []
        },
        {
          "id": 14,
          "number": 14,
          "text": "und daß die Mehrzahl der Brüder im Herrn, durch meine Bande ermutigt, es desto kühner wagen, das Wort Gottes zu reden ohne Furcht;",
          "words": []
        },
        {
          "id": 15,
          "number": 15,
          "text": "etliche predigen zwar Christus auch aus Neid und Streitsucht, andere aber aus guter Gesinnung:",
          "words": []
        },
        {
          "id": 16,
          "number": 16,
          "text": "diese aus Liebe, weil sie wissen, daß ich zur Verteidigung des Evangeliums bestimmt bin;",
          "words": []
        },
        {
          "id": 17,
          "number": 17,
          "text": "jene aber, die es aus Parteisucht tun, verkündigen Christus nicht lauter, da sie beabsichtigen, meinen Banden noch Trübsal hinzuzufügen.",
          "words": []
        },
        {
          "id": 18,
          "number": 18,
          "text": "Was tut es? Wenn nur auf alle Weise, sei es zum Vorwand oder in Wahrheit, Christus verkündigt wird, so freue ich mich darüber und will mich auch freuen!",
          "words": []
        },
        {
          "id": 19,
          "number": 19,
          "text": "Denn ich weiß, daß mir das zum Heil ausschlagen wird durch eure Fürbitte und die Handreichung des Geistes Jesu Christi,",
          "words": []
        },
        {
          "id": 20,
          "number": 20,
          "text": "nach meiner Erwartung und Hoffnung, daß ich in nichts zuschanden werde, sondern daß in aller Freimütigkeit, wie allezeit, so auch jetzt, Christus hochgepriesen werde an meinem Leibe, es sei durch Leben oder durch Tod.",
          "words": []
        },
        {
          "id": 21,
          "number": 21,
          "text": "Denn für mich ist Christus das Leben, und das Sterben ist mein Gewinn.",
          "words": []
        },
        {
          "id": 22,
          "number": 22,
          "text": "Wenn aber das Leben im Fleische mir Gelegenheit gibt zu fruchtbarer Wirksamkeit, so weiß ich nicht, was ich wählen soll.",
          "words": []
        },
        {
          "id": 23,
          "number": 23,
          "text": "Denn ich werde von beidem bedrängt: Ich habe Lust, abzuscheiden und bei Christus zu sein, was auch viel besser wäre;",
          "words": []
        },
        {
          "id": 24,
          "number": 24,
          "text": "aber es ist nötiger, im Fleische zu bleiben um euretwillen.",
          "words": []
        },
        {
          "id": 25,
          "number": 25,
          "text": "Und weil ich davon überzeugt bin, so weiß ich, daß ich bleiben werde; und ich will auch gerne bei euch allen verbleiben zu eurer Förderung und Freude im Glauben,",
          "words": []
        },
        {
          "id": 26,
          "number": 26,
          "text": "damit ihr um soviel mehr zu rühmen habet in Christus Jesus meinethalben, wegen meiner erneuten Anwesenheit bei euch.",
          "words": []
        },
        {
          "id": 27,
          "number": 27,
          "text": "Wandelt nur würdig des Evangeliums Christi, damit, ob ich komme und euch sehe, oder abwesend bin, ich von euch höre, daß ihr feststehet in einem Geiste und einmütig miteinander kämpfet für den Glauben des Evangeliums",
          "words": []
        },
        {
          "id": 28,
          "number": 28,
          "text": "und euch in keiner Weise einschüchtern lasset von den Widersachern, was für sie eine Anzeige des Verderbens, für euch aber des Heils ist, und zwar von Gott.",
          "words": []
        },
        {
          "id": 29,
          "number": 29,
          "text": "Denn euch wurde in bezug auf Christus die Gnade verliehen, nicht nur an ihn zu glauben, sondern auch um seinetwillen zu leiden,",
          "words": []
        },
        {
          "id": 30,
          "number": 30,
          "text": "indem ihr denselben Kampf habt, den ihr an mir sahet und nun von mir höret.",
          "words": []
        }
      ]
    },
    {
      "id": 2,
      "verses": [
        {
          "id": 1,
          "number": 1,
          "text": "Gibt es nun irgendwelche Ermahnung in Christus, gibt es Zuspruch der Liebe, gibt es Gemeinschaft des Geistes, gibt es Herzlichkeit und Erbarmen,",
          "words": []
        },
        {
          "id": 2,
          "number": 2,
          "text": "so machet meine Freude völlig, indem ihr eines Sinnes seid, gleiche Liebe habet, einmütig und auf eines bedacht seid,",
          "words": []
        },
        {
          "id": 3,
          "number": 3,
          "text": "nichts tut aus Parteigeist oder eitler Ruhmsucht, sondern durch Demut einer den andern höher achtet als sich selbst,",
          "words": []
        },
        {
          "id": 4,
          "number": 4,
          "text": "indem jeder nicht nur das Seine ins Auge faßt, sondern auch das des andern.",
          "words": []
        },
        {
          "id": 5,
          "number": 5,
          "text": "Denn ihr sollt so gesinnt sein, wie Jesus Christus auch war,",
          "words": []
        },
        {
          "id": 6,
          "number": 6,
          "text": "welcher, da er sich in Gottes Gestalt befand, es nicht wie einen Raub festhielt, Gott gleich zu sein;",
          "words": []
        },
        {
          "id": 7,
          "number": 7,
          "text": "sondern sich selbst entäußerte, die Gestalt eines Knechtes annahm und den Menschen ähnlich wurde,",
          "words": []
        },
        {
          "id": 8,
          "number": 8,
          "text": "und in seiner äußern Erscheinung wie ein Mensch erfunden, sich selbst erniedrigte und gehorsam wurde bis zum Tod, ja bis zum Kreuzestod.",
          "words": []
        },
        {
          "id": 9,
          "number": 9,
          "text": "Darum hat ihn auch Gott über alle Maßen erhöht und ihm den Namen geschenkt, der über allen Namen ist,",
          "words": []
        },
        {
          "id": 10,
          "number": 10,
          "text": "damit in dem Namen Jesu sich alle Knie derer beugen, die im Himmel und auf Erden und unter der Erde sind,",
          "words": []
        },
        {
          "id": 11,
          "number": 11,
          "text": "und alle Zungen bekennen, daß Jesus Christus der Herr sei, zur Ehre Gottes, des Vaters.",
          "words": []
        },
        {
          "id": 12,
          "number": 12,
          "text": "Darum, meine Geliebten, wie ihr allezeit gehorsam gewesen seid, nicht allein in meiner Gegenwart, sondern jetzt noch vielmehr in meiner Abwesenheit, vollendet eure Rettung mit Furcht und Zittern;",
          "words": []
        },
        {
          "id": 13,
          "number": 13,
          "text": "denn Gott ist es, der in euch sowohl das Wollen als auch das Vollbringen wirkt, nach Seinem Wohlgefallen.",
          "words": []
        },
        {
          "id": 14,
          "number": 14,
          "text": "Tut alles ohne Murren und Bedenken,",
          "words": []
        },
        {
          "id": 15,
          "number": 15,
          "text": "damit ihr unsträflich seid und lauter, untadelige Gotteskinder, mitten unter einem verdrehten und verkehrten Geschlecht, unter welchem ihr scheinet als Lichter in der Welt,",
          "words": []
        },
        {
          "id": 16,
          "number": 16,
          "text": "indem ihr das Wort des Lebens darbietet, mir zum Ruhm auf den Tag Christi, daß ich nicht vergeblich gelaufen bin, noch vergeblich gearbeitet habe.",
          "words": []
        },
        {
          "id": 17,
          "number": 17,
          "text": "Sollte ich aber auch wie ein Trankopfer ausgegossen werden über dem Opfer und dem Gottesdienst eures Glaubens, so bin ich doch froh und freue mich mit euch allen;",
          "words": []
        },
        {
          "id": 18,
          "number": 18,
          "text": "gleicherweise sollt auch ihr froh sein und euch mit mir freuen!",
          "words": []
        },
        {
          "id": 19,
          "number": 19,
          "text": "Ich hoffe aber in dem Herrn Jesus, Timotheus bald zu euch zu senden, damit ich ermutigt werde, wenn ich erfahre, wie es um euch steht.",
          "words": []
        },
        {
          "id": 20,
          "number": 20,
          "text": "Denn ich habe sonst niemand von gleicher Gesinnung, der so redlich für eure Anliegen sorgen wird;",
          "words": []
        },
        {
          "id": 21,
          "number": 21,
          "text": "denn sie suchen alle das Ihre, nicht das, was Christi Jesu ist!",
          "words": []
        },
        {
          "id": 22,
          "number": 22,
          "text": "Wie er sich aber bewährt hat, das wisset ihr, daß er nämlich, wie ein Kind dem Vater, mit mir Dienst getan hat für das Evangelium.",
          "words": []
        },
        {
          "id": 23,
          "number": 23,
          "text": "Diesen nun hoffe ich sofort zu senden, sobald ich absehen kann, wie es mit mir gehen wird.",
          "words": []
        },
        {
          "id": 24,
          "number": 24,
          "text": "Ich bin aber voll Zuversicht im Herrn, daß auch ich selbst bald kommen werde.",
          "words": []
        },
        {
          "id": 25,
          "number": 25,
          "text": "Doch habe ich es für notwendig erachtet, Epaphroditus, meinen Bruder und Mitarbeiter und Mitstreiter, der auch als euer Gesandter und Diener meiner Not mir zu Hilfe kam, zu euch zu senden;",
          "words": []
        },
        {
          "id": 26,
          "number": 26,
          "text": "denn er hatte Verlangen nach euch allen und war bekümmert, weil ihr gehört hattet, daß er krank gewesen sei.",
          "words": []
        },
        {
          "id": 27,
          "number": 27,
          "text": "Er war auch wirklich todkrank; aber Gott hat sich seiner erbarmt, und nicht nur über ihn, sondern auch über mich, damit ich nicht eine Traurigkeit um die andere hätte.",
          "words": []
        },
        {
          "id": 28,
          "number": 28,
          "text": "Desto schleuniger habe ich ihn nun gesandt, damit ihr durch seinen Anblick wieder froh werdet und auch ich weniger Traurigkeit habe.",
          "words": []
        },
        {
          "id": 29,
          "number": 29,
          "text": "So nehmt ihn nun auf im Herrn mit aller Freude und haltet solche Männer in Ehren;",
          "words": []
        },
        {
          "id": 30,
          "number": 30,
          "text": "denn um des Werkes Christi willen ist er dem Tode nahe gekommen, da er sein Leben dransetzte, um mir zu dienen an eurer Statt.",
          "words": []
        }
      ]
    },
    {
      "id": 3,
      "verses": [
        {
          "id": 1,
          "number": 1,
          "text": "Im übrigen, meine Brüder, freuet euch in dem Herrn! Euch dasselbe zu schreiben, ist mir nicht lästig; euch aber macht es gewiß.",
          "words": []
        },
        {
          "id": 2,
          "number": 2,
          "text": "Habt acht auf die Hunde, habt acht auf die bösen Arbeiter, habt acht auf die Zerschneidung!",
          "words": []
        },
        {
          "id": 3,
          "number": 3,
          "text": "Denn wir sind die Beschneidung, die wir Gott im Geiste dienen und uns in Christus Jesus rühmen und nicht auf Fleisch vertrauen,",
          "words": []
        },
        {
          "id": 4,
          "number": 4,
          "text": "wiewohl auch ich mein Vertrauen auf Fleisch setzen könnte. Wenn ein anderer meint, er könne auf Fleisch vertrauen, ich viel mehr;",
          "words": []
        },
        {
          "id": 5,
          "number": 5,
          "text": "der ich am achten Tag beschnitten bin, aus dem Geschlecht Israel, vom Stamme Benjamin, ein Hebräer von Hebräern, nach dem Gesetz ein Pharisäer,",
          "words": []
        },
        {
          "id": 6,
          "number": 6,
          "text": "nach dem Eifer ein Verfolger der Gemeinde, nach der Gerechtigkeit im Gesetze untadelig gewesen.",
          "words": []
        },
        {
          "id": 7,
          "number": 7,
          "text": "Aber was mir Gewinn war, das habe ich um Christi willen für Schaden gerechnet;",
          "words": []
        },
        {
          "id": 8,
          "number": 8,
          "text": "ja ich achte nun auch alles für Schaden gegenüber der alles übertreffenden Erkenntnis Christi Jesu, meines Herrn, um dessentwillen ich alles eingebüßt habe, und ich achte es für Unrat, damit ich Christus gewinne",
          "words": []
        },
        {
          "id": 9,
          "number": 9,
          "text": "und in ihm erfunden werde, daß ich nicht meine eigene Gerechtigkeit (die aus dem Gesetz) habe, sondern die, welche durch den Glauben an Christus erlangt wird , die Gerechtigkeit aus Gott auf Grund des Glaubens,",
          "words": []
        },
        {
          "id": 10,
          "number": 10,
          "text": "zu erkennen ihn und die Kraft seiner Auferstehung und die Gemeinschaft seiner Leiden, daß ich seinem Tode ähnlich werde,",
          "words": []
        },
        {
          "id": 11,
          "number": 11,
          "text": "ob ich vielleicht zur Auferstehung aus den Toten gelangen möchte.",
          "words": []
        },
        {
          "id": 12,
          "number": 12,
          "text": "Nicht daß ich es schon erlangt habe oder schon vollendet sei, ich jage aber darnach, daß ich das auch ergreife, wofür ich von Christus ergriffen worden bin.",
          "words": []
        },
        {
          "id": 13,
          "number": 13,
          "text": "Brüder, ich halte mich selbst nicht dafür, daß ich es ergriffen habe;",
          "words": []
        },
        {
          "id": 14,
          "number": 14,
          "text": "eins aber tue ich: Ich vergesse, was dahinten ist, und strecke mich aus nach dem, was vor mir ist, und jage nach dem Ziel, dem Kampfpreis der himmlischen Berufung Gottes in Christus Jesus.",
          "words": []
        },
        {
          "id": 15,
          "number": 15,
          "text": "So viele nun vollkommen sind, wollen wir also gesinnt sein; und wenn ihr über etwas anders denket, so wird euch Gott auch das offenbaren.",
          "words": []
        },
        {
          "id": 16,
          "number": 16,
          "text": "Nur laßt uns, wozu wir auch gelangt sein mögen, nach derselben Richtschnur wandeln und dasselbe erstreben.",
          "words": []
        },
        {
          "id": 17,
          "number": 17,
          "text": "Werdet meine Nachahmer, ihr Brüder, und sehet auf die, welche so wandeln, wie ihr uns zum Vorbilde habt.",
          "words": []
        },
        {
          "id": 18,
          "number": 18,
          "text": "Denn viele wandeln, wie ich euch oft gesagt habe, nun aber auch weinend sage, als «Feinde des Kreuzes Christi»,",
          "words": []
        },
        {
          "id": 19,
          "number": 19,
          "text": "welcher Ende das Verderben ist, deren Gott der Bauch ist, die sich ihrer Schande rühmen und aufs Irdische erpicht sind.",
          "words": []
        },
        {
          "id": 20,
          "number": 20,
          "text": "Unser Bürgerrecht aber ist im Himmel, von woher wir auch als Retter den Herrn Jesus Christus erwarten,",
          "words": []
        },
        {
          "id": 21,
          "number": 21,
          "text": "welcher den Leib unsrer Niedrigkeit umgestalten wird, daß er gleichgestaltet werde dem Leibe seiner Herrlichkeit, vermöge der Kraft, durch welche er sich auch alles untertan machen kann!",
          "words": []
        }
      ]
    },
    {
      "id": 4,
      "verses": [
        {
          "id": 1,
          "number": 1,
          "text": "Darum, meine geliebten und ersehnten Brüder, meine Freude und meine Krone, stehet also fest im Herrn!",
          "words": []
        },
        {
          "id": 2,
          "number": 2,
          "text": "Euodia ermahne ich und Syntyche ermahne ich, eines Sinnes zu sein im Herrn.",
          "words": []
        },
        {
          "id": 3,
          "number": 3,
          "text": "Ja, ich bitte auch dich, mein treuer Mitknecht, nimm dich ihrer an, die mit mir als Streiter gedient haben am Evangelium, samt Clemens und meinen übrigen Mitarbeitern, deren Namen im Buch des Lebens sind.",
          "words": []
        },
        {
          "id": 4,
          "number": 4,
          "text": "Freuet euch im Herrn allezeit; und abermal sage ich: Freuet euch!",
          "words": []
        },
        {
          "id": 5,
          "number": 5,
          "text": "Eure Sanftmut lasset alle Menschen erfahren! Der Herr ist nahe!",
          "words": []
        },
        {
          "id": 6,
          "number": 6,
          "text": "Sorget um nichts; sondern in allem lasset durch Gebet und Flehen mit Danksagung eure Anliegen vor Gott kundwerden.",
          "words": []
        },
        {
          "id": 7,
          "number": 7,
          "text": "Und der Friede Gottes, der allen Verstand übersteigt, wird eure Herzen und Sinne bewahren in Christus Jesus!",
          "words": []
        },
        {
          "id": 8,
          "number": 8,
          "text": "Im übrigen, meine Brüder, was wahrhaftig, was ehrbar, was gerecht, was keusch, was liebenswert, was wohllautend, was irgend eine Tugend oder ein Lob ist, dem denket nach;",
          "words": []
        },
        {
          "id": 9,
          "number": 9,
          "text": "was ihr auch gelernt und empfangen und gehört und an mir gesehen habt, das tut; so wird der Gott des Friedens mit euch sein.",
          "words": []
        },
        {
          "id": 10,
          "number": 10,
          "text": "Ich bin aber hoch erfreut worden im Herrn, daß ihr euch wieder soweit erholt habt, um für mich sorgen zu können; worauf ihr auch sonst bedacht waret, aber ihr waret nicht in der Lage dazu.",
          "words": []
        },
        {
          "id": 11,
          "number": 11,
          "text": "Nicht Mangels halber sage ich das; denn ich habe gelernt, mit der Lage zufrieden zu sein, in welcher ich mich befinde.",
          "words": []
        },
        {
          "id": 12,
          "number": 12,
          "text": "Ich verstehe mich so gut aufs Armsein wie aufs Reichsein;",
          "words": []
        },
        {
          "id": 13,
          "number": 13,
          "text": "ich bin in allem und für alles geübt, sowohl satt zu sein, als zu hungern, sowohl Überfluß zu haben, als Mangel zu leiden. Ich vermag alles durch den, der mich stark macht.",
          "words": []
        },
        {
          "id": 14,
          "number": 14,
          "text": "Doch habt ihr wohlgetan, daß ihr euch meiner bedrängten Lage annahmet.",
          "words": []
        },
        {
          "id": 15,
          "number": 15,
          "text": "Ihr wisset aber auch, ihr Philipper, daß im Anfang des Evangeliums, als ich von Mazedonien auszog, keine Gemeinde sich mit mir geteilt hat in die Rechnung der Einnahmen und Ausgaben, als ihr allein;",
          "words": []
        },
        {
          "id": 16,
          "number": 16,
          "text": "ja auch nach Thessalonich habt ihr mir einmal, und sogar zweimal, zur Deckung meiner Bedürfnisse gesandt.",
          "words": []
        },
        {
          "id": 17,
          "number": 17,
          "text": "Nicht daß ich nach der Gabe verlange, sondern ich verlange darnach, daß die Frucht reichlich ausfalle auf eurer Rechnung.",
          "words": []
        },
        {
          "id": 18,
          "number": 18,
          "text": "Ich habe alles, was ich brauche , und habe Überfluß; ich bin völlig versorgt, seitdem ich von Epaphroditus eure Gabe empfangen habe, einen lieblichen Wohlgeruch, ein angenehmes Opfer, Gott wohlgefällig.",
          "words": []
        },
        {
          "id": 19,
          "number": 19,
          "text": "Mein Gott aber befriedige alle eure Bedürfnisse nach seinem Reichtum in Herrlichkeit, in Christus Jesus!",
          "words": []
        },
        {
          "id": 20,
          "number": 20,
          "text": "Unsrem Gott und Vater aber sei die Ehre von Ewigkeit zu Ewigkeit! Amen.",
          "words": []
        },
        {
          "id": 21,
          "number": 21,
          "text": "Grüßet alle Heiligen in Christus Jesus! Es grüßen euch die Brüder, die bei mir sind.",
          "words": []
        },
        {
          "id": 22,
          "number": 22,
          "text": "Es grüßen euch alle Heiligen, allermeist aber die von des Kaisers Hause.",
          "words": []
        },
        {
          "id": 23,
          "number": 23,
          "text": "Die Gnade unsres Herrn Jesus Christus sei mit eurem Geiste! Amen.",
          "words": []
        }
      ]
    }
  ]
}