{
  "id": 22,
  "name": "Song of Solomon",
  "chapters": [
    {
      "id": 1,
      "verses": [
        {
          "id": 1,
          "number": 1,
          "text": "Das Lied der Lieder, von Salomo.",
          "words": []
        },
        {
          "id": 2,
          "number": 2,
          "text": "Er küsse mich mit seines Mundes Küssen! Denn deine Liebkosungen sind besser als Wein.",
          "words": []
        },
        {
          "id": 3,
          "number": 3,
          "text": "Lieblich duften deine Salben; dein Name ist wie ausgegossenes Öl: darum haben dich Jungfrauen lieb!",
          "words": []
        },
        {
          "id": 4,
          "number": 4,
          "text": "Ziehe mich dir nach, so laufen wir! Der König hat mich in seine Gemächer gebracht; wir wollen jauchzen und uns deiner freuen, deine Liebkosungen preisen, mehr als Wein; mit Recht haben sie dich lieb!",
          "words": []
        },
        {
          "id": 5,
          "number": 5,
          "text": "Schwarz bin ich, aber lieblich, ihr Töchter Jerusalems, wie die Zelte Kedars, wie die Vorhänge Salomos.",
          "words": []
        },
        {
          "id": 6,
          "number": 6,
          "text": "Seht mich nicht an, weil ich so schwärzlich bin, weil die Sonne mich verbrannt hat! Meiner Mutter Söhne zürnten mir, sie setzten mich zur Hüterin der Weinberge; meinen eigenen Weinberg hütete ich nicht!",
          "words": []
        },
        {
          "id": 7,
          "number": 7,
          "text": "Tue mir doch kund, o du, den meine Seele liebt: Wo gehst du zur Weide? Wo hältst du Mittagsrast? Warum soll ich wie eine Vermummte bei den Herden deiner Genossen sein?",
          "words": []
        },
        {
          "id": 8,
          "number": 8,
          "text": "Ist es dir nicht bekannt, du Schönste unter den Weibern, so gehe nur hinaus, den Spuren der Schafe nach, und weide deine Zicklein bei den Wohnungen der Hirten!",
          "words": []
        },
        {
          "id": 9,
          "number": 9,
          "text": "Meiner Stute an den Wagen des Pharao vergleiche ich dich, meine Freundin!",
          "words": []
        },
        {
          "id": 10,
          "number": 10,
          "text": "Deine Wangen sind lieblich in den Ketten, dein Hals in den Perlenschnüren!",
          "words": []
        },
        {
          "id": 11,
          "number": 11,
          "text": "Wir wollen dir goldene Ketten machen mit silbernen Punkten!",
          "words": []
        },
        {
          "id": 12,
          "number": 12,
          "text": "Solange der König an seiner Tafel war, gab meine Narde ihren Geruch.",
          "words": []
        },
        {
          "id": 13,
          "number": 13,
          "text": "Mein Freund ist mir ein Myrrhenbüschel, das zwischen meinen Brüsten ruht.",
          "words": []
        },
        {
          "id": 14,
          "number": 14,
          "text": "Mein Freund ist mir eine Cypertraube aus den Weinbergen von Engedi!",
          "words": []
        },
        {
          "id": 15,
          "number": 15,
          "text": "Siehe, du bist schön, meine Freundin, siehe, du bist schön, deine Augen sind Tauben!",
          "words": []
        },
        {
          "id": 16,
          "number": 16,
          "text": "Siehe, du bist schön, mein Freund, so gar lieblich!",
          "words": []
        },
        {
          "id": 17,
          "number": 17,
          "text": "Ja, unser Lager ist grün. Zedern sind unsres Hauses Balken, Zypressen unser Getäfel.",
          "words": []
        }
      ]
    },
    {
      "id": 2,
      "verses": [
        {
          "id": 1,
          "number": 1,
          "text": "Ich bin eine Narzisse von Saron, eine Lilie der Täler.",
          "words": []
        },
        {
          "id": 2,
          "number": 2,
          "text": "Wie eine Lilie unter den Dornen, so ist meine Freundin unter den Töchtern!",
          "words": []
        },
        {
          "id": 3,
          "number": 3,
          "text": "Wie ein Apfelbaum unter den Bäumen des Waldes, so ist mein Freund unter den Söhnen! In seinem Schatten saß ich so gern, und seine Frucht war meinem Gaumen süß.",
          "words": []
        },
        {
          "id": 4,
          "number": 4,
          "text": "Er führte mich ins Weinhaus, und die Liebe ist sein Panier über mir.",
          "words": []
        },
        {
          "id": 5,
          "number": 5,
          "text": "Stärket mich mit Rosinenkuchen, erquicket mich mit Äpfeln; denn ich bin krank vor Liebe!",
          "words": []
        },
        {
          "id": 6,
          "number": 6,
          "text": "Er lege seine Linke unter mein Haupt und umarme mich mit seiner Rechten!",
          "words": []
        },
        {
          "id": 7,
          "number": 7,
          "text": "Ich beschwöre euch, ihr Töchter Jerusalems, bei den Gazellen oder den Hindinnen der Flur: Erreget und erwecket die Liebe nicht, bis es ihr selbst gefällt!",
          "words": []
        },
        {
          "id": 8,
          "number": 8,
          "text": "Da ist die Stimme meines Freundes! Siehe, er kommt! Er hüpft über die Berge, er springt über die Hügel!",
          "words": []
        },
        {
          "id": 9,
          "number": 9,
          "text": "Mein Freund gleicht einem Reh oder dem jungen Hirsch. Siehe, da steht er hinter unsrer Mauer, schaut zum Fenster hinein, blickt durchs Gitter.",
          "words": []
        },
        {
          "id": 10,
          "number": 10,
          "text": "Mein Freund hebt an und spricht zu mir: Mache dich auf, meine Freundin, komm her, meine Schöne!",
          "words": []
        },
        {
          "id": 11,
          "number": 11,
          "text": "Denn siehe, der Winter ist vorüber, der Regen hat sich auf und davon gemacht;",
          "words": []
        },
        {
          "id": 12,
          "number": 12,
          "text": "die Blumen zeigen sich auf dem Lande, die Zeit des Gesangs ist da, und die Stimme der Turteltauben läßt sich hören in unserm Lande;",
          "words": []
        },
        {
          "id": 13,
          "number": 13,
          "text": "am Feigenbaum röten sich die Knoten, und die Reben verbreiten Blütenduft; komm, mach dich auf, meine Freundin, meine Schöne, komme doch!",
          "words": []
        },
        {
          "id": 14,
          "number": 14,
          "text": "Meine Taube in den Felsenklüften, im Versteck der Felsenwand, laß mich sehen deine Gestalt, laß mich deine Stimme hören! Denn deine Stimme ist süß und lieblich deine Gestalt.",
          "words": []
        },
        {
          "id": 15,
          "number": 15,
          "text": "Fanget uns die Füchse, die kleinen Füchse, welche die Weinberge verwüsten; und unsere Weinberge stehen in Blüte!",
          "words": []
        },
        {
          "id": 16,
          "number": 16,
          "text": "Mein Freund ist mein, und ich bin sein, der unter den Lilien weidet, bis der Tag kühl wird und die Schatten fliehen.",
          "words": []
        },
        {
          "id": 17,
          "number": 17,
          "text": "Kehre um, mein Freund, sei gleich dem Reh oder dem jungen Hirsch auf den zerklüfteten Bergen!",
          "words": []
        }
      ]
    },
    {
      "id": 3,
      "verses": [
        {
          "id": 1,
          "number": 1,
          "text": "Auf meinem Lager in den Nächten suchte ich, den meine Seele liebt; ich suchte ihn, aber ich fand ihn nicht!",
          "words": []
        },
        {
          "id": 2,
          "number": 2,
          "text": "So stand ich denn auf und lief in der Stadt umher, auf den Straßen und Plätzen, und suchte, den meine Seele liebt; ich suchte ihn, aber ich fand ihn nicht!",
          "words": []
        },
        {
          "id": 3,
          "number": 3,
          "text": "Mich fanden die Wächter, welche die Runde machten in der Stadt. Habt ihr den gesehen, den meine Seele liebt?",
          "words": []
        },
        {
          "id": 4,
          "number": 4,
          "text": "Kaum war ich an ihnen vorübergegangen, da fand ich, den meine Seele liebt. Ich hielt ihn fest und wollte ihn nicht mehr loslassen, bis ich ihn gebracht hätte in meiner Mutter Haus, ins Gemach derer, die mich empfangen hat.",
          "words": []
        },
        {
          "id": 5,
          "number": 5,
          "text": "Ich beschwöre euch, ihr Töchter Jerusalems, bei den Gazellen oder bei den Hindinnen der Flur, daß ihr die Liebe nicht erreget noch erwecket, bis es ihr selbst gefällt!",
          "words": []
        },
        {
          "id": 6,
          "number": 6,
          "text": "Wer kommt da von der Wüste herauf? Es sieht aus wie Rauchsäulen von brennendem Weihrauch und Myrrhen, von allerlei Gewürzpulver der Krämer.",
          "words": []
        },
        {
          "id": 7,
          "number": 7,
          "text": "Siehe, es ist seine Sänfte, die des Salomo, sechzig Helden sind ringsum, von den Stärksten Israels,",
          "words": []
        },
        {
          "id": 8,
          "number": 8,
          "text": "alle mit Schwertern bewaffnet, im Fechten geübt, jeder sein Schwert an der Seite, damit nichts zu fürchten sei während der Nacht.",
          "words": []
        },
        {
          "id": 9,
          "number": 9,
          "text": "Eine Sänfte hat sich der König Salomo gemacht aus Libanonholz.",
          "words": []
        },
        {
          "id": 10,
          "number": 10,
          "text": "Ihre Säulen machte er von Silber, ihre Lehne von Gold, ihren Sitz von Purpur, das Innere mit Liebe gestickt von den Töchtern Jerusalems.",
          "words": []
        },
        {
          "id": 11,
          "number": 11,
          "text": "Kommt heraus, ihr Töchter Zions, und beschauet den König Salomo in dem Kranz, mit welchem seine Mutter ihn bekränzt hat an seinem Hochzeitstag, am Tage der Freude seines Herzens!",
          "words": []
        }
      ]
    },
    {
      "id": 4,
      "verses": [
        {
          "id": 1,
          "number": 1,
          "text": "Siehe, du bist schön, meine Freundin, siehe, du bist schön; deine Augen sind wie Tauben hinter deinem Schleier; dein Haar gleicht der Ziegenherde, die sich am Berge Gilead lagert.",
          "words": []
        },
        {
          "id": 2,
          "number": 2,
          "text": "Deine Zähne gleichen einer Herde frischgeschorener Schafe, die von der Schwemme kommen, die allzumal Zwillinge tragen und deren keines unfruchtbar ist.",
          "words": []
        },
        {
          "id": 3,
          "number": 3,
          "text": "Deine Lippen sind wie eine Purpurschnur, und dein Mund ist lieblich; wie Granatäpfelhälften sind deine Wangen hinter deinem Schleier.",
          "words": []
        },
        {
          "id": 4,
          "number": 4,
          "text": "Dein Hals gleicht dem Davidsturm, zum Arsenal erbaut, mit tausend Schildern behängt, allen Tartschen der Helden.",
          "words": []
        },
        {
          "id": 5,
          "number": 5,
          "text": "Deine beiden Brüste gleichen zwei Rehkälbchen, Gazellenzwillingen, die zwischen den Lilien weiden.",
          "words": []
        },
        {
          "id": 6,
          "number": 6,
          "text": "Bis der Tag kühl wird und die Schatten fliehen, will ich auf den Myrrhenberg gehen und auf den Weihrauchhügel!",
          "words": []
        },
        {
          "id": 7,
          "number": 7,
          "text": "Ganz schön bist du, meine Freundin, und kein Makel ist an dir!",
          "words": []
        },
        {
          "id": 8,
          "number": 8,
          "text": "Komm mit mir vom Libanon, Braut, komm mit mir vom Libanon! Steig herab vom Gipfel des Amana, vom Gipfel des Schenir und des Hermon, von den Wohnungen der Löwen, von den Bergen der Leoparden!",
          "words": []
        },
        {
          "id": 9,
          "number": 9,
          "text": "Du hast mir das Herz genommen, meine Schwester, meine Braut, mit einem einzigen deiner Blicke, mit einem einzigen Kettchen von deinem Hals!",
          "words": []
        },
        {
          "id": 10,
          "number": 10,
          "text": "Wie schön sind deine Liebkosungen, meine Schwester, meine Braut; wie viel besser sind deine Liebkosungen als Wein, und der Duft deiner Salben als alle Wohlgerüche!",
          "words": []
        },
        {
          "id": 11,
          "number": 11,
          "text": "Honigseim träufeln deine Lippen, o Braut, Honig und Milch sind unter deiner Zunge, und der Geruch deiner Kleider ist wie der Geruch des Libanon!",
          "words": []
        },
        {
          "id": 12,
          "number": 12,
          "text": "Ein verschlossener Garten ist meine Schwester, meine Braut; ein verschlossener Born, ein versiegelter Quell.",
          "words": []
        },
        {
          "id": 13,
          "number": 13,
          "text": "Deine Schößlinge sind ein Granatenpark mit herrlicher Frucht, Cyperblumen mit Narden;",
          "words": []
        },
        {
          "id": 14,
          "number": 14,
          "text": "Narden und Krokus, Kalmus und Zimt, samt allerlei Weihrauchbäumen, Myrrhen und Aloe und den vornehmsten Balsamstauden;",
          "words": []
        },
        {
          "id": 15,
          "number": 15,
          "text": "ein Gartenquell, ein Brunnen lebendigen Wassers, wie es vom Libanon rinnt!",
          "words": []
        },
        {
          "id": 16,
          "number": 16,
          "text": "Erwache, Nordwind; Südwind, komm, durchwehe meinen Garten, daß sein Balsam träufle! Mein Freund komme in seinen Garten und esse seine herrliche Frucht!",
          "words": []
        }
      ]
    },
    {
      "id": 5,
      "verses": [
        {
          "id": 1,
          "number": 1,
          "text": "Ich komme zu meinem Garten, meine Schwester, meine Braut; ich pflücke meine Myrrhe samt meinem Balsam; ich esse meine Wabe samt meinem Honig, ich trinke meinen Wein samt meiner Milch. Esset, meine Freunde, trinkt und werdet trunken, ihr Geliebten!",
          "words": []
        },
        {
          "id": 2,
          "number": 2,
          "text": "Ich schlafe, aber mein Herz wacht. Da ist die Stimme meines Freundes, der anklopft! «Tue mir auf, meine Schwester, meine Freundin, meine Taube, meine Makellose; denn mein Haupt ist voll Tau, meine Locken voll nächtlicher Tropfen!»",
          "words": []
        },
        {
          "id": 3,
          "number": 3,
          "text": "«Ich habe mein Kleid ausgezogen, wie soll ich es anziehen? Ich habe meine Füße gewaschen, wie soll ich sie besudeln?»",
          "words": []
        },
        {
          "id": 4,
          "number": 4,
          "text": "Aber mein Freund streckte seine Hand durch die Luke; da geriet mein Herz in Wallung seinetwegen.",
          "words": []
        },
        {
          "id": 5,
          "number": 5,
          "text": "Ich stand auf, meinem Freunde zu öffnen, während meine Hände von Myrrhen troffen und meine Finger von feinster Myrrhe auf die Griffe des Riegels.",
          "words": []
        },
        {
          "id": 6,
          "number": 6,
          "text": "Ich tat meinem Freunde auf; aber mein Freund war verschwunden, vorbeigegangen. Meine Seele ging hinaus, auf sein Wort; ich suchte ihn, aber ich fand ihn nicht; ich rief ihm, aber er antwortete mir nicht.",
          "words": []
        },
        {
          "id": 7,
          "number": 7,
          "text": "Es fanden mich die Wächter, welche die Runde machen in der Stadt; die schlugen mich wund, nahmen mir den Schleier weg, die Wächter auf der Mauer.",
          "words": []
        },
        {
          "id": 8,
          "number": 8,
          "text": "Ich beschwöre euch, ihr Töchter Jerusalems, wenn ihr meinen Freund findet, was wollt ihr ihm melden? Daß ich krank bin vor Liebe!",
          "words": []
        },
        {
          "id": 9,
          "number": 9,
          "text": "Was ist dein Freund vor andern Freunden, o du Schönste unter den Weibern? Was ist dein Freund vor andern Freunden, daß du uns also beschwörst?",
          "words": []
        },
        {
          "id": 10,
          "number": 10,
          "text": "Mein Freund ist weiß und rot, hervorragend unter Zehntausenden!",
          "words": []
        },
        {
          "id": 11,
          "number": 11,
          "text": "Sein Haupt ist reines Gold, seine Locken sind wallend, rabenschwarz.",
          "words": []
        },
        {
          "id": 12,
          "number": 12,
          "text": "Seine Augen sind wie Tauben an Wasserbächen, sich badend in Milch, sitzend in einem vollen Gesicht.",
          "words": []
        },
        {
          "id": 13,
          "number": 13,
          "text": "Seine Wangen sind wie Balsambeete, in denen würzige Pflanzen wachsen; seine Lippen wie Lilien, aus denen feinste Myrrhe fließt.",
          "words": []
        },
        {
          "id": 14,
          "number": 14,
          "text": "Seine Arme sind goldene Walzen, mit Tarsisstein besetzt; sein Leib ein Kunstwerk von Elfenbein, mit Saphiren übersät.",
          "words": []
        },
        {
          "id": 15,
          "number": 15,
          "text": "Seine Schenkel sind Marmorsäulen, gegründet auf goldene Sockel; seine Gestalt wie der Libanon, auserlesen wie Zedern.",
          "words": []
        },
        {
          "id": 16,
          "number": 16,
          "text": "Sein Gaumen ist süß, und er selbst lauter Lieblichkeit. So ist mein Geliebter, und so ist mein Freund, ihr Töchter Jerusalems!",
          "words": []
        }
      ]
    },
    {
      "id": 6,
      "verses": [
        {
          "id": 1,
          "number": 1,
          "text": "Wohin ist dein Freund gegangen, du Schönste unter den Weibern? Wohin hat sich dein Freund gewandt? Wir wollen ihn mit dir suchen!",
          "words": []
        },
        {
          "id": 2,
          "number": 2,
          "text": "Mein Freund ist in seinen Garten hinabgegangen, zu den Balsambeeten, um in den Gärten zu weiden und Lilien zu pflücken!",
          "words": []
        },
        {
          "id": 3,
          "number": 3,
          "text": "Ich bin meines Freundes, und mein Freund ist mein, der unter den Lilien weidet.",
          "words": []
        },
        {
          "id": 4,
          "number": 4,
          "text": "Du bist schön, meine Freundin, wie Tirza, lieblich wie Jerusalem, furchtbar wie die Bannerträger!",
          "words": []
        },
        {
          "id": 5,
          "number": 5,
          "text": "Wende deine Augen ab von mir; denn sie machen mich ungestüm! Dein Haar ist wie eine Herde Ziegen, die sich am Berge Gilead lagern.",
          "words": []
        },
        {
          "id": 6,
          "number": 6,
          "text": "Deine Zähne sind wie eine Herde Mutterschafe, die aus der Schwemme kommen und sämtlich Zwillinge tragen, so daß kein unfruchtbares darunter ist.",
          "words": []
        },
        {
          "id": 7,
          "number": 7,
          "text": "Wie ein halber Granatapfel nimmt sich deine Wange hinter deinem Schleier aus.",
          "words": []
        },
        {
          "id": 8,
          "number": 8,
          "text": "Ihrer sechzig sind Königinnen und ihrer achtzig Nebenfrauen, dazu Jungfrauen ohne Zahl;",
          "words": []
        },
        {
          "id": 9,
          "number": 9,
          "text": "diese Eine ist meine Taube, meine Makellose; sie ist die Einzige ihrer Mutter, die Reinste von allen, die sie geboren hat. Die Töchter sahen sie und priesen sie glücklich, die Königinnen und Nebenfrauen rühmten sie:",
          "words": []
        },
        {
          "id": 10,
          "number": 10,
          "text": "Wer ist die, welche herabschaut wie Morgenrot, schön wie der Mond, klar wie die Sonne, furchtbar wie die Bannerträger?",
          "words": []
        },
        {
          "id": 11,
          "number": 11,
          "text": "Zum Nußgarten war ich hinabgegangen, um die grünen Plätze des Tales zu betrachten, zu sehen, ob der Weinstock ausgeschlagen, ob die Granaten Blüten getrieben hätten,",
          "words": []
        },
        {
          "id": 12,
          "number": 12,
          "text": "wovon ich nichts gewußt hatte, darauf ward meine Seele aufmerksam, auf die Wagen meines edlen Volkes.",
          "words": []
        },
        {
          "id": 13,
          "number": 13,
          "text": "(H7-1) Kehre wieder, kehre wieder, o Sulamit, kehre wieder, kehre wieder, daß wir dich betrachten! Was wollt ihr Sulamit betrachten wie den Reigen von Mahanaim?",
          "words": []
        }
      ]
    },
    {
      "id": 7,
      "verses": [
        {
          "id": 1,
          "number": 1,
          "text": "(H7-2) Wie schön sind deine Schritte in den Schuhen, du Edelfräulein! Die Wölbungen deiner Hüften sind wie Halsgeschmeide, von Künstlerhand gemacht.",
          "words": []
        },
        {
          "id": 2,
          "number": 2,
          "text": "(H7-3) Dein Schoß ist ein rundes Becken, welchem der gemischte Wein nicht fehlen darf; dein Leib ein Weizenhaufen, mit Lilien eingefaßt;",
          "words": []
        },
        {
          "id": 3,
          "number": 3,
          "text": "(H7-4) deine beiden Brüste wie zwei Rehkälbchen, Gazellenzwillinge;",
          "words": []
        },
        {
          "id": 4,
          "number": 4,
          "text": "(H7-5) dein Hals wie der elfenbeinerne Turm, deine Augen wie die Teiche zu Hesbon am Tore Batrabbim, deine Nase wie der Libanonturm, der gen Damaskus schaut.",
          "words": []
        },
        {
          "id": 5,
          "number": 5,
          "text": "(H7-6) Dein Haupt auf dir gleicht dem Karmel, und dein Haupthaar dem königlichen Purpur, in Falten gebunden.",
          "words": []
        },
        {
          "id": 6,
          "number": 6,
          "text": "(H7-7) Wie schön bist du und wie lieblich, o Liebe, unter den Wonnen!",
          "words": []
        },
        {
          "id": 7,
          "number": 7,
          "text": "(H7-8) Dieser dein Wuchs ist der Palme gleich, und deine Brüste den Trauben.",
          "words": []
        },
        {
          "id": 8,
          "number": 8,
          "text": "(H7-9) Ich denke, ich will die Palme besteigen und ihre Zweige erfassen, so werden deine Brüste den Weintrauben gleichen und der Duft deiner Nase den Äpfeln",
          "words": []
        },
        {
          "id": 9,
          "number": 9,
          "text": "(H7-10) und dein Gaumen dem besten Wein, der meinem Geliebten glatt eingeht, über die Lippen Einschlafender gleitet.",
          "words": []
        },
        {
          "id": 10,
          "number": 10,
          "text": "(H7-11) Ich gehöre meinem Geliebten, und sein Verlangen steht nach mir!",
          "words": []
        },
        {
          "id": 11,
          "number": 11,
          "text": "(H7-12) Komm, mein Lieber, wir wollen aufs Feld hinausgehen, in den Dörfern übernachten,",
          "words": []
        },
        {
          "id": 12,
          "number": 12,
          "text": "(H7-13) früh nach den Weinbergen aufbrechen, nachsehen, ob der Weinstock ausgeschlagen, ob die Blütezeit begonnen habe, ob die Granaten blühen; dort will ich dir meine Liebe schenken!",
          "words": []
        },
        {
          "id": 13,
          "number": 13,
          "text": "(H7-14) Die Liebesäpfel verbreiten Duft, und über unsern Türen sind allerlei edle Früchte; neue und alte habe ich dir, mein Lieber, aufbewahrt!",
          "words": []
        }
      ]
    },
    {
      "id": 8,
      "verses": [
        {
          "id": 1,
          "number": 1,
          "text": "Ach, daß du mir wärest wie ein Bruder, der meiner Mutter Brüste sog! Dann dürfte ich dich doch küssen, wenn ich dich draußen träfe, ohne daß man mich deshalb verachtete.",
          "words": []
        },
        {
          "id": 2,
          "number": 2,
          "text": "Ich wollte dich führen, dich bringen zu meiner Mutter Haus; sie würde mich lehren, dich mit Würzwein zu tränken, mit meinem Granatäpfelmost.",
          "words": []
        },
        {
          "id": 3,
          "number": 3,
          "text": "Seine Linke sei unter meinem Haupt, und seine Rechte umfange mich!",
          "words": []
        },
        {
          "id": 4,
          "number": 4,
          "text": "Ich beschwöre euch, ihr Töchter Jerusalems, was wollt ihr die Liebe erwecken, und was wollt ihr sie erregen, bevor es ihr selbst gefällt?",
          "words": []
        },
        {
          "id": 5,
          "number": 5,
          "text": "Wer ist, die da heraufkommt von der Wüste, gestützt auf ihren Freund? Unter dem Apfelbaum weckte ich dich auf; dort litt deine Mutter Wehen für dich, dort litt Wehen sie, die dich gebar.",
          "words": []
        },
        {
          "id": 6,
          "number": 6,
          "text": "Trage mich wie einen Siegelstein auf deinem Herzen, wie einen Siegelring an deinem Arm! Denn Liebe ist stark wie der Tod, und Eifersucht hart wie das Totenreich; ihre Glut ist Feuerglut, eine Flamme des HERRN.",
          "words": []
        },
        {
          "id": 7,
          "number": 7,
          "text": "Viele Wasser vermögen die Liebe nicht auszulöschen, und Ströme ertränken sie nicht. Wenn ein Mensch allen Reichtum seines Hauses um die Liebe gäbe, so würde man ihn nur verachten.",
          "words": []
        },
        {
          "id": 8,
          "number": 8,
          "text": "Wir haben eine kleine Schwester, die noch keine Brüste hat. Was fangen wir mit unserer Schwester an am Tage, da man um sie freit?",
          "words": []
        },
        {
          "id": 9,
          "number": 9,
          "text": "Ist sie eine Mauer, so bauen wir einen silbernen Kranz darauf; ist sie aber eine Tür, so verschließen wir sie mit einem Zedernbrett!",
          "words": []
        },
        {
          "id": 10,
          "number": 10,
          "text": "Ich bin eine Mauer, und meine Brüste sind wie Türme; da ward ich in seinen Augen wie eine, die Frieden gefunden hat.",
          "words": []
        },
        {
          "id": 11,
          "number": 11,
          "text": "Salomo hatte einen Weinberg zu Baal-Hamon; er übergab den Weinberg den Hütern, jeder sollte für seine Frucht tausend Silberlinge bringen.",
          "words": []
        },
        {
          "id": 12,
          "number": 12,
          "text": "Der Weinberg, der mir anvertraut ward, ist vor mir; die tausend dir, o Salomo, und zweihundert den Hütern seiner Frucht!",
          "words": []
        },
        {
          "id": 13,
          "number": 13,
          "text": "Die du in den Gärten wohnst, die Gefährten lauschen deiner Stimme; laß mich sie hören!",
          "words": []
        },
        {
          "id": 14,
          "number": 14,
          "text": "Fliehe, mein Lieber, und sei der Gazelle gleich oder dem jungen Hirsch auf den Balsambergen!",
          "words": []
        }
      ]
    }
  ]
}