{
  "id": 56,
  "name": "Titus",
  "chapters": [
    {
      "id": 1,
      "verses": [
        {
          "id": 1,
          "number": 1,
          "text": "Paulus, Knecht Gottes, aber auch Apostel Jesu Christi, nach dem Glauben der Auserwählten Gottes und der Erkenntnis der Wahrheit, gemäß der Gottseligkeit,",
          "words": []
        },
        {
          "id": 2,
          "number": 2,
          "text": "auf Hoffnung ewigen Lebens, welches der untrügliche Gott vor ewigen Zeiten verheißen hat;",
          "words": []
        },
        {
          "id": 3,
          "number": 3,
          "text": "zu seiner Zeit aber hat er sein Wort geoffenbart in der Predigt, mit welcher ich betraut worden bin nach dem Befehl Gottes, unsres Retters;",
          "words": []
        },
        {
          "id": 4,
          "number": 4,
          "text": "an Titus, den echten Sohn nach dem gemeinsamen Glauben: Gnade, Barmherzigkeit, Friede von Gott, dem Vater und dem Herrn Jesus Christus, unsrem Retter.",
          "words": []
        },
        {
          "id": 5,
          "number": 5,
          "text": "Deswegen ließ ich dich in Kreta zurück, damit du das Versäumte nachholen und in jeder Stadt Älteste einsetzen möchtest, wie ich dir befohlen habe:",
          "words": []
        },
        {
          "id": 6,
          "number": 6,
          "text": "wenn einer untadelig ist, eines Weibes Mann, gläubige Kinder hat, über die keine Klage wegen Liederlichkeit oder Ungehorsam vorliegt.",
          "words": []
        },
        {
          "id": 7,
          "number": 7,
          "text": "Denn ein Aufseher muß unbescholten sein als Gottes Haushalter, nicht anmaßend, nicht zornmütig, kein Trinker, kein Raufbold, kein Wucherer,",
          "words": []
        },
        {
          "id": 8,
          "number": 8,
          "text": "sondern gastfrei, ein Freund des Guten, besonnen, gerecht, fromm, enthaltsam;",
          "words": []
        },
        {
          "id": 9,
          "number": 9,
          "text": "der sich der Lehre entsprechend an das gewisse Wort hält, damit er imstande sei, sowohl mit der gesunden Lehre zu ermahnen, als auch die Widersprechenden zu überführen.",
          "words": []
        },
        {
          "id": 10,
          "number": 10,
          "text": "Denn es gibt viele widerspenstige, eitle Schwätzer, die den Leuten den Kopf verwirren, allermeist die aus der Beschneidung.",
          "words": []
        },
        {
          "id": 11,
          "number": 11,
          "text": "Denen muß man das Maul stopfen; denn sie bringen ganze Häuser durcheinander mit ihrem ungehörigen Lehren um schändlichen Gewinnes willen.",
          "words": []
        },
        {
          "id": 12,
          "number": 12,
          "text": "Es hat einer von ihnen gesagt, ihr eigener Prophet: «Die Kreter sind immer Lügner, böse Tiere, faule Bäuche!»",
          "words": []
        },
        {
          "id": 13,
          "number": 13,
          "text": "Dieses Zeugnis ist wahr; aus diesem Grunde weise sie scharf zurecht, damit sie gesund seien im Glauben",
          "words": []
        },
        {
          "id": 14,
          "number": 14,
          "text": "und nicht auf jüdische Legenden und Gebote von Menschen achten, welche sich von der Wahrheit abwenden.",
          "words": []
        },
        {
          "id": 15,
          "number": 15,
          "text": "Den Reinen ist alles rein; den Befleckten aber und Ungläubigen ist nichts rein, sondern befleckt ist ihr Sinn und ihr Gewissen.",
          "words": []
        },
        {
          "id": 16,
          "number": 16,
          "text": "Sie geben vor, Gott zu kennen; aber mit den Werken verleugnen sie ihn. Sie sind verabscheuungswürdig und ungehorsam und zu jedem guten Werke untüchtig.",
          "words": []
        }
      ]
    },
    {
      "id": 2,
      "verses": [
        {
          "id": 1,
          "number": 1,
          "text": "Du aber rede, was der gesunden Lehre entspricht:",
          "words": []
        },
        {
          "id": 2,
          "number": 2,
          "text": "daß alte Männer nüchtern seien, ehrbar, verständig, gesund im Glauben, in der Liebe, in der Geduld;",
          "words": []
        },
        {
          "id": 3,
          "number": 3,
          "text": "daß alte Frauen ebenfalls sich benehmen, wie es Heiligen geziemt, daß sie nicht verleumderisch seien, nicht vielem Weingenuß frönen, sondern Lehrerinnen des Guten seien,",
          "words": []
        },
        {
          "id": 4,
          "number": 4,
          "text": "damit sie die jungen Frauen dazu anleiten, ihre Männer und ihre Kinder zu lieben,",
          "words": []
        },
        {
          "id": 5,
          "number": 5,
          "text": "verständig, keusch, haushälterisch, gütig, ihren Männern untertan zu sein, damit nicht das Wort Gottes verlästert werde.",
          "words": []
        },
        {
          "id": 6,
          "number": 6,
          "text": "Gleicherweise ermahne die jungen Männer, daß sie verständig seien,",
          "words": []
        },
        {
          "id": 7,
          "number": 7,
          "text": "wobei du dich selbst in allem zum Vorbild guter Werke machen mußt;",
          "words": []
        },
        {
          "id": 8,
          "number": 8,
          "text": "im Unterrichten zeige Unverfälschtheit, Würde, gesunde, untadelige Rede, damit der Widersacher beschämt werde, weil er nichts Schlechtes von uns zu sagen weiß.",
          "words": []
        },
        {
          "id": 9,
          "number": 9,
          "text": "Die Knechte ermahne , daß sie ihren eigenen Herren untertan seien, in allem gern gefällig, nicht widersprechen,",
          "words": []
        },
        {
          "id": 10,
          "number": 10,
          "text": "nichts entwenden, sondern gute Treue beweisen, damit sie die Lehre Gottes, unsres Retters, in allen Stücken zieren.",
          "words": []
        },
        {
          "id": 11,
          "number": 11,
          "text": "Denn es ist erschienen die Gnade Gottes, heilsam allen Menschen;",
          "words": []
        },
        {
          "id": 12,
          "number": 12,
          "text": "sie nimmt uns in Zucht, damit wir unter Verleugnung des ungöttlichen Wesens und der weltlichen Lüste vernünftig und gerecht und gottselig leben in der jetzigen Weltzeit,",
          "words": []
        },
        {
          "id": 13,
          "number": 13,
          "text": "in Erwartung der seligen Hoffnung und Erscheinung der Herrlichkeit des großen Gottes und unsres Retters Jesus Christus,",
          "words": []
        },
        {
          "id": 14,
          "number": 14,
          "text": "der sich selbst für uns dahingegeben hat, um uns von aller Ungerechtigkeit zu erlösen und für ihn selbst ein Volk zu reinigen zum Eigentum, das fleißig sei zu guten Werken.",
          "words": []
        },
        {
          "id": 15,
          "number": 15,
          "text": "Solches rede und schärfe ein mit allem Ernst. Niemand verachte dich!",
          "words": []
        }
      ]
    },
    {
      "id": 3,
      "verses": [
        {
          "id": 1,
          "number": 1,
          "text": "Erinnere sie, daß sie den Regierungen und Gewalten untertan seien, gehorsam, zu jedem guten Werk bereit;",
          "words": []
        },
        {
          "id": 2,
          "number": 2,
          "text": "niemand lästern, nicht hadern, gelinde seien, alle Sanftmut beweisen gegen alle Menschen.",
          "words": []
        },
        {
          "id": 3,
          "number": 3,
          "text": "Denn auch wir waren einst unverständig, ungehorsam, gingen irre, dienten den Lüsten und mancherlei Begierden, lebten in Bosheit und Neid, verhaßt und einander hassend.",
          "words": []
        },
        {
          "id": 4,
          "number": 4,
          "text": "Als aber die Freundlichkeit und Menschenliebe Gottes, unsres Retters, erschien,",
          "words": []
        },
        {
          "id": 5,
          "number": 5,
          "text": "hat er (nicht um der Werke der Gerechtigkeit willen, die wir getan hätten, sondern nach seiner Barmherzigkeit) uns gerettet durch das Bad der Wiedergeburt und Erneuerung des heiligen Geistes,",
          "words": []
        },
        {
          "id": 6,
          "number": 6,
          "text": "welchen er reichlich über uns ausgegossen hat durch Jesus Christus, unsren Retter,",
          "words": []
        },
        {
          "id": 7,
          "number": 7,
          "text": "damit wir, durch seine Gnade gerechtfertigt, der Hoffnung gemäß Erben des ewigen Lebens würden.",
          "words": []
        },
        {
          "id": 8,
          "number": 8,
          "text": "Glaubwürdig ist das Wort, und ich will, daß du dich darüber mit allem Nachdruck äußerst, damit die, welche an Gott gläubig geworden sind, darauf bedacht seien, sich guter Werke zu befleißigen. Solches ist gut und den Menschen nützlich.",
          "words": []
        },
        {
          "id": 9,
          "number": 9,
          "text": "Törichte Streitfragen aber und Geschlechtsregister, sowie Zänkereien und Streitigkeiten über das Gesetz meide; denn sie sind unnütz und eitel.",
          "words": []
        },
        {
          "id": 10,
          "number": 10,
          "text": "Einen sektiererischen Menschen weise ab, nach ein und zweimaliger Zurechtweisung,",
          "words": []
        },
        {
          "id": 11,
          "number": 11,
          "text": "da du überzeugt sein kannst, daß ein solcher verkehrt ist und sündigt, indem er sich selbst verurteilt.",
          "words": []
        },
        {
          "id": 12,
          "number": 12,
          "text": "Wenn ich Artemas zu dir senden werde, oder Tychikus, so beeile dich, zu mir nach Nikopolis zu kommen; denn dort habe ich zu überwintern beschlossen.",
          "words": []
        },
        {
          "id": 13,
          "number": 13,
          "text": "Zenas, den Schriftgelehrten, und Apollos schicke eilends voraus und laß es ihnen an nichts fehlen!",
          "words": []
        },
        {
          "id": 14,
          "number": 14,
          "text": "Es sollen aber auch die Unsrigen lernen, sich guter Werke zu befleißigen zur Befriedigung notwendiger Bedürfnisse, damit sie nicht unfruchtbar seien!",
          "words": []
        },
        {
          "id": 15,
          "number": 15,
          "text": "Es grüßen dich alle, die bei mir sind! Grüße alle, die uns lieben im Glauben! Die Gnade sei mit euch allen!",
          "words": []
        }
      ]
    }
  ]
}