{
  "id": 38,
  "name": "Zechariah",
  "chapters": [
    {
      "id": 1,
      "verses": [
        {
          "id": 1,
          "number": 1,
          "text": "Im achten Monat des zweiten Jahres des Darius erging des HERRN Wort an Sacharja, den Sohn Berechjas, des Sohnes Iddos, den Propheten, also:",
          "words": []
        },
        {
          "id": 2,
          "number": 2,
          "text": "Der HERR ist über eure Väter zornig gewesen!",
          "words": []
        },
        {
          "id": 3,
          "number": 3,
          "text": "Darum sollst du zu ihnen sagen: So spricht der HERR der Heerscharen: Kehret um zu mir, spricht der HERR der Heerscharen, so will ich mich zu euch kehren! spricht der HERR der Heerscharen.",
          "words": []
        },
        {
          "id": 4,
          "number": 4,
          "text": "Seid nicht wie eure Väter, denen die frühern Propheten gepredigt und gesagt haben: So spricht der HERR der Heerscharen: Kehret doch um von euren bösen Wegen und von euren schlimmen Taten! Sie hörten aber nicht und achteten nicht auf mich, spricht der HERR.",
          "words": []
        },
        {
          "id": 5,
          "number": 5,
          "text": "Wo sind nun eure Väter, und die Propheten, leben sie ewig?",
          "words": []
        },
        {
          "id": 6,
          "number": 6,
          "text": "Aber meine Worte und meine Beschlüsse, welche ich meinen Knechten, den Propheten, zu verkündigen befohlen haben, haben sie nicht eure Väter getroffen, so daß sie umkehrten und sprachen: Wie der HERR der Heerscharen sich vorgenommen hatte, uns zu tun nach unserm Wandel und nach unsren Taten, so hat er uns auch getan?",
          "words": []
        },
        {
          "id": 7,
          "number": 7,
          "text": "Am vierundzwanzigsten Tage des elften Monats (das ist der Monat Schebat), im zweiten Jahre des Darius, erging das Wort des HERRN an Sacharja, den Sohn Berechjas, des Sohnes Iddos, den Propheten, also:",
          "words": []
        },
        {
          "id": 8,
          "number": 8,
          "text": "Ich schaute bei Nacht und siehe, ein Mann ritt auf einem rötlichen Pferd, und er hielt unter den Myrten, die in der Tiefe stehen, und hinter ihm her rötliche, fuchsrote und weiße Rosse.",
          "words": []
        },
        {
          "id": 9,
          "number": 9,
          "text": "Da fragte ich: Mein Herr, was bedeuten diese? Da sprach der Engel, der mit mir redete, zu mir: Ich will dir zeigen, wer diese sind!",
          "words": []
        },
        {
          "id": 10,
          "number": 10,
          "text": "Und der Mann, der zwischen den Myrten hielt, antwortete und sprach: Das sind die, welche der HERR gesandt hat, die Erde zu durchstreifen!",
          "words": []
        },
        {
          "id": 11,
          "number": 11,
          "text": "Und sie antworteten dem Engel des HERRN, der zwischen den Myrten hielt, und sprachen: Wir haben die Erde durchstreift und siehe, die ganze Erde ist still und ruhig!",
          "words": []
        },
        {
          "id": 12,
          "number": 12,
          "text": "Da antwortete der Engel des HERRN und sprach: HERR der Heerscharen, wie lange willst du dich nicht erbarmen über Jerusalem und über die Städte Judas, über welche du gezürnt hast diese siebzig Jahre?",
          "words": []
        },
        {
          "id": 13,
          "number": 13,
          "text": "Da antwortete der HERR dem Engel, der zu mir redete, mit guten Worten und tröstlichen Worten.",
          "words": []
        },
        {
          "id": 14,
          "number": 14,
          "text": "Und der Engel, der mit mir redete, sprach zu mir: Predige und sprich: So spricht der HERR der Heerscharen: Ich eifere für Jerusalem und für Zion mit großem Eifer",
          "words": []
        },
        {
          "id": 15,
          "number": 15,
          "text": "und bin sehr erzürnt über die gleichgültigen Nationen; denn als ich nur ein wenig erzürnt war, halfen sie zum Unglück!",
          "words": []
        },
        {
          "id": 16,
          "number": 16,
          "text": "Darum spricht der HERR also: Ich habe mich Jerusalem wieder voll Erbarmen zugewandt; mein Haus soll darin gebaut werden, spricht der HERR der Heerscharen, und man wird die Meßschnur ausspannen über Jerusalem.",
          "words": []
        },
        {
          "id": 17,
          "number": 17,
          "text": "Predige wiederum und sprich: So spricht der HERR der Heerscharen: Meine Städte sollen wiederum von Gutem überfließen, und der HERR wird Zion wieder trösten und Jerusalem wieder erwählen!",
          "words": []
        },
        {
          "id": 18,
          "number": 18,
          "text": "(H2-1) Und ich hob meine Augen auf und schaute und siehe, vier Hörner.",
          "words": []
        },
        {
          "id": 19,
          "number": 19,
          "text": "(H2-2) Und ich fragte den Engel, der mit mir redete: Was bedeuten diese? Er sprach zu mir: Das sind die Hörner, welche Juda, Israel und Jerusalem zerstreut haben.",
          "words": []
        },
        {
          "id": 20,
          "number": 20,
          "text": "(H2-3) Da ließ mich der HERR vier Schmiede sehen.",
          "words": []
        },
        {
          "id": 21,
          "number": 21,
          "text": "(H2-4) Und ich fragte: Was wollen diese machen? Er sprach: Jene sind die Hörner, welche Juda so versprengt haben, daß niemand mehr sein Haupt erheben durfte; aber diese sind gekommen, um sie abzuschrecken und die Hörner der Nationen niederzuwerfen, die ihr Horn gegen das Land Juda erhoben haben, um es zu zerstreuen.",
          "words": []
        }
      ]
    },
    {
      "id": 2,
      "verses": [
        {
          "id": 1,
          "number": 1,
          "text": "(H2-5) Und ich hob meine Augen auf und schaute und siehe da, ein Mann, der hatte eine Meßschnur in der Hand.",
          "words": []
        },
        {
          "id": 2,
          "number": 2,
          "text": "(H2-6) Den fragte ich: Wo gehst du hin? Er sprach zu mir: Jerusalem zu messen und zu sehen, wie breit und wie lang sie sein soll!",
          "words": []
        },
        {
          "id": 3,
          "number": 3,
          "text": "(H2-7) Und siehe, der Engel, der mit mir redete, ging aus, und ein anderer Engel ging ihm entgegen;",
          "words": []
        },
        {
          "id": 4,
          "number": 4,
          "text": "(H2-8) zu dem sprach er: Lauf und sage jenem Jüngling und sprich: Als offene Stadt soll Jerusalem bewohnt werden wegen der großen Menge von Menschen und Vieh in ihrer Mitte;",
          "words": []
        },
        {
          "id": 5,
          "number": 5,
          "text": "(H2-9) und ich selbst, spricht der HERR, will eine feurige Mauer um sie her und Herrlichkeit in ihrer Mitte sein.",
          "words": []
        },
        {
          "id": 6,
          "number": 6,
          "text": "(H2-10) Auf, auf, fliehet aus dem Lande des Nordens! spricht der HERR; denn nach allen vier Himmelsgegenden habe ich euch zerstreut, spricht der HERR.",
          "words": []
        },
        {
          "id": 7,
          "number": 7,
          "text": "(H2-11) Auf, Zion, entrinne, die du wohnst bei der Tochter Babel!",
          "words": []
        },
        {
          "id": 8,
          "number": 8,
          "text": "(H2-12) Denn also spricht der HERR der Heerscharen: Um Ehre zu erlangen, hat er mich gesandt zu den Nationen, die euch geplündert haben; denn wer euch antastet, der tastet seinen Augapfel an.",
          "words": []
        },
        {
          "id": 9,
          "number": 9,
          "text": "(H2-13) Denn siehe, ich hebe meine Hand auf gegen sie, daß sie denen zur Beute werden sollen, die ihnen gedient haben; so werdet ihr erfahren, daß der HERR der Heerscharen mich gesandt hat!",
          "words": []
        },
        {
          "id": 10,
          "number": 10,
          "text": "(H2-14) Juble und freue dich, du Tochter Zion! Denn siehe, ich komme und will in deiner Mitte Wohnung nehmen, spricht der HERR.",
          "words": []
        },
        {
          "id": 11,
          "number": 11,
          "text": "(H2-15) An jenem Tage werden sich viele Nationen dem HERRN anschließen und sie sollen mein Volk sein, und ich will in deiner Mitte Wohnung machen, und du sollst erfahren, daß mich der HERR der Heerscharen zu dir gesandt hat.",
          "words": []
        },
        {
          "id": 12,
          "number": 12,
          "text": "(H2-16) Und der HERR wird Juda als sein Erbteil in Besitz nehmen im heiligen Lande und Jerusalem wieder erwählen.",
          "words": []
        },
        {
          "id": 13,
          "number": 13,
          "text": "(H2-17) Alles Fleisch sei stille vor dem HERRN; denn er hat sich aufgemacht aus seiner heiligen Wohnung!",
          "words": []
        }
      ]
    },
    {
      "id": 3,
      "verses": [
        {
          "id": 1,
          "number": 1,
          "text": "Und er ließ mich sehen den Hohenpriester Josua, stehend vor dem Engel des HERRN; und der Satan stand zu seiner Rechten, um ihn anzuklagen.",
          "words": []
        },
        {
          "id": 2,
          "number": 2,
          "text": "Da sprach der HERR zum Satan: Der HERR schelte dich, du Satan; ja, der HERR schelte dich, er, der Jerusalem erwählt hat! Ist dieser nicht ein Brand, der aus dem Feuer gerettet ist?",
          "words": []
        },
        {
          "id": 3,
          "number": 3,
          "text": "Aber Josua hatte unreine Kleider an und stand doch vor dem Engel.",
          "words": []
        },
        {
          "id": 4,
          "number": 4,
          "text": "Er aber antwortete und sprach zu denen, die vor ihm standen: Nehmt die unreinen Kleider von ihm weg! Und zu ihm sprach er: Siehe, ich habe deine Sünde von dir genommen und lasse dir Feierkleider anziehen!",
          "words": []
        },
        {
          "id": 5,
          "number": 5,
          "text": "Und ich sprach: Man setze einen reinen Kopfbund auf sein Haupt! Da setzten sie den reinen Kopfbund auf sein Haupt und bekleideten ihn mit Gewändern, während der Engel des HERRN dastand.",
          "words": []
        },
        {
          "id": 6,
          "number": 6,
          "text": "Und der Engel des HERRN bezeugte dem Josua und sprach:",
          "words": []
        },
        {
          "id": 7,
          "number": 7,
          "text": "So spricht der HERR der Heerscharen: Wirst du in meinen Wegen wandeln und meinen Dienst fleißig versehen, so sollst du auch mein Haus regieren und meine Vorhöfe hüten, und ich will dir Zutritt geben unter diesen, die hier stehen!",
          "words": []
        },
        {
          "id": 8,
          "number": 8,
          "text": "Höre doch, Josua, du Hoherpriester, du und deine Amtsgenossen, die vor dir sitzen, sie sind Männer, die als Zeichen dienen! Denn siehe, ich lasse meinen Knecht, den Zemach, kommen.",
          "words": []
        },
        {
          "id": 9,
          "number": 9,
          "text": "Denn siehe, der Stein, welchen ich vor Josua gelegt habe, auf den einen Stein sind sieben Augen gerichtet; siehe, ich grabe seine Inschrift ein, spricht der HERR der Heerscharen, und will die Sünde dieses Landes an einem einzigen Tag entfernen!",
          "words": []
        },
        {
          "id": 10,
          "number": 10,
          "text": "An jenem Tage, spricht der HERR der Heerscharen, werdet ihr einander einladen unter den Weinstock und den Feigenbaum.",
          "words": []
        }
      ]
    },
    {
      "id": 4,
      "verses": [
        {
          "id": 1,
          "number": 1,
          "text": "Da kam der Engel wieder, der mit mir zu reden pflegte, und weckte mich auf wie einen, der aus seinem Schlafe geweckt wird.",
          "words": []
        },
        {
          "id": 2,
          "number": 2,
          "text": "Und er fragte mich: Was siehst du? Ich sprach: Ich schaute und siehe da, ein Leuchter, ganz von Gold, und sein Ölgefäß oben darauf und seine sieben Lampen daran, und sieben Gießrohre zu den sieben Lampen, die auf dem Leuchter saßen.",
          "words": []
        },
        {
          "id": 3,
          "number": 3,
          "text": "Und zwei Ölbäume dabei, einer zur Rechten des Ölgefäßes, der andere zur Linken.",
          "words": []
        },
        {
          "id": 4,
          "number": 4,
          "text": "Und ich antwortete und sprach zu dem Engel, der mit mir redete: Mein Herr, was bedeuten diese?",
          "words": []
        },
        {
          "id": 5,
          "number": 5,
          "text": "Da antwortete der Engel, der mit mir redete, und sprach: Weißt du nicht, was das bedeutet? Ich sprach: Nein, mein Herr!",
          "words": []
        },
        {
          "id": 6,
          "number": 6,
          "text": "Da antwortete er und sprach zu mir: Das ist das Wort des HERRN an Serubbabel; es lautet also: Nicht durch Heer und nicht durch Kraft, sondern durch meinen Geist! spricht der HERR der Heerscharen.",
          "words": []
        },
        {
          "id": 7,
          "number": 7,
          "text": "Wer bist du, großer Berg? Vor Serubbabel sollst du zur Ebene werden; und er wird den Schlußstein hervorbringen unter dem Zuruf der Menge: Gnade, Gnade mit ihm!",
          "words": []
        },
        {
          "id": 8,
          "number": 8,
          "text": "Und das Wort des HERRN erging also an mich.",
          "words": []
        },
        {
          "id": 9,
          "number": 9,
          "text": "Die Hände Serubbabels haben dieses Haus gegründet, seine Hände sollen es auch vollenden, und du wirst erfahren, daß mich der HERR der Heerscharen zu euch gesandt hat.",
          "words": []
        },
        {
          "id": 10,
          "number": 10,
          "text": "Denn wer ist's, der den Tag geringer Anfänge verachtet, da doch mit Freuden das Senkblei sehen in der Hand Serubbabels jene sieben, die Augen des HERRN, welche die ganze Erde durchstreifen?",
          "words": []
        },
        {
          "id": 11,
          "number": 11,
          "text": "Und ich antwortete und sprach zu ihm: Was sind das für zwei Ölbäume zur Rechten und zur Linken des Leuchters?",
          "words": []
        },
        {
          "id": 12,
          "number": 12,
          "text": "Und ich hob abermals an und sprach zu ihm: Was bedeuten die zwei Olivenbüschel zur Seite der beiden goldenen Röhren, aus denen das goldene Öl fließt?",
          "words": []
        },
        {
          "id": 13,
          "number": 13,
          "text": "Er sprach zu mir: Weißt du nicht, was diese bedeuten?",
          "words": []
        },
        {
          "id": 14,
          "number": 14,
          "text": "Ich antwortete: Nein, mein Herr! Da sprach er: Das sind die beiden Gesalbten, welche vor dem Herrscher der ganzen Erde stehen.",
          "words": []
        }
      ]
    },
    {
      "id": 5,
      "verses": [
        {
          "id": 1,
          "number": 1,
          "text": "Und ich erhob wiederum meine Augen und schaute und siehe, eine fliegende Buchrolle.",
          "words": []
        },
        {
          "id": 2,
          "number": 2,
          "text": "Und er fragte mich: Was siehst du? Ich sprach: Ich sehe eine fliegende Buchrolle, zwanzig Ellen lang und zehn Ellen breit.",
          "words": []
        },
        {
          "id": 3,
          "number": 3,
          "text": "Und er sprach zu mir: Das ist der Fluch, der über das ganze Land ausgeht, damit es laut demselben von jedem Dieb und von jedem Falschschwörer gereinigt werde.",
          "words": []
        },
        {
          "id": 4,
          "number": 4,
          "text": "Ich habe ihn ausgehen lassen, damit er eindringe in das Haus des Diebes und in das Haus dessen, der fälschlich bei meinem Namen schwört, und damit er in seinem Hause bleibe und es samt seinem Holzwerk und seinen Steinen verzehre.",
          "words": []
        },
        {
          "id": 5,
          "number": 5,
          "text": "Und der Engel, der mit mir redete, trat hervor und sprach zu mir: Erhebe doch deine Augen und siehe, was da herauskommt!",
          "words": []
        },
        {
          "id": 6,
          "number": 6,
          "text": "Ich aber fragte: Was ist das? Er sprach: Das ist ein Epha, das da hervorkommt. Und er fügte hinzu: Das ist ihre Verschuldung im ganzen Lande.",
          "words": []
        },
        {
          "id": 7,
          "number": 7,
          "text": "Und siehe, da erhob sich eine Scheibe von Blei, und ein Weib saß drinnen im Epha.",
          "words": []
        },
        {
          "id": 8,
          "number": 8,
          "text": "Da sprach er: Das ist die Bosheit! Und er warf sie wieder ins Epha hinein und den Bleiklumpen auf die Öffnung.",
          "words": []
        },
        {
          "id": 9,
          "number": 9,
          "text": "Und ich erhob meine Augen und schaute; und siehe, da kamen zwei Weiber hervor, und der Wind blies in ihre Flügel (denn sie hatten Flügel wie Störche), und sie trugen das Epha fort zwischen Himmel und Erde.",
          "words": []
        },
        {
          "id": 10,
          "number": 10,
          "text": "Da fragte ich den Engel, der mit mir redete: Wo bringen sie das Epha hin?",
          "words": []
        },
        {
          "id": 11,
          "number": 11,
          "text": "Er antwortete mir: Ihm ein Haus zu bauen im Lande Sinear, damit es dort hingesetzt werde und an seinem Orte bleibe.",
          "words": []
        }
      ]
    },
    {
      "id": 6,
      "verses": [
        {
          "id": 1,
          "number": 1,
          "text": "Und ich erhob wiederum meine Augen und schaute und siehe, vier Wagen kamen zwischen zwei Bergen hervor, und die Berge waren ehern.",
          "words": []
        },
        {
          "id": 2,
          "number": 2,
          "text": "Am ersten Wagen waren rote Rosse, am zweiten Wagen schwarze Rosse,",
          "words": []
        },
        {
          "id": 3,
          "number": 3,
          "text": "am dritten aber weiße und am vierten gefleckte, starke Rosse.",
          "words": []
        },
        {
          "id": 4,
          "number": 4,
          "text": "Und ich antwortete und sprach zu dem Engel, der mit mir redete: Mein Herr, was bedeuten diese?",
          "words": []
        },
        {
          "id": 5,
          "number": 5,
          "text": "Der Engel antwortete und sprach zu mir: Das sind die vier Winde des Himmels, welche ausgehen, nachdem sie sich gestellt haben vor den Herrscher der ganzen Erde.",
          "words": []
        },
        {
          "id": 6,
          "number": 6,
          "text": "Der Wagen mit den schwarzen Rossen zieht aus ins Land des Nordens, und die weißen folgen ihm; die gefleckten aber sind ausgezogen in das Land des Südens.",
          "words": []
        },
        {
          "id": 7,
          "number": 7,
          "text": "Auch die roten sind ausgezogen, und sie trachten darnach, umherzuziehen auf der Erde. Und er sprach: Gehet und durchziehet die Erde! Und sie durchzogen die Erde.",
          "words": []
        },
        {
          "id": 8,
          "number": 8,
          "text": "Und er rief mich und sprach zu mir: Siehe, die nach Norden ziehen, verschaffen, daß mein Geist sich niederläßt im Lande des Nordens.",
          "words": []
        },
        {
          "id": 9,
          "number": 9,
          "text": "Und das Wort des HERRN erging an mich und sprach:",
          "words": []
        },
        {
          "id": 10,
          "number": 10,
          "text": "Nimm von denen, die in der Gefangenschaft gewesen sind, von Cheldai, von Tobia und Jedaja, und komme du am selbigen Tag und gehe in das Haus Josias, des Sohnes Zephanjas, mit denen, die von Babel gekommen sind;",
          "words": []
        },
        {
          "id": 11,
          "number": 11,
          "text": "und nimm Silber und Gold und mache Kronen daraus und setze sie Josua, dem Sohne Jozadaks, dem Hohenpriester, aufs Haupt.",
          "words": []
        },
        {
          "id": 12,
          "number": 12,
          "text": "Und du sollst also zu ihm sagen: So spricht der HERR der Heerscharen: Siehe, es ist ein Mann, dessen Name «Sproß» ist, denn er wird aus seinem Orte hervorsprossen und den Tempel des HERRN bauen.",
          "words": []
        },
        {
          "id": 13,
          "number": 13,
          "text": "Ja, er wird den Tempel des HERRN bauen und königlichen Schmuck tragen und wird auf seinem Thron sitzen und herrschen und wird Priester sein auf seinem Thron, ein Friedensbund wird zwischen ihnen beiden bestehen.",
          "words": []
        },
        {
          "id": 14,
          "number": 14,
          "text": "Die Kronen aber sollen für Chelem, Tobia, Jedaja und Chen, den Sohn Zephanjas, ein Gedächtnis sein im Tempel des HERRN.",
          "words": []
        },
        {
          "id": 15,
          "number": 15,
          "text": "Und man wird aus der Ferne kommen und bauen am Tempel des HERRN. Also werdet ihr erfahren, daß mich der HERR der Heerscharen zu euch gesandt hat; und das wird geschehen, wenn ihr der Stimme des HERRN, eures Gottes, gehorchen werdet.",
          "words": []
        }
      ]
    },
    {
      "id": 7,
      "verses": [
        {
          "id": 1,
          "number": 1,
          "text": "Es begab sich aber im vierten Jahre des Königs Darius, daß des HERRN Wort an Sacharja erging, am vierten Tage des neunten Monats, im Monat Kislev.",
          "words": []
        },
        {
          "id": 2,
          "number": 2,
          "text": "Damals sandte Bethel den Sarezer und Regem-Melech samt seinen Leuten, um das Angesicht des HERRN zu besänftigen,",
          "words": []
        },
        {
          "id": 3,
          "number": 3,
          "text": "indem sie die Priester am Hause des HERRN der Heerscharen und die Propheten fragten: Soll ich auch fernerhin im fünften Monat weinen und mich enthalten, wie ich es nun so viele Jahre getan habe?",
          "words": []
        },
        {
          "id": 4,
          "number": 4,
          "text": "Da erging das Wort des HERRN der Heerscharen an mich also:",
          "words": []
        },
        {
          "id": 5,
          "number": 5,
          "text": "Sage zu allem Volk des Landes und zu den Priestern: Wenn ihr in diesen siebzig Jahren jeweils im fünften und siebenten Monat gefastet und geklagt habt, habt ihr denn da für mich gefastet?",
          "words": []
        },
        {
          "id": 6,
          "number": 6,
          "text": "Und wenn ihr esset und wenn ihr trinket, esset und trinket ihr dann nicht für euch?",
          "words": []
        },
        {
          "id": 7,
          "number": 7,
          "text": "Sind nicht dies die Worte, welche der HERR durch die frühern Propheten verkündigen ließ, als Jerusalem noch bewohnt und in Frieden war samt den umliegenden Städten, und da auch der Süden und die Niederung noch bewohnt waren?",
          "words": []
        },
        {
          "id": 8,
          "number": 8,
          "text": "Und das Wort des HERRN erging an Sacharja also:",
          "words": []
        },
        {
          "id": 9,
          "number": 9,
          "text": "So spricht der HERR der Heerscharen: Übet treulich Recht und erweiset jeder seinem Bruder Gnade und Erbarmen;",
          "words": []
        },
        {
          "id": 10,
          "number": 10,
          "text": "bedrücket Witwen und Waisen nicht, auch nicht den Fremdling und den Armen, und denke keiner etwas Arges in seinem Herzen wider seinen Bruder!",
          "words": []
        },
        {
          "id": 11,
          "number": 11,
          "text": "Aber damals wollten sie nicht aufmerken, sondern waren halsstarrig und verstopften ihre Ohren, um nicht zu hören,",
          "words": []
        },
        {
          "id": 12,
          "number": 12,
          "text": "und sie machten ihre Herzen so hart wie Diamant und wollten das Gesetz nicht hören, noch die Worte, die der HERR der Heerscharen durch seinen Geist, durch die früheren Propheten gesandt hatte.",
          "words": []
        },
        {
          "id": 13,
          "number": 13,
          "text": "Darob ward der HERR der Heerscharen heftig erzürnt. Und wie sie nicht hatten hören wollen, als er rief, ebenso (spricht der HERR der Heerscharen) wollte auch ich nicht hören, als sie riefen;",
          "words": []
        },
        {
          "id": 14,
          "number": 14,
          "text": "sondern ich zerstreute sie unter alle Nationen, die ihnen unbekannt gewesen waren, und das Land ward hinter ihnen her verwüstet, daß niemand mehr darin verkehrte; und so haben sie das liebliche Land zu Wüste gemacht.",
          "words": []
        }
      ]
    },
    {
      "id": 8,
      "verses": [
        {
          "id": 1,
          "number": 1,
          "text": "Und das Wort des HERRN der Heerscharen erging also:",
          "words": []
        },
        {
          "id": 2,
          "number": 2,
          "text": "So spricht der HERR der Heerscharen: Ich eifere für Zion mit großem Eifer, und mit großem Grimm eifere ich für sie.",
          "words": []
        },
        {
          "id": 3,
          "number": 3,
          "text": "So spricht der HERR: Ich bin wieder nach Zion zurückgekehrt, und ich will Wohnung nehmen in Jerusalem, und Jerusalem soll «die Stadt der Wahrheit» heißen und der Berg des HERRN der Heerscharen «der heilige Berg».",
          "words": []
        },
        {
          "id": 4,
          "number": 4,
          "text": "So spricht der HERR der Heerscharen: Es sollen noch auf den Plätzen Jerusalems alte Männer und alte Frauen sitzen, ein jeder mit einem Stab in der Hand ob hohen Alters.",
          "words": []
        },
        {
          "id": 5,
          "number": 5,
          "text": "Und die Plätze der Stadt sollen voll Knaben und Mädchen werden, die auf ihren Plätzen spielen.",
          "words": []
        },
        {
          "id": 6,
          "number": 6,
          "text": "So spricht der HERR der Heerscharen: Wenn das in den Augen des Überrestes dieses Volkes wunderbar sein wird in jenen Tagen, sollte es auch in meinen Augen wunderbar sein? spricht der HERR der Heerscharen.",
          "words": []
        },
        {
          "id": 7,
          "number": 7,
          "text": "So spricht der HERR der Heerscharen: Siehe, ich rette mein Volk aus dem Lande des Aufgangs und aus dem Lande des Untergangs der Sonne;",
          "words": []
        },
        {
          "id": 8,
          "number": 8,
          "text": "und ich will sie hereinführen, daß sie mitten in Jerusalem wohnen sollen; und sie sollen mein Volk sein, und ich will ihr Gott sein in Wahrheit und Gerechtigkeit.",
          "words": []
        },
        {
          "id": 9,
          "number": 9,
          "text": "So spricht der HERR der Heerscharen: Stärket eure Hände, ihr, die ihr in diesen Tagen diese Worte aus dem Munde der Propheten hört (am Tage, da das Haus des HERRN der Heerscharen gegründet ward), daß der Tempel gebaut werde!",
          "words": []
        },
        {
          "id": 10,
          "number": 10,
          "text": "Denn vor diesem Tage lohnte sich die Arbeit der Menschen und des Viehes nicht; auch hatten die, welche aus und eingingen, keine Ruhe vor dem Feind, und ich ließ alle Leute gegeneinander los.",
          "words": []
        },
        {
          "id": 11,
          "number": 11,
          "text": "Nun aber will ich mich zum Überrest dieses Volkes nicht mehr stellen wie in den vorigen Tagen, spricht der HERR der Heerscharen;",
          "words": []
        },
        {
          "id": 12,
          "number": 12,
          "text": "sondern es soll eine Saat des Friedens geben: der Weinstock soll seine Frucht bringen und das Land seinen Ertrag abwerfen und der Himmel seinen Tau spenden, und dem Überrest dieses Volkes will ich solches alles zum Erbteil geben.",
          "words": []
        },
        {
          "id": 13,
          "number": 13,
          "text": "Und es soll geschehen, wie ihr ein Fluch gewesen seid unter den Nationen, o Haus Juda und Haus Israel, so will ich euch erretten, daß ihr ein Segen werden sollt; fürchtet euch nur nicht, sondern stärket eure Hände!",
          "words": []
        },
        {
          "id": 14,
          "number": 14,
          "text": "Denn also spricht der HERR der Heerscharen: Gleichwie ich gedachte, Unheil über euch zu bringen, als eure Väter mich erzürnten, spricht der HERR der Heerscharen, und mich's nicht gereuen ließ,",
          "words": []
        },
        {
          "id": 15,
          "number": 15,
          "text": "so habe ich mir jetzt in diesen Tagen vorgenommen, Jerusalem und dem Hause Juda Gutes zu tun; fürchtet euch nicht!",
          "words": []
        },
        {
          "id": 16,
          "number": 16,
          "text": "Das ist es aber, was ihr tun sollt: Redet untereinander die Wahrheit, übet treulich Recht und schaffet Frieden in euren Toren;",
          "words": []
        },
        {
          "id": 17,
          "number": 17,
          "text": "und keiner denke etwas Arges in seinem Herzen wider seinen Bruder; liebet auch nicht falsche Eide! Denn solches alles hasse ich, spricht der HERR.",
          "words": []
        },
        {
          "id": 18,
          "number": 18,
          "text": "Und das Wort des HERRN der Heerscharen erging an mich also:",
          "words": []
        },
        {
          "id": 19,
          "number": 19,
          "text": "So spricht der HERR der Heerscharen: Das Fasten im vierten und das Fasten im fünften und das Fasten im siebenten und das Fasten im zehnten Monat soll dem Hause Juda zur Freude und Wonne werden und zu angenehmen Festtagen. Liebet ihr nur die Wahrheit und den Frieden!",
          "words": []
        },
        {
          "id": 20,
          "number": 20,
          "text": "So spricht der HERR der Heerscharen: Es werden noch Völker und die Bewohner vieler Städte kommen;",
          "words": []
        },
        {
          "id": 21,
          "number": 21,
          "text": "und die Bewohner einer Stadt werden zu denen einer andern kommen und sagen: «Lasset uns gehen, den HERRN anzuflehen und den HERRN der Heerscharen zu suchen! Auch ich will gehen!»",
          "words": []
        },
        {
          "id": 22,
          "number": 22,
          "text": "Also werden große Völker und mächtige Nationen kommen, den HERRN der Heerscharen zu Jerusalem zu suchen und den HERRN anzuflehen.",
          "words": []
        },
        {
          "id": 23,
          "number": 23,
          "text": "So spricht der HERR der Heerscharen: In jenen Tagen wird's geschehen, daß zehn Männer aus allen Sprachen der Nationen einen Juden beim Rockzipfel festhalten und zu ihm sagen werden: «Wir wollen mit euch gehen, denn wir haben gehört, daß Gott mit euch ist!»",
          "words": []
        }
      ]
    },
    {
      "id": 9,
      "verses": [
        {
          "id": 1,
          "number": 1,
          "text": "Dies ist der Ausspruch, das Wort des HERRN über das Land Hadrach und Damaskus, dessen Residenz (denn der HERR hat ein Auge auf alle Menschen und auf alle Stämme Israels),",
          "words": []
        },
        {
          "id": 2,
          "number": 2,
          "text": "und auch über Hamat, das daran grenzt, Tyrus und Zidon; denn sie sind sehr weise;",
          "words": []
        },
        {
          "id": 3,
          "number": 3,
          "text": "denn Tyrus hat sich eine Festung erbaut und Silber angehäuft wie Staub und Gold wie Kot auf der Gasse.",
          "words": []
        },
        {
          "id": 4,
          "number": 4,
          "text": "Siehe, der Herr wird es erobern und wird seine Macht ins Meer werfen, und es selbst soll mit Feuer verzehrt werden.",
          "words": []
        },
        {
          "id": 5,
          "number": 5,
          "text": "Askalon wird es sehen und schaudern, und Gaza wird sehr erzittern, auch Ekron, weil seine Hoffnung zuschanden geworden ist; und der König von Gaza wird umkommen, und Askalon wird unbewohnt bleiben.",
          "words": []
        },
        {
          "id": 6,
          "number": 6,
          "text": "Und zu Asdod werden Mischlinge wohnen, und ich will den Stolz der Philister brechen",
          "words": []
        },
        {
          "id": 7,
          "number": 7,
          "text": "und will ihr Blut von ihrem Munde tun und ihre Greuel von ihren Zähnen, so daß auch sie unsrem Gott übrigbleiben und sein sollen wie ein Geschlecht in Juda, und Ekron wie die Jebusiter.",
          "words": []
        },
        {
          "id": 8,
          "number": 8,
          "text": "Und ich will mich um mein Haus her lagern zum Schutz vor dem Kriegsvolk und vor denen, die hin und herziehen, daß forthin kein Erpresser mehr über sie komme; denn jetzt habe ich es mit eigenen Augen angesehen.",
          "words": []
        },
        {
          "id": 9,
          "number": 9,
          "text": "Frohlocke sehr, du Tochter Zion, jauchze, du Tochter Jerusalem! Siehe, dein König kommt zu dir, ein Gerechter und ein Retter ist er, demütig und reitet auf einem Esel, auf dem Füllen der Eselin.",
          "words": []
        },
        {
          "id": 10,
          "number": 10,
          "text": "Und er wird die Kriegswagen aus Ephraim ausrotten und die Rosse von Jerusalem; und der Kriegsbogen soll zerbrochen werden; und er wird den Völkern Frieden gebieten; und seine Herrschaft wird reichen von einem Meer zum anderen und vom Strom bis an die Enden der Erde.",
          "words": []
        },
        {
          "id": 11,
          "number": 11,
          "text": "Und was dich betrifft, so habe ich um deines Bundesblutes willen deine Gefangenen entlassen aus der Grube, darin kein Wasser ist.",
          "words": []
        },
        {
          "id": 12,
          "number": 12,
          "text": "Kehret wieder zur Festung zurück, ihr, die ihr auf Hoffnung gefangen liegt! Auch heute verkündige ich, daß ich dir zwiefach vergelten will!",
          "words": []
        },
        {
          "id": 13,
          "number": 13,
          "text": "Denn ich habe mir Juda gespannt als Bogen und Ephraim als Pfeil darauf gelegt, und ich will deine Söhne, o Zion, erwecken wider deine Söhne, o Griechenland, und will dich machen wie eines Helden Schwert!",
          "words": []
        },
        {
          "id": 14,
          "number": 14,
          "text": "Und der HERR wird über ihnen erscheinen, und sein Pfeil wird ausfahren wie ein Blitz; und Gott, der HERR, wird in die Posaune blasen und einherfahren in den Stürmen des Südens.",
          "words": []
        },
        {
          "id": 15,
          "number": 15,
          "text": "Der HERR der Heerscharen wird sie beschirmen, daß sie essen und Schleudersteine zertreten, daß sie trinken und lärmen werden wie von Wein und voll werden wie das Sprengbecken, wie die Ecken am Altar.",
          "words": []
        },
        {
          "id": 16,
          "number": 16,
          "text": "Und der HERR, ihr Gott, wird an jenem Tage die Herde seines Volkes retten, daß sie wie Edelsteine am Diadem sein werden, funkelnd auf seinem Lande.",
          "words": []
        },
        {
          "id": 17,
          "number": 17,
          "text": "Denn wie vortrefflich und wie schön ist es! Korn gibt's, das Jünglinge, und Most, der Jungfrauen gedeihen läßt!",
          "words": []
        }
      ]
    },
    {
      "id": 10,
      "verses": [
        {
          "id": 1,
          "number": 1,
          "text": "Erbittet vom HERRN Regen zur Zeit des Spätregens! Der HERR macht Blitze und wird euch Regengüsse geben für jedes Gewächs auf dem Felde!",
          "words": []
        },
        {
          "id": 2,
          "number": 2,
          "text": "Denn die Hausgötter haben leere Versprechungen gemacht, und die Wahrsager haben trügerische Gesichte gesehen, und sie erzählen erlogene Träume und trösten vergeblich. Darum sind sie fortgelaufen wie Schafe, sie sind im Elend, weil kein Hirt da ist.",
          "words": []
        },
        {
          "id": 3,
          "number": 3,
          "text": "Mein Zorn ist entbrannt über die Hirten, und die Böcke werde ich strafen; denn der HERR der Heerscharen hat seine Herde, das Haus Juda, gemustert und hat sie hergerichtet wie sein Prachtroß im Streit.",
          "words": []
        },
        {
          "id": 4,
          "number": 4,
          "text": "Von ihm kommt der Eckstein, von ihm der Zeltpflock, von ihm der Kriegsbogen, von ihm alle Treiber insgesamt.",
          "words": []
        },
        {
          "id": 5,
          "number": 5,
          "text": "Und sie werden sein wie die Helden, welche den Straßenkot zertreten im Kriege, und sie werden kämpfen, weil der HERR mit ihnen ist, und werden die Reiter zuschanden machen.",
          "words": []
        },
        {
          "id": 6,
          "number": 6,
          "text": "Und ich will das Haus Juda stärken und das Haus Joseph erretten und will sie heimkehren lassen, weil ich Erbarmen mit ihnen habe; und sie sollen sein, als hätte ich sie niemals verworfen; denn ich, der HERR, bin ihr Gott und will sie erhören.",
          "words": []
        },
        {
          "id": 7,
          "number": 7,
          "text": "Und Ephraim soll sein wie ein Held, und ihr Herz soll frohlocken wie vom Wein. Ihre Kinder werden es sehen und fröhlich sein, ihr Herz wird sich freuen im HERRN.",
          "words": []
        },
        {
          "id": 8,
          "number": 8,
          "text": "Ich will ihnen pfeifen und sie sammeln; denn ich habe sie erlöst; und sie sollen so zahlreich werden, wie sie einstmals waren.",
          "words": []
        },
        {
          "id": 9,
          "number": 9,
          "text": "Ich werde sie zwar unter die Völker säen; aber in der Ferne werden sie meiner gedenken; und sie sollen leben mit ihren Kindern und wiederkehren.",
          "words": []
        },
        {
          "id": 10,
          "number": 10,
          "text": "Ich will sie aus Ägyptenland zurückführen und aus Assur sammeln und sie ins Land Gilead und auf den Libanon bringen; aber es wird nicht Raum genug gefunden werden für sie.",
          "words": []
        },
        {
          "id": 11,
          "number": 11,
          "text": "Und sie werden durch das Meer der Angst gehen; er aber wird die Wellen im Meere schlagen, daß alle Tiefen des Nil versiegen; und das stolze Assur wird gestürzt, und das Zepter Ägyptens muß weichen.",
          "words": []
        },
        {
          "id": 12,
          "number": 12,
          "text": "Und ich will sie stark machen in dem HERRN, und sie werden wandeln in seinem Namen, spricht der HERR.",
          "words": []
        }
      ]
    },
    {
      "id": 11,
      "verses": [
        {
          "id": 1,
          "number": 1,
          "text": "Libanon, öffne deine Türen, daß das Feuer deine Zedern fresse!",
          "words": []
        },
        {
          "id": 2,
          "number": 2,
          "text": "Heule, Zypresse, denn der Zedernbaum ist gefallen, denn die Herrlichen sind verwüstet! Heulet, ihr Eichen von Basan, denn der undurchdringliche Wald ist umgehauen:",
          "words": []
        },
        {
          "id": 3,
          "number": 3,
          "text": "Man hört die Hirten heulen, weil ihre Herrlichkeit verwüstet ist; man hört die Löwen brüllen, denn die Pracht des Jordan ist dahin.",
          "words": []
        },
        {
          "id": 4,
          "number": 4,
          "text": "Also sprach der HERR, mein Gott: Weide die Schlachtschafe!",
          "words": []
        },
        {
          "id": 5,
          "number": 5,
          "text": "Denn ihre Käufer schlachten sie und fühlen sich dabei unschuldig, und ihre Verkäufer sagen: «Gelobt sei der HERR; ich bin reich geworden!» Und ihre Hirten schonen ihrer nicht.",
          "words": []
        },
        {
          "id": 6,
          "number": 6,
          "text": "Darum will ich der Bewohner des Landes auch nicht mehr schonen, spricht der HERR, sondern siehe, ich will die Menschen übergeben, einen jeden in die Hand seines Hirten und in die Hand seines Königs; die werden das Land verheeren, und ich werde es nicht aus ihrer Hand erretten.",
          "words": []
        },
        {
          "id": 7,
          "number": 7,
          "text": "Da weidete ich die Schlachtschafe für die Schafhändler und nahm mir zwei Stäbe, den einen nannte ich «Huld», den andern «Verbindung».",
          "words": []
        },
        {
          "id": 8,
          "number": 8,
          "text": "Als ich nun die Schafe weidete und in einem Monat die drei Hirten vertilgte und meine Seele ihrer überdrüssig ward und auch sie einen Widerwillen gegen mich hatten,",
          "words": []
        },
        {
          "id": 9,
          "number": 9,
          "text": "da sprach ich: Ich mag euch nicht länger weiden! Was da stirbt, das sterbe; was vertilgt werden soll, das werde vertilgt, von den übrigen aber mag ein jedes des andern Fleisch fressen!",
          "words": []
        },
        {
          "id": 10,
          "number": 10,
          "text": "Und ich nahm meinen Stab «Huld» und zerbrach ihn, um meinen Bund zu brechen, den ich mit allen Völkern gemacht hatte.",
          "words": []
        },
        {
          "id": 11,
          "number": 11,
          "text": "Als er nun an jenem Tage gebrochen ward, da erkannten die Schafhändler, die mich beobachteten, daß es des HERRN Wort war.",
          "words": []
        },
        {
          "id": 12,
          "number": 12,
          "text": "Da sprach ich zu ihnen: Wenn es euch gefällig ist, so gebt mir meinen Lohn; wo aber nicht, so laßt es bleiben! Da wogen sie mir meinen Lohn dar, dreißig Silberlinge.",
          "words": []
        },
        {
          "id": 13,
          "number": 13,
          "text": "Aber der HERR sprach zu mir: Wirf ihn dem Töpfer hin, den herrlichen Preis, dessen ich von ihnen wert geachtet worden bin! Da nahm ich die dreißig Silberlinge und warf sie ins Haus des HERRN für den Töpfer.",
          "words": []
        },
        {
          "id": 14,
          "number": 14,
          "text": "Darauf zerbrach ich auch meinen zweiten Stab «Verbindung», um die Brüderschaft aufzulösen zwischen Juda und dem Hause Israel.",
          "words": []
        },
        {
          "id": 15,
          "number": 15,
          "text": "Da sprach der HERR zu mir: Nimm dir wiederum Geräte eines nichtsnutzigen Hirten!",
          "words": []
        },
        {
          "id": 16,
          "number": 16,
          "text": "Denn siehe, ich lasse einen Hirten im Lande aufkommen, der das Vermißte nicht suchen, das Zerstreute nicht sammeln, das Verwundete nicht heilen, das Gesunde nicht versorgen, sondern das Gemästete fressen und ihm die Klauen zerreißen wird.",
          "words": []
        },
        {
          "id": 17,
          "number": 17,
          "text": "Wehe dem nichtsnutzigen Hirten, der die Herde verläßt! Ein Schwert komme über seinen Arm und über sein rechtes Auge! Sein Arm müsse gänzlich verdorren und sein rechtes Auge völlig erlöschen!",
          "words": []
        }
      ]
    },
    {
      "id": 12,
      "verses": [
        {
          "id": 1,
          "number": 1,
          "text": "Dies ist der Ausspruch, das Wort des HERRN über Israel: Es spricht der HERR, der den Himmel ausspannt und die Erde gründet und den Geist des Menschen in seinem Innern bildet:",
          "words": []
        },
        {
          "id": 2,
          "number": 2,
          "text": "Siehe, ich mache Jerusalem zum Taumelkelch für alle Völker ringsum, und auch gegen Juda wird es gehen bei der Belagerung Jerusalems.",
          "words": []
        },
        {
          "id": 3,
          "number": 3,
          "text": "Und es soll geschehen an jenem Tage, daß ich Jerusalem zum Laststein für alle Völker machen werde; alle, die ihn heben wollen, werden sich daran wund reißen; und alle Nationen der Erde werden sich gegen sie versammeln.",
          "words": []
        },
        {
          "id": 4,
          "number": 4,
          "text": "An jenem Tage, spricht der HERR, will ich alle Rosse mit Scheu und ihre Reiter mit Wahnsinn schlagen; aber über das Haus Juda will ich meine Augen offen halten, und alle Rosse der Völker will ich mit Blindheit schlagen.",
          "words": []
        },
        {
          "id": 5,
          "number": 5,
          "text": "Und die Fürsten Judas werden in ihren Herzen sagen: Meine Stärke sind die Bewohner Jerusalems, durch den HERRN der Heerscharen, ihren Gott!",
          "words": []
        },
        {
          "id": 6,
          "number": 6,
          "text": "An jenem Tage will ich die Fürsten Judas machen gleich einem glühenden Ofen zwischen Holzstößen und gleich einer brennenden Fackel in einem Garbenhaufen, daß sie zur Rechten und zur Linken alle Völker ringsum verzehren; Jerusalem aber soll wieder bewohnt werden an seinem alten Platz.",
          "words": []
        },
        {
          "id": 7,
          "number": 7,
          "text": "Und der HERR wird zuerst die Hütten Judas erretten, damit sich der Stolz des Hauses David und der Stolz der Bewohner Jerusalems nicht gegen Juda erhebe.",
          "words": []
        },
        {
          "id": 8,
          "number": 8,
          "text": "An jenem Tage wird der HERR die Einwohner Jerusalems beschirmen, so daß an jenem Tage der Schwächste unter ihnen sein wird wie David, und das Haus David wie Gott, wie der Engel des HERRN vor ihnen her.",
          "words": []
        },
        {
          "id": 9,
          "number": 9,
          "text": "Und es soll geschehen, an jenem Tage, daß ich trachten werde, alle Nationen zu vertilgen, die gegen Jerusalem kommen.",
          "words": []
        },
        {
          "id": 10,
          "number": 10,
          "text": "Aber über das Haus David und über die Einwohner von Jerusalem will ich ausgießen den Geist der Gnade und des Gebets, und sie werden auf mich sehen, den sie durchstochen haben, und sie werden um ihn klagen, wie man klagt um ein einziges Kind, und sie werden bitterlich über ihn weinen, wie man bitterlich weint über einen Erstgeborenen.",
          "words": []
        },
        {
          "id": 11,
          "number": 11,
          "text": "An jenem Tage wird große Klage sein zu Jerusalem, wie die Klage zu Hadadrimmon war in der Ebene Megiddo.",
          "words": []
        },
        {
          "id": 12,
          "number": 12,
          "text": "Das Land wird klagen, jedes Geschlecht besonders; das Geschlecht des Hauses David besonders und ihre Frauen besonders, das Geschlecht des Hauses Natan besonders und ihre Frauen besonders;",
          "words": []
        },
        {
          "id": 13,
          "number": 13,
          "text": "das Geschlecht des Hauses Levi besonders und ihre Frauen besonders, das Geschlecht des Hauses Simei besonders und ihre Frauen besonders;",
          "words": []
        },
        {
          "id": 14,
          "number": 14,
          "text": "desgleichen alle übrigen Geschlechter, ein jegliches Geschlecht besonders und ihre Frauen besonders.",
          "words": []
        }
      ]
    },
    {
      "id": 13,
      "verses": [
        {
          "id": 1,
          "number": 1,
          "text": "An jenem Tage wird dem Hause David und den Einwohnern von Jerusalem ein Born eröffnet sein wider Sünde und Unreinigkeit.",
          "words": []
        },
        {
          "id": 2,
          "number": 2,
          "text": "Und es soll geschehen, an jenem Tage, spricht der HERR der Heerscharen, da will ich die Namen der Götzen aus dem Lande ausrotten, daß man ihrer nicht mehr gedenken soll, auch die Propheten und den unreinen Geist will ich aus dem Lande treiben.",
          "words": []
        },
        {
          "id": 3,
          "number": 3,
          "text": "Und es wird vorkommen, daß, wenn einer noch weissagen wird, sein Vater und seine Mutter, seine eigenen Eltern, zu ihm sagen werden: «Du sollst nicht am Leben bleiben; denn du hast Lügen geredet im Namen des HERRN!» Und sein Vater und seine Mutter, seine eigenen Eltern, werden ihn durchbohren wegen seines Weissagens.",
          "words": []
        },
        {
          "id": 4,
          "number": 4,
          "text": "Und es wird an jenem Tage dazu kommen, daß sich die Propheten alle schämen werden ihrer Gesichte, wenn sie weissagen, so daß sie keinen härenen Mantel mehr anziehen werden, um zu täuschen;",
          "words": []
        },
        {
          "id": 5,
          "number": 5,
          "text": "sondern sie werden sagen: «Ich bin kein Prophet, ich bin ein Erdarbeiter; denn ein Mensch hat mich erkauft von meiner Jugend an!»",
          "words": []
        },
        {
          "id": 6,
          "number": 6,
          "text": "Wird man ihn aber fragen: «Was sind das für Wunden in deinen Händen?» so wird er antworten: «Die hat man mir geschlagen im Hause meiner Lieben!»",
          "words": []
        },
        {
          "id": 7,
          "number": 7,
          "text": "Schwert, mache dich auf über meinen Hirten, über den Mann, der mein Nächster ist, spricht der HERR der Heerscharen; schlage den Hirten, so werden die Schafe sich zerstreuen, und ich will meine Hand zu den Kleinen wenden!",
          "words": []
        },
        {
          "id": 8,
          "number": 8,
          "text": "Und es soll geschehen, spricht der HERR, daß im ganzen Lande zwei Drittel ausgerottet werden und umkommen, ein Drittel aber soll darin übrigbleiben.",
          "words": []
        },
        {
          "id": 9,
          "number": 9,
          "text": "Aber dieses letzte Drittel will ich ins Feuer bringen und es läutern, wie man Silber läutert, und will es prüfen, wie man Gold prüft. Es wird meinen Namen anrufen, und ich will ihm antworten; ich will sagen: «Das ist mein Volk!» und es wird sagen: «Der HERR ist mein Gott!»",
          "words": []
        }
      ]
    },
    {
      "id": 14,
      "verses": [
        {
          "id": 1,
          "number": 1,
          "text": "Siehe, es kommt ein Tag des HERRN, da man deine Beute in deiner Mitte verteilen wird!",
          "words": []
        },
        {
          "id": 2,
          "number": 2,
          "text": "Da werde ich alle Nationen bei Jerusalem zum Kriege versammeln; und die Stadt wird erobert, die Häuser werden geplündert und die Frauen geschändet werden; und die Hälfte der Stadt muß in die Gefangenschaft wandern, der Rest aber soll nicht aus der Stadt ausgerottet werden.",
          "words": []
        },
        {
          "id": 3,
          "number": 3,
          "text": "Aber der HERR wird ausziehen und streiten wieder jene Nationen, wie dereinst am Tage seines Kampfes, am Tage der Schlacht.",
          "words": []
        },
        {
          "id": 4,
          "number": 4,
          "text": "Und seine Füße werden an jenem Tage auf dem Ölberg stehen, der vor Jerusalem gegen Morgen liegt; da wird sich der Ölberg in der Mitte spalten, daß es von Sonnenaufgang nach dem Meere hin ein sehr großes Tal geben und die eine Hälfte des Berges nach Norden, die andere nach Süden zurückweichen wird.",
          "words": []
        },
        {
          "id": 5,
          "number": 5,
          "text": "Da werdet ihr in das Tal meiner Berge fliehen; denn das Tal zwischen den Bergen wird bis nach Azel reichen; und ihr werdet fliehen, wie ihr geflohen seid vor dem Erdbeben in den Tagen Ussias, des Königs von Juda. Dann wird der HERR, mein Gott, kommen und alle Heiligen mit dir!",
          "words": []
        },
        {
          "id": 6,
          "number": 6,
          "text": "An jenem Tage wird kein Licht sein; die glänzenden Gestirne werden gerinnen.",
          "words": []
        },
        {
          "id": 7,
          "number": 7,
          "text": "Und es wird ein einziger Tag sein (er ist dem HERRN bekannt), weder Tag noch Nacht; und es wird geschehen: zur Abendzeit wird es licht werden.",
          "words": []
        },
        {
          "id": 8,
          "number": 8,
          "text": "An jenem Tage werden lebendige Wasser von Jerusalem ausfließen, die eine Hälfte in das östliche, die andere in das westliche Meer; Sommer und Winter wird es so bleiben.",
          "words": []
        },
        {
          "id": 9,
          "number": 9,
          "text": "Und der HERR wird über die ganze Erde König werden. An jenem Tage wird nur ein HERR sein und sein Name nur einer.",
          "words": []
        },
        {
          "id": 10,
          "number": 10,
          "text": "Das ganze Land von Geba bis Rimmon, südlich von Jerusalem, wird in eine Ebene verwandelt werden. Jerusalem aber wird erhöht sein und an seiner Stätte bewohnt werden, vom Tore Benjamin bis an die Stelle des ersten Tors, bis an das Ecktor, und vom Turm Hananeel bis zu den Keltern des Königs.",
          "words": []
        },
        {
          "id": 11,
          "number": 11,
          "text": "Und sie werden darin wohnen; und es wird kein Bannfluch mehr sein, und Jerusalem wird sicher wohnen.",
          "words": []
        },
        {
          "id": 12,
          "number": 12,
          "text": "Das aber wird die Plage sein, mit welcher der HERR alle Völker schlagen wird, die wider Jerusalem zu Felde gezogen sind: ihr Fleisch wird verfaulen, während sie noch auf ihren Füßen stehen; ihre Augen werden verfaulen in ihren Höhlen, und ihre Zunge wird verfaulen in ihrem Munde.",
          "words": []
        },
        {
          "id": 13,
          "number": 13,
          "text": "Auch wird an jenem Tage eine große Verwirrung vom HERRN über sie kommen, daß einer des andern Hand packen und einer gegen den andern die Hand erheben wird.",
          "words": []
        },
        {
          "id": 14,
          "number": 14,
          "text": "Aber auch Juda wird kämpfen bei Jerusalem, und es wird der Reichtum aller Heiden ringsum zusammengerafft werden, Gold und Silber und Kleider in großer Menge.",
          "words": []
        },
        {
          "id": 15,
          "number": 15,
          "text": "Die gleiche Plage wird auch den Rossen, Maultieren, Kamelen und Eseln, ja, allem Vieh widerfahren, das in jenen Lagern sein wird.",
          "words": []
        },
        {
          "id": 16,
          "number": 16,
          "text": "Und es wird dazu kommen, daß alle Übriggebliebenen von all den Nationen, die gegen Jerusalem gezogen sind, Jahr für Jahr heraufkommen werden, um den König, den HERRN der Heerscharen, anzubeten und das Laubhüttenfest zu feiern.",
          "words": []
        },
        {
          "id": 17,
          "number": 17,
          "text": "Welche aber von den Geschlechtern der Erde nicht nach Jerusalem hinaufziehen werden, um anzubeten den König, den HERRN der Heerscharen, über die wird kein Regen fallen.",
          "words": []
        },
        {
          "id": 18,
          "number": 18,
          "text": "Und wenn das Geschlecht der Ägypter nicht heraufkommen will, dann wird auch über sie die Plage kommen, mit welcher der HERR die Heiden schlagen wird, die nicht heraufkommen wollen, das Laubhüttenfest zu feiern.",
          "words": []
        },
        {
          "id": 19,
          "number": 19,
          "text": "Das wird die Strafe der Ägypter und die Strafe aller Heiden sein, welche nicht hinaufziehen wollen, das Laubhüttenfest zu feiern.",
          "words": []
        },
        {
          "id": 20,
          "number": 20,
          "text": "An jenem Tage wird auf den Schellen der Rosse stehen: «Heilig dem HERRN»; und die Töpfe im Hause des HERRN werden sein wie die Sprengbecken vor dem Altar.",
          "words": []
        },
        {
          "id": 21,
          "number": 21,
          "text": "Es wird auch jeder Topf in Jerusalem und in Juda dem HERRN der Heerscharen heilig sein, so daß alle, die da opfern wollen, kommen werden und davon nehmen und darin kochen. An jenem Tage wird kein Kanaaniter mehr im Hause des HERRN der Heerscharen sein.",
          "words": []
        }
      ]
    }
  ]
}