{
  "id": 36,
  "name": "Zephaniah",
  "chapters": [
    {
      "id": 1,
      "verses": [
        {
          "id": 1,
          "number": 1,
          "text": "Das Wort des HERRN, welches an Zephanja, den Sohn Kuschis, des Sohnes Gedaljas, des Sohnes Amarjas, des Sohnes Hiskias, erging, in den Tagen Josias, des Sohnes Amons, des Königs von Juda:",
          "words": []
        },
        {
          "id": 2,
          "number": 2,
          "text": "Ich will alles vom Erdboden wegraffen, spricht der HERR.",
          "words": []
        },
        {
          "id": 3,
          "number": 3,
          "text": "Ich will wegraffen Menschen und Vieh, die Vögel des Himmels und die Fische im Meer und die Ärgernisse mitsamt den Gottlosen, und will den Menschen vom Erdboden vertilgen, spricht der HERR.",
          "words": []
        },
        {
          "id": 4,
          "number": 4,
          "text": "Und ich will meine Hand ausstrecken wider Juda und wider alle Bewohner von Jerusalem und will von diesem Orte ausrotten den Überrest des Baalsdienstes, den Namen der Götzendiener samt den Priestern;",
          "words": []
        },
        {
          "id": 5,
          "number": 5,
          "text": "auch die, welche auf den Dächern das Heer des Himmels anbeten, samt denen, welche den HERRN anbeten und bei ihm schwören, zugleich aber auch bei Malkom schwören;",
          "words": []
        },
        {
          "id": 6,
          "number": 6,
          "text": "und die, welche abweichen von der Nachfolge des HERRN und weder den HERRN suchen, noch nach ihm fragen.",
          "words": []
        },
        {
          "id": 7,
          "number": 7,
          "text": "Seid stille vor dem Angesicht Gottes, des HERRN! Denn nahe ist der Tag des HERRN; denn der HERR hat ein Schlachtopfer zugerichtet, er hat seine Geladenen geheiligt.",
          "words": []
        },
        {
          "id": 8,
          "number": 8,
          "text": "Und es wird geschehen am Tage des Schlachtopfers des HERRN, daß ich strafen werde die Fürsten und des Königs Söhne und alle, die sich in ausländische Gewänder hüllen;",
          "words": []
        },
        {
          "id": 9,
          "number": 9,
          "text": "auch werde ich an jenem Tage alle diejenigen strafen, welche über die Schwelle hüpfen, die das Haus ihres Herrn mit gewalttätig und betrügerisch erworbenem Gute füllen.",
          "words": []
        },
        {
          "id": 10,
          "number": 10,
          "text": "An jenem Tage, spricht der HERR, wird ein Geschrei vom Fischtor her erschallen und ein Geheul vom andern Stadtteil her und ein großes Krachen von den Hügeln her.",
          "words": []
        },
        {
          "id": 11,
          "number": 11,
          "text": "Heulet, die ihr im Mühlental wohnet! Denn das ganze Krämervolk ist vernichtet, alle Geldabwäger werden ausgerottet.",
          "words": []
        },
        {
          "id": 12,
          "number": 12,
          "text": "Und es wird geschehen, daß ich zu jener Zeit Jerusalem mit Laternen durchsuchen und darin alle die Leute heimsuchen werde, die auf ihren Hefen erstarrt sind, indem sie in ihrem Herzen sagen: «Der HERR wird weder Gutes noch Böses tun!»",
          "words": []
        },
        {
          "id": 13,
          "number": 13,
          "text": "Ihr Vermögen soll der Plünderung und ihre Häuser der Verwüstung anheimfallen; sie werden Häuser bauen und nicht darin wohnen, Weinberge pflanzen und keinen Wein davon trinken.",
          "words": []
        },
        {
          "id": 14,
          "number": 14,
          "text": "Nahe ist der große Tag des HERRN; nahe ist er und eilend kommt er herbei! Die Stimme des Tages des HERRN! Bitter schreit auf auch der Held.",
          "words": []
        },
        {
          "id": 15,
          "number": 15,
          "text": "Ein Tag des Zorns ist dieser Tag, ein Tag der Angst und der Bedrängnis, ein Tag des Ruins und der Zerstörung, ein Tag der Finsternis und des Dunkels, ein bewölkter und finsterer Tag,",
          "words": []
        },
        {
          "id": 16,
          "number": 16,
          "text": "ein Tag des Posaunen und Trompetenklangs wider die festen Städte und die hohen Zinnen.",
          "words": []
        },
        {
          "id": 17,
          "number": 17,
          "text": "Da will ich die Menschen ängstigen, daß sie herumtappen wie die Blinden; denn am HERRN haben sie sich versündigt; darum soll ihr Blut hingeschüttet werden wie Staub und ihr Fleisch wie Mist!",
          "words": []
        },
        {
          "id": 18,
          "number": 18,
          "text": "Weder ihr Silber noch ihr Gold wird sie zu retten vermögen am Tage des Zornes des HERRN, sondern durch das Feuer seines Eifers soll die ganze Erde verzehrt werden; denn einen plötzlichen Untergang wird er allen Bewohnern der Erde bereiten.",
          "words": []
        }
      ]
    },
    {
      "id": 2,
      "verses": [
        {
          "id": 1,
          "number": 1,
          "text": "Tut euch zusammen, sammelt euch, Volk ohne Scham,",
          "words": []
        },
        {
          "id": 2,
          "number": 2,
          "text": "ehe der Ratschluß sich erfüllt (wie Spreu geht der Tag vorüber!), ehe der grimmige Zorn des HERRN über euch kommt, ehe der Tag des Zornes des HERRN euch ereilt!",
          "words": []
        },
        {
          "id": 3,
          "number": 3,
          "text": "Suchet den HERRN, alle ihr Demütigen im Lande, die ihr sein Recht übet! Suchet Gerechtigkeit, befleißiget euch der Demut; vielleicht werdet ihr Bergung finden am Tage des Zornes des HERRN!",
          "words": []
        },
        {
          "id": 4,
          "number": 4,
          "text": "Denn Gaza wird verlassen und Askalon verödet werden, Asdod soll am hellen Mittag fortgetrieben und Ekron ausgerottet werden.",
          "words": []
        },
        {
          "id": 5,
          "number": 5,
          "text": "Wehe den Bewohnern der Meeresküste, dem Kretervolk! Das Wort des HERRN ergeht wider dich, Kanaan, du Philisterland: Ich will dich also zu Grunde richten, daß niemand mehr da wohnen soll!",
          "words": []
        },
        {
          "id": 6,
          "number": 6,
          "text": "Und es soll der Landstrich am Meere zu Hirtenwohnungen und Schafhürden werden;",
          "words": []
        },
        {
          "id": 7,
          "number": 7,
          "text": "und dieser Landstrich soll den Übriggebliebenen vom Hause Juda als Erbteil zufallen, daß sie darauf weiden und sich des Abends in den Häusern von Askalon lagern sollen, denn der HERR, ihr Gott, wird sie heimsuchen und ihr Gefängnis wenden.",
          "words": []
        },
        {
          "id": 8,
          "number": 8,
          "text": "Ich habe die Beschimpfung Moabs gehört und die Lästerungen der Kinder Ammon, womit sie mein Volk geschmäht und sich wider ihr Gebiet gerühmt haben.",
          "words": []
        },
        {
          "id": 9,
          "number": 9,
          "text": "Darum, so wahr ich lebe, spricht der HERR der Heerscharen, der Gott Israels, soll Moab wie Sodom und die Kinder Ammon wie Gomorra werden, nämlich ein Besitz der Nesseln und eine Salzgrube und eine ewige Wüstenei; die Übriggebliebenen meines Volkes sollen sie berauben und der Rest meiner Nation sie beerben.",
          "words": []
        },
        {
          "id": 10,
          "number": 10,
          "text": "Solches soll ihnen widerfahren für ihren Stolz, daß sie gelästert und wider das Volk des HERRN der Heerscharen großgetan haben.",
          "words": []
        },
        {
          "id": 11,
          "number": 11,
          "text": "Furchtbar wird der HERR über ihnen sein; denn er wird allen Göttern auf Erden ein Ende machen, und es werden ihn anbeten alle Inseln der Heiden, jedermann von seinem Orte aus;",
          "words": []
        },
        {
          "id": 12,
          "number": 12,
          "text": "auch ihr Kuschiten, die mein Schwert verwundet hat.",
          "words": []
        },
        {
          "id": 13,
          "number": 13,
          "text": "Er wird auch seine Hand nach Norden ausstrecken und wird Assur vernichten und Ninive zur Wüste machen, dürr wie eine Steppe;",
          "words": []
        },
        {
          "id": 14,
          "number": 14,
          "text": "daß sich mitten darin Herden lagern werden, Tiere aller Art; Pelikan und Rohrdommel werden auf ihren Säulenknäufen übernachten, Vogel- geschrei wird in den Fenstern ertönen, auf der Schwelle wird ein Schutthaufen liegen, da das Zedernwerk bloßgelegt ist.",
          "words": []
        },
        {
          "id": 15,
          "number": 15,
          "text": "Das ist die lustige Stadt, die so sicher wohnte, die in ihrem Herzen sprach: «Ich und keine sonst!» Wie ist sie zur Wildnis geworden, zum Lagerplatz der Tiere! Wer vorübergeht, zischt über sie und schwenkt seine Hand.",
          "words": []
        }
      ]
    },
    {
      "id": 3,
      "verses": [
        {
          "id": 1,
          "number": 1,
          "text": "Wehe der widerspenstigen und befleckten, der grausamen Stadt!",
          "words": []
        },
        {
          "id": 2,
          "number": 2,
          "text": "Sie hat der Warnung nicht gehorcht, die Züchtigung nicht angenommen, nicht auf den HERRN vertraut, sich nicht zu ihrem Gott genaht!",
          "words": []
        },
        {
          "id": 3,
          "number": 3,
          "text": "Ihre Fürsten in ihrer Mitte sind brüllende Löwen, ihre Richter Wölfe am Abend, die nichts übriglassen für den Morgen.",
          "words": []
        },
        {
          "id": 4,
          "number": 4,
          "text": "Ihre Propheten sind leichtfertige, unzuverlässige Menschen; ihre Priester entweihen das Heiligtum, mißbrauchen das Gesetz.",
          "words": []
        },
        {
          "id": 5,
          "number": 5,
          "text": "Der HERR ist gerecht in ihrer Mitte; er tut kein Unrecht, jeden Morgen stellt er sein Recht ins Licht, unfehlbar; aber der Verkehrte weiß nichts von Scham!",
          "words": []
        },
        {
          "id": 6,
          "number": 6,
          "text": "Ich habe Nationen ausgerottet, ihre Zinnen zerstört, ihre Straßen öde gemacht, daß niemand mehr darauf vorübergeht; ihre Städte wurden gänzlich entvölkert, bis auf den letzten Mann, daß niemand mehr darin wohnt.",
          "words": []
        },
        {
          "id": 7,
          "number": 7,
          "text": "Ich sprach: «Fürchte doch nur mich, ja, mich; nimm Züchtigung an!» so soll ihre Wohnung nicht vertilgt werden, so sehr ich sie auch heimgesucht habe; aber sie haben trotzdem beharrlich alles Böse getan.",
          "words": []
        },
        {
          "id": 8,
          "number": 8,
          "text": "Darum wartet nur, spricht der HERR bis zu dem Tag, da ich als Zeuge auftrete; denn mein Ratschluß ist es, Nationen zu versammeln, Königreiche zusammenzubringen, um über sie meinen Grimm auszugießen, die ganze Glut meines Zorns; denn durch das Feuer meines Eifers soll die ganze Erde verzehrt werden.",
          "words": []
        },
        {
          "id": 9,
          "number": 9,
          "text": "Denn alsdann will ich den Völkern die Sprache ändern, daß sie rein werde, daß sie alle des HERRN Namen anrufen und ihm einträchtig dienen.",
          "words": []
        },
        {
          "id": 10,
          "number": 10,
          "text": "Von jenseits der Ströme Äthiopiens werden meine Anbeter, die Tochter meiner Zerstreuten, mir Speisopfer bringen.",
          "words": []
        },
        {
          "id": 11,
          "number": 11,
          "text": "An jenem Tage brauchst du dich nicht mehr zu schämen wegen aller deiner Taten, mit welchen du dich wider mich vergangen hast; denn alsdann will ich die stolzen Prahler aus deiner Mitte tun, und du wirst dich forthin nicht mehr überheben auf meinem heiligen Berge.",
          "words": []
        },
        {
          "id": 12,
          "number": 12,
          "text": "Und ich will in dir übriglassen ein demütiges und geringes Volk, das auf des HERRN Namen vertrauen wird.",
          "words": []
        },
        {
          "id": 13,
          "number": 13,
          "text": "Die Übriggebliebenen von Israel werden kein Unrecht tun und keine Lüge reden; man wird auch in ihrem Munde keine trügerische Zunge finden; ja, sie werden weiden und ruhen, ohne daß sie jemand schreckt.",
          "words": []
        },
        {
          "id": 14,
          "number": 14,
          "text": "Jauchze, du Tochter Zion, juble, Israel! Freue dich und sei fröhlich von ganzem Herzen, du Tochter Jerusalem!",
          "words": []
        },
        {
          "id": 15,
          "number": 15,
          "text": "Denn der HERR hat die Gerichte von dir abgewendet, er hat deinen Feind weggeräumt! Der HERR, der König Israels, ist in deiner Mitte; du brauchst kein Übel mehr zu fürchten!",
          "words": []
        },
        {
          "id": 16,
          "number": 16,
          "text": "In jenen Tagen wird man zu Jerusalem sagen: Fürchte dich nicht! Zion, laß deine Hände nicht sinken!",
          "words": []
        },
        {
          "id": 17,
          "number": 17,
          "text": "Der HERR, dein Gott, ist in deiner Mitte, ein Held, der helfen kann; er wird sich über dich freuen mit Wonne, er wird schweigen in seiner Liebe, er wird über dir jubelnd frohlocken.",
          "words": []
        },
        {
          "id": 18,
          "number": 18,
          "text": "Die Bekümmerten, die der Versammlungen entbehren mußten, will ich sammeln; sie waren von dir, aber eine Last auf dir, ein Vorwurf.",
          "words": []
        },
        {
          "id": 19,
          "number": 19,
          "text": "Siehe, ich will zu jener Zeit alle deine Peiniger unterdrücken und will dem Hinkenden helfen und das Verstoßene sammeln und will sie zu Lob und Ehren machen in allen Ländern, wo sie jetzt verachtet sind.",
          "words": []
        },
        {
          "id": 20,
          "number": 20,
          "text": "Zu jener Zeit will ich euch hereinbringen, zur Zeit, da ich euch sammeln werde; denn ich will euch zu Lob und Ehren machen unter allen Völkern der Erde, wenn ich euer Gefängnis vor euren Augen wenden werde, spricht der HERR.",
          "words": []
        }
      ]
    }
  ]
}